Country,Continent,Capital City,Abbreviation,Fact 1,Fact 1 Source,Fact 2,Fact 2 Source,Fact 3,Fact 3 Source,Fact 4,Fact 4 Source,Fact 5,Fact 5 Source,Fact 6,Fact 6 Source,Fact 7,Fact 7 Source,Fact 8,Fact 8 Source,Fact 9,Fact 9 Source,Fact 10,Fact 10 Source
Afghanistan,Asia,Kabul,AFG,The world's first oil paintings were not made in Renaissance Europe but in the caves of Bamiyan around the 7th century AD.,https://en.wikipedia.org/wiki/Bamyan_caves,"The national sport is buzkashi, a game played on horseback where players try to place a goat or calf carcass in a goal.",https://en.wikipedia.org/wiki/Buzkashi,"The Wakhan Corridor is a narrow strip of land that connects the country to China, and it was historically part of the Silk Road.",https://en.wikipedia.org/wiki/Wakhan_Corridor,"The Minaret of Jam, a UNESCO World Heritage Site, is one of the few surviving monuments from the Ghurid Empire and stands at 65 meters tall.",https://en.wikipedia.org/wiki/Minaret_of_Jam,"The country is home to the world's largest Buddhas, the Buddhas of Bamiyan, which were destroyed in 2001 but remain a symbol of cultural heritage.",https://en.wikipedia.org/wiki/Buddhas_of_Bamiyan,"The Khyber Pass, a historically significant trade route, has been a strategic military location for centuries.",https://en.wikipedia.org/wiki/Khyber_Pass,"The country has a unique breed of dog known as the Afghan Hound, known for its distinctive appearance and long, flowing coat.",https://en.wikipedia.org/wiki/Afghan_Hound,"The Rubab, a traditional musical instrument, is often considered the national instrument and is known for its deep, melodious sound.",https://en.wikipedia.org/wiki/Rubab_(instrument),"The country has a rich tradition of poetry, with poets like Rumi and Khushal Khan Khattak being celebrated figures.",https://en.wikipedia.org/wiki/Afghan_poetry,"The Pamir Mountains, also known as the 'Roof of the World,' are located in the northeastern part of the country and are known for their stunning landscapes.",https://en.wikipedia.org/wiki/Pamir_Mountains
Albania,Europe,Tirana,ALB,"The country is home to the Albanian Riviera, which is known for its stunning beaches and vibrant nightlife.",https://en.wikipedia.org/wiki/Albanian_Riviera,"The country has a unique tradition of sworn virgins, where women take a vow of chastity and live as men to gain social privileges.",https://en.wikipedia.org/wiki/Sworn_virgins,The country is one of the few places in Europe where you can find wild bears and wolves.,https://en.wikipedia.org/wiki/Wildlife_of_Albania,"The country has a rich tradition of polyphonic singing, which is recognized by UNESCO as an intangible cultural heritage.",https://en.wikipedia.org/wiki/Albanian_iso-polyphony,"The country is home to the ancient city of Butrint, a UNESCO World Heritage Site with ruins dating back to Greek and Roman times.",https://en.wikipedia.org/wiki/Butrint,"The country has a unique bunkers landscape, with over 173,000 bunkers built during the communist era.",https://en.wikipedia.org/wiki/Bunkers_in_Albania,"The country has a tradition of hospitality known as 'Besa,' which is a code of honor that emphasizes trust and respect.",https://en.wikipedia.org/wiki/Besa_(honour),The country is one of the few places where the endangered Balkan lynx can be found.,https://en.wikipedia.org/wiki/Balkan_lynx,"The country has a unique form of folk dance called 'Valle,' which is characterized by its lively and energetic movements.",https://en.wikipedia.org/wiki/Albanian_folk_dances,"The country is home to the Lake of Shkodër, the largest lake in Southern Europe.",https://en.wikipedia.org/wiki/Lake_Shkodra
Algeria,Africa,Algiers,DZA,The Sahara Desert covers more than 80% of the country's land area.,https://en.wikipedia.org/wiki/Algeria#Geography,"The national animal is the fennec fox, a small nocturnal fox with large ears.",https://en.wikipedia.org/wiki/Algeria#Symbols,"It is home to the Tassili n'Ajjer, a UNESCO World Heritage site known for its prehistoric rock art.",https://en.wikipedia.org/wiki/Tassili_n%27Ajjer,The country has one of the largest natural gas reserves in the world.,https://en.wikipedia.org/wiki/Algeria#Economy,"The Ahaggar Mountains, also known as the Hoggar, are a highland region in the central part of the country.",https://en.wikipedia.org/wiki/Hoggar_Mountains,"The national dish is couscous, a North African staple made from steamed semolina.",https://en.wikipedia.org/wiki/Algerian_cuisine,"The country has a unique music style called Raï, which originated in the 1920s.",https://en.wikipedia.org/wiki/Ra%C3%AF,The Casbah of Algiers is a famous historic medina and UNESCO World Heritage site.,https://en.wikipedia.org/wiki/Casbah_of_Algiers,"The country has a rich history of Roman ruins, including the well-preserved city of Timgad.",https://en.wikipedia.org/wiki/Timgad,The Aures Mountains are known for their unique Berber culture and traditions.,https://en.wikipedia.org/wiki/Aures
Angola,Africa,Luanda,AGO,"The Giant Sable Antelope, a rare and majestic animal, is found only in this country.",https://en.wikipedia.org/wiki/Giant_sable_antelope,"The country is home to the Welwitschia plant, which can live for over 1,000 years and is considered a living fossil.",https://en.wikipedia.org/wiki/Welwitschia,"The country has a unique dance and music genre called Kuduro, which originated in the late 1980s.",https://en.wikipedia.org/wiki/Kuduro,"The country has one of the largest waterfalls in Africa, the Kalandula Falls, which is 105 meters high and 400 meters wide.",https://en.wikipedia.org/wiki/Kalandula_Falls,"The country is known for its traditional dish called Moamba de Galinha, a chicken stew made with palm oil and okra.",https://en.wikipedia.org/wiki/Moamba_de_galinha,"The country has a desert called the Namib Desert, which is one of the oldest deserts in the world.",https://en.wikipedia.org/wiki/Namib_Desert,"The country has a unique rock formation known as the Pedras Negras de Pungo Andongo, which are large black rocks with mysterious origins.",https://en.wikipedia.org/wiki/Pedras_Negras_de_Pungo_Andongo,"The country has a rich tradition of storytelling and oral literature, with tales often featuring animals and mythical creatures.",https://en.wikipedia.org/wiki/Angolan_literature,"The country is home to the Cuito Cuanavale, a site of a major battle during the Angolan Civil War, which is considered one of the largest battles in Africa since World War II.",https://en.wikipedia.org/wiki/Battle_of_Cuito_Cuanavale,"The country has a unique festival called Festas Juninas, which is celebrated with traditional music, dance, and food in June.",https://en.wikipedia.org/wiki/Festas_Juninas
Argentina,S. America,Buenos Aires,ARG,"The country is home to the world's southernmost city, Ushuaia, which is often referred to as the 'End of the World'.",https://en.wikipedia.org/wiki/Ushuaia,"It is the birthplace of the first animated feature film, 'El Apóstol', created in 1917.",https://en.wikipedia.org/wiki/El_Ap%C3%B3stol,"The country has a Welsh-speaking community in the region of Patagonia, where Welsh traditions and language are preserved.",https://en.wikipedia.org/wiki/Welsh_settlement_in_Argentina,"It is known for having the widest avenue in the world, Avenida 9 de Julio, which spans 140 meters across.",https://en.wikipedia.org/wiki/9_de_Julio_Avenue,"The country is home to the world's first-ever human heart transplant recipient who survived for more than a month, performed by Dr. René Favaloro.",https://en.wikipedia.org/wiki/Ren%C3%A9_Favaloro,"It has a national sport called Pato, which is a unique blend of polo and basketball played on horseback.",https://en.wikipedia.org/wiki/Pato,"The country is famous for its pink house, the presidential palace known as Casa Rosada, which is painted pink as a symbol of political compromise.",https://en.wikipedia.org/wiki/Casa_Rosada,"It is the origin of the tango dance and music, which has become a symbol of passion and romance worldwide.",https://en.wikipedia.org/wiki/Tango,"The country has a unique tradition of eating gnocchi on the 29th of each month, known as 'Ñoquis del 29'.",https://en.wikipedia.org/wiki/Gnocchi#Argentina,"It is home to the world's largest dinosaur, the Argentinosaurus, which was discovered in the region of Patagonia.",https://en.wikipedia.org/wiki/Argentinosaurus
Armenia,Asia,Yerevan,ARM,The apricot is considered a national symbol and is even featured on the country's coat of arms.,https://en.wikipedia.org/wiki/Coat_of_arms_of_Armenia,"The world's oldest known leather shoe, dating back to around 3500 BC, was discovered in a cave in the country.",https://en.wikipedia.org/wiki/Areni-1_shoe,"Chess is a mandatory subject in schools, and students are required to take chess classes.",https://en.wikipedia.org/wiki/Chess_in_Armenia,"The country is home to the world's oldest winery, dating back to around 4100 BC.",https://en.wikipedia.org/wiki/Areni-1_winery,"The duduk, a traditional woodwind instrument, is recognized by UNESCO as a Masterpiece of the Intangible Heritage of Humanity.",https://en.wikipedia.org/wiki/Duduk,"The country has its own alphabet, created in 405 AD by Mesrop Mashtots.",https://en.wikipedia.org/wiki/Armenian_alphabet,"The country is known for its khachkars, which are intricately carved memorial steles bearing a cross.",https://en.wikipedia.org/wiki/Khachkar,The country claims to be the first to officially adopt Christianity as its state religion in 301 AD.,https://en.wikipedia.org/wiki/History_of_Armenia,"The country is home to the world's largest Yazidi temple, Quba Mere Diwane.",https://en.wikipedia.org/wiki/Quba_Mere_Diwane,"The country has a tradition of lavash bread, which is baked in a tonir, a clay oven, and is recognized by UNESCO.",https://en.wikipedia.org/wiki/Lavash
Australia,Australia,Canberra,AUS,"The world's longest fence, originally built to keep dingoes away from fertile land, stretches over 5,600 kilometers.",https://en.wikipedia.org/wiki/Dingo_Fence,The emu war of 1932 was a military operation to curb the population of emus that were destroying crops.,https://en.wikipedia.org/wiki/Emu_War,"The only country that is also a continent, it is home to the world's largest monolith, Uluru.",https://en.wikipedia.org/wiki/Uluru,"The Great Barrier Reef, the world's largest coral reef system, can be seen from space.",https://en.wikipedia.org/wiki/Great_Barrier_Reef,"It has more than 10,000 beaches, more than any other country in the world.",https://en.wikipedia.org/wiki/Beaches_of_Australia,"The platypus, a native animal, is one of the few mammals that lay eggs.",https://en.wikipedia.org/wiki/Platypus,"The country is home to the world's largest cattle station, Anna Creek Station, which is bigger than Israel.",https://en.wikipedia.org/wiki/Anna_Creek_Station,"The country has a pink lake, Lake Hillier, which remains a mystery as to why it is pink.",https://en.wikipedia.org/wiki/Lake_Hillier,"The country is home to the world's longest golf course, the Nullarbor Links, which stretches 1,365 kilometers.",https://en.wikipedia.org/wiki/Nullarbor_Links,The country has a mountain named Mount Disappointment because its explorers found the view from the summit disappointing.,https://en.wikipedia.org/wiki/Mount_Disappointment
Austria,Europe,Vienna,AUT,"The world's largest ice cave, Eisriesenwelt, is located in this country and extends over 42 kilometers.",https://en.wikipedia.org/wiki/Eisriesenwelt,"The Krimml Waterfalls are the highest in this country and among the highest in Europe, with a total height of 380 meters.",https://en.wikipedia.org/wiki/Krimml_Waterfalls,"This country is home to the world's oldest zoo, Tiergarten Schönbrunn, founded in 1752.",https://en.wikipedia.org/wiki/Tiergarten_Sch%C3%B6nbrunn,The Central Cemetery in this country has more graves than the living population of the city it is located in.,https://en.wikipedia.org/wiki/Wiener_Zentralfriedhof,"The world's largest emerald, weighing 2,860 carats, is displayed in the Imperial Treasury of this country.","https://en.wikipedia.org/wiki/Imperial_Treasury,_Vienna","The country is known for its coffee culture, and the tradition of the coffee house is listed as an intangible cultural heritage by UNESCO.",https://en.wikipedia.org/wiki/Viennese_coffee_house,"The country has a village named Fucking, which gained fame for its unusual name.","https://en.wikipedia.org/wiki/Fugging,_Upper_Austria","The country is home to the world's oldest surviving daily newspaper, Wiener Zeitung, first published in 1703.",https://en.wikipedia.org/wiki/Wiener_Zeitung,"The country has a tradition of Krampus parades, where people dress as the mythical creature to scare children during the Christmas season.",https://en.wikipedia.org/wiki/Krampus,"The country has a unique tradition of Perchtenlauf, where people dress as Perchten, mythical creatures, to drive away evil spirits during winter.",https://en.wikipedia.org/wiki/Perchtenlauf
Azerbaijan,Asia,Baku,AZE,"The country is home to the world's first industrially drilled oil well, which was drilled in 1846.",https://en.wikipedia.org/wiki/History_of_the_petroleum_industry_in_Azerbaijan,"The region is known for its mud volcanoes, with nearly half of the world's mud volcanoes located there.",https://en.wikipedia.org/wiki/Mud_volcano,"It has a tradition of hosting the annual International Mugham Festival, celebrating a genre of music that is a UNESCO Intangible Cultural Heritage.",https://en.wikipedia.org/wiki/International_Mugham_Festival,"The region is famous for its ancient petroglyphs at Gobustan, which date back to 10,000 BC.",https://en.wikipedia.org/wiki/Gobustan_National_Park,"The country has a unique tea culture, where tea is often served with jam and lemon, and is a symbol of hospitality.",https://en.wikipedia.org/wiki/Azerbaijani_tea_culture,,,,,,,,,,
Bahamas,N. America,Nassau,BHS,"The national bird is the flamingo, which is known for its vibrant pink color.",https://en.wikipedia.org/wiki/Flamingo,The country is home to the world's third-largest barrier reef.,https://en.wikipedia.org/wiki/Barrier_reef,It is believed that the first landfall of Christopher Columbus in the New World was on an island here.,https://en.wikipedia.org/wiki/Christopher_Columbus,"The islands were once a haven for pirates, including the infamous Blackbeard.",https://en.wikipedia.org/wiki/Blackbeard,The swimming pigs of Exuma are a popular tourist attraction.,https://en.wikipedia.org/wiki/Exuma,"The country has more than 700 islands and 2,400 cays.",https://en.wikipedia.org/wiki/List_of_islands_of_the_Bahamas,"The Andros Island is known for its blue holes, underwater cave systems that attract divers.",https://en.wikipedia.org/wiki/Blue_hole,"The Junkanoo festival is a traditional street parade with music, dance, and costumes.",https://en.wikipedia.org/wiki/Junkanoo,The country is one of the few places where you can find pink sand beaches.,https://en.wikipedia.org/wiki/Pink_sand,The Lucayan National Park is home to one of the longest underwater cave systems in the world.,https://en.wikipedia.org/wiki/Lucayan_National_Park
Bangladesh,Asia,Dhaka,BGD,"The Royal Bengal Tiger is the national animal and can be found in the Sundarbans, the largest mangrove forest in the world.",https://en.wikipedia.org/wiki/Royal_Bengal_tiger,"The country is home to the world's longest natural sea beach, Cox's Bazar, which stretches over 120 kilometers.",https://en.wikipedia.org/wiki/Cox%27s_Bazar,"The country has a unique tradition of boat racing, known as Nouka Baich, which is a popular sport.",https://en.wikipedia.org/wiki/Nouka_Baich,"The country is known for its vibrant rickshaw art, which is a popular form of urban folk art.",https://en.wikipedia.org/wiki/Rickshaw_art_in_Bangladesh,"The country has a rich tradition of folk music, including the mystical Baul music, which is recognized by UNESCO as an intangible cultural heritage.",https://en.wikipedia.org/wiki/Baul,"The country is one of the world's largest producers of jute, often referred to as the 'golden fiber'.",https://en.wikipedia.org/wiki/Jute,"The country has a unique language movement day, commemorating the 1952 protests for the recognition of the Bengali language.",https://en.wikipedia.org/wiki/Language_Movement_Day,"The country is home to the world's largest river delta, formed by the confluence of the Ganges, Brahmaputra, and Meghna rivers.",https://en.wikipedia.org/wiki/Ganges_Delta,"The country has a traditional martial art form known as Lathi Khela, which involves fighting with sticks.",https://en.wikipedia.org/wiki/Lathi_Khela,"The country has a unique architectural style known as terracotta architecture, which is prominent in ancient temples and mosques.",https://en.wikipedia.org/wiki/Terracotta_architecture
Belarus,Europe,Minsk,BLR,The country is home to the largest European bison population in the world.,https://en.wikipedia.org/wiki/European_bison,"The national dish is called Draniki, which are potato pancakes.",https://en.wikipedia.org/wiki/Draniki,"The country has a holiday called Radunitsa, which is a day to remember the dead and visit their graves.",https://en.wikipedia.org/wiki/Radunitsa,The country has a museum dedicated entirely to the history of tractors.,https://en.wikipedia.org/wiki/Belarusian_State_Museum_of_the_History_of_the_Great_Patriotic_War,"The country is known for its love of mushrooms, with many people participating in mushroom picking as a popular pastime.",https://en.wikipedia.org/wiki/Mushroom_hunting,"The country has a unique folk dance called the Khorovod, which involves people dancing in a circle.",https://en.wikipedia.org/wiki/Khorovod,"The country has a tradition of building straw goats for the New Year, which are then burned to symbolize the end of the old year.",https://en.wikipedia.org/wiki/Yule_Goat,The country has a national park that is one of the last and largest remaining parts of the primeval forest that once spread across the European Plain.,https://en.wikipedia.org/wiki/Bia%C5%82owie%C5%BCa_Forest,"The country has a unique form of embroidery called Vyshyvanka, which is often used in traditional clothing.",https://en.wikipedia.org/wiki/Vyshyvanka,"The country has a festival called Kupala Night, which involves jumping over fires and searching for a mythical fern flower.",https://en.wikipedia.org/wiki/Kupala_Night
Belgium,Europe,Brussels,BEL,The world's first recorded lottery took place in 1441.,https://en.wikipedia.org/wiki/Lottery#History,"It is home to the world's largest courtroom, the Palace of Justice.","https://en.wikipedia.org/wiki/Palais_de_Justice,_Brussels",The saxophone was invented by Adolphe Sax in 1846.,https://en.wikipedia.org/wiki/Saxophone,It has more comic strip artists per square kilometer than any other country.,https://en.wikipedia.org/wiki/Belgian_comics,The word 'spa' comes from a town known for its healing hot springs.,"https://en.wikipedia.org/wiki/Spa,_Belgium",It has the highest density of castles per square kilometer in the world.,https://en.wikipedia.org/wiki/Castles_in_Belgium,The Smurfs were created by a cartoonist named Peyo.,https://en.wikipedia.org/wiki/The_Smurfs,It is the world's largest producer of billiard balls.,https://en.wikipedia.org/wiki/Saluc,"The longest tram line in the world, the Coast Tram, runs along its coast.",https://en.wikipedia.org/wiki/Coast_tram_(Belgium),"It has three official languages: Dutch, French, and German.",https://en.wikipedia.org/wiki/Languages_of_Belgium
Belize,N. America,Belmopan,BLZ,"The national bird is the Keel-billed Toucan, known for its large colorful bill.",https://en.wikipedia.org/wiki/Keel-billed_toucan,"The country has the only jaguar reserve in the world, the Cockscomb Basin Wildlife Sanctuary.",https://en.wikipedia.org/wiki/Cockscomb_Basin_Wildlife_Sanctuary,"The Great Blue Hole, a giant marine sinkhole, is a popular spot for divers.",https://en.wikipedia.org/wiki/Great_Blue_Hole,"The official language is English, making it the only country in Central America with this distinction.",https://en.wikipedia.org/wiki/Belize#Languages,"The national flower is the Black Orchid, which is actually a dark purple.",https://en.wikipedia.org/wiki/Prosthechea_cochleata,"The country has a unique system of protected areas, with over 36% of its land and sea under some form of protection.",https://en.wikipedia.org/wiki/Protected_areas_of_Belize,"The currency features Queen Elizabeth II, as it is a member of the Commonwealth.",https://en.wikipedia.org/wiki/Belize_dollar,The Barrier Reef Reserve System is a UNESCO World Heritage Site.,https://en.wikipedia.org/wiki/Belize_Barrier_Reef,"The country is home to the ancient Maya city of Caracol, which is larger than its modern capital.",https://en.wikipedia.org/wiki/Caracol,"The national animal is the Baird's Tapir, also known as the mountain cow.",https://en.wikipedia.org/wiki/Baird%27s_tapir
Benin,Africa,Porto-Novo,BEN,"The country is home to the world's largest religious site dedicated to the Vodun (Voodoo) religion, the Temple of Pythons.",https://en.wikipedia.org/wiki/Temple_of_Pythons,"The national flag was designed in 1959 and features a simple tricolor of green, yellow, and red.",https://en.wikipedia.org/wiki/Flag_of_Benin,"The country has a unique tradition of stilt dancing, which is performed during various festivals and celebrations.",https://en.wikipedia.org/wiki/Stilt_dance,The Pendjari National Park is one of the last strongholds for the West African lion.,https://en.wikipedia.org/wiki/Pendjari_National_Park,"The country is known for its vibrant and colorful textile industry, particularly the production of wax prints.",https://en.wikipedia.org/wiki/Wax_print,"The country has a rich tradition of oral storytelling, with the Gèlèdé festival celebrating the power and wisdom of women.",https://en.wikipedia.org/wiki/G%C3%A8l%C3%A8d%C3%A9,The country is one of the few places where the endangered West African manatee can be found.,https://en.wikipedia.org/wiki/West_African_manatee,"The country has a unique architectural style known as Tata Somba, characterized by fortress-like mud houses.",https://en.wikipedia.org/wiki/Tata_Somba,"The country is home to the annual International Festival of Vodun Arts and Culture, celebrating the Vodun religion and its cultural impact.",https://en.wikipedia.org/wiki/International_Festival_of_Vodun_Arts_and_Culture,"The country has a national dish called Kuli-Kuli, which is made from ground peanuts and is a popular snack.",https://en.wikipedia.org/wiki/Kuli-Kuli
Bhutan,Asia,Thimphu,BTN,The country measures success by Gross National Happiness instead of GDP.,https://en.wikipedia.org/wiki/Gross_National_Happiness,"It is illegal to climb the country's highest mountain, Gangkhar Puensum, to respect local spiritual beliefs.",https://en.wikipedia.org/wiki/Gangkhar_Puensum,"The country is the only carbon-negative country in the world, absorbing more carbon dioxide than it produces.",https://en.wikipedia.org/wiki/Carbon_neutrality#Carbon-negative_countries,"Television and the internet were banned until 1999, making it one of the last countries to introduce TV.",https://en.wikipedia.org/wiki/Television_in_Bhutan,The country has a policy of maintaining a forest cover of over 60% of its total land area.,https://en.wikipedia.org/wiki/Environment_of_Bhutan,"The country is known for its unique architecture, with buildings constructed without the use of nails.",https://en.wikipedia.org/wiki/Architecture_of_Bhutan,"The country has a national sport called archery, which is played with traditional bamboo bows.",https://en.wikipedia.org/wiki/Archery_in_Bhutan,The country has a unique policy of banning the sale of tobacco products.,https://en.wikipedia.org/wiki/Tobacco_control_in_Bhutan,"The country is home to the Takin, a rare animal that is the national animal and resembles a goat-antelope.",https://en.wikipedia.org/wiki/Takin,"The country has a tradition of building large, colorful phalluses on houses to ward off evil spirits.",https://en.wikipedia.org/wiki/Phallus_paintings_in_Bhutan
Bolivia,S. America,La Paz,BOL,"The country has the world's largest salt flat, Salar de Uyuni, which is so reflective it is used to calibrate satellites.",https://en.wikipedia.org/wiki/Salar_de_Uyuni,"It is home to the world's highest navigable lake, Lake Titicaca, which is also the largest lake in South America by volume of water.",https://en.wikipedia.org/wiki/Lake_Titicaca,"The country has two capitals: Sucre is the constitutional capital, while La Paz is the seat of government and executive capital.",https://en.wikipedia.org/wiki/Bolivia#Government_and_politics,"It is one of the few countries in the world where the zebra is used as a traffic safety mascot, with people dressed in zebra costumes helping pedestrians cross streets safely.",https://en.wikipedia.org/wiki/Bolivia#Culture,"The country has a unique festival called the Gran Poder, which is a massive parade featuring traditional dances and costumes, celebrating the power of the Christian God and indigenous deities.",https://en.wikipedia.org/wiki/Festival_of_Gran_Poder,"It is home to the Madidi National Park, one of the most biologically diverse places on Earth, with over 11% of the world's bird species.",https://en.wikipedia.org/wiki/Madidi_National_Park,"The country has a tradition of building Ekeko dolls, which are believed to bring abundance and prosperity, and are often given as gifts during the Alasitas Festival.",https://en.wikipedia.org/wiki/Ekeko,"It is one of the few countries where the indigenous languages, such as Quechua and Aymara, are recognized as official languages alongside Spanish.",https://en.wikipedia.org/wiki/Bolivia#Languages,"The country has a unique sport called 'Tinku,' which is a ritualistic form of combat that is part of a traditional festival, where participants engage in hand-to-hand fighting.",https://en.wikipedia.org/wiki/Tinku,"It is home to the world's most dangerous road, the Yungas Road, also known as 'Death Road,' which attracts thrill-seeking cyclists from around the world.",https://en.wikipedia.org/wiki/Yungas_Road
Bosnia and Herzegovina,Europe,Sarajevo,BIH,"The country is home to the last remaining jungle in Europe, called Perućica, which is part of the Sutjeska National Park.",https://en.wikipedia.org/wiki/Peru%C4%87ica,"It has a town named after a famous inventor, Nikola Tesla, called Teslić.",https://en.wikipedia.org/wiki/Tesli%C4%87,"The country has a unique coffee culture, with a traditional coffee preparation method that is similar to Turkish coffee but with its own distinct twist.",https://en.wikipedia.org/wiki/Bosnian_coffee,"The country is known for its medieval tombstones called 'stećci,' which are UNESCO World Heritage Sites.",https://en.wikipedia.org/wiki/Ste%C4%87ak,"It has a river called the Neretva, which is one of the coldest rivers in the world, with temperatures often below 7°C (45°F) even in summer.",https://en.wikipedia.org/wiki/Neretva,"The country is home to the world's largest man-made ancient pyramids, known as the Bosnian pyramids, which are a controversial archaeological site.",https://en.wikipedia.org/wiki/Bosnian_pyramids,"It has a city called Jajce, which is famous for its beautiful waterfall located in the city center.",https://en.wikipedia.org/wiki/Jajce,"The country has a unique sport called 'pljočke,' which is similar to bocce and is traditionally played in rural areas.",https://en.wikipedia.org/wiki/Pljo%C4%8Dke,"It is home to the only remaining tram system in the region, located in the city of Sarajevo.",https://en.wikipedia.org/wiki/Trams_in_Sarajevo,"The country has a village called Lukomir, which is the highest and most isolated village in the country, preserving traditional ways of life.",https://en.wikipedia.org/wiki/Lukomir
Botswana,Africa,Gaborone,BWA,"The currency is called the Pula, which means 'rain' in Setswana, reflecting the importance of rain in this semi-arid country.",https://en.wikipedia.org/wiki/Botswana_pula,"The country is home to the world's largest concentration of African elephants, particularly in the Chobe National Park.",https://en.wikipedia.org/wiki/Chobe_National_Park,"The Okavango Delta, one of the world's largest inland deltas, is a UNESCO World Heritage site and a unique ecosystem that floods seasonally.",https://en.wikipedia.org/wiki/Okavango_Delta,"The country has a tradition of 'kgotla,' a public meeting or community council where decisions are made by consensus, reflecting its democratic culture.",https://en.wikipedia.org/wiki/Kgotla,"The Makgadikgadi Pan, one of the largest salt flats in the world, is a remnant of an ancient lake that once covered much of the area.",https://en.wikipedia.org/wiki/Makgadikgadi_Pan,,,,,,,,,,
Brazil,S. America,Brasília,BRA,"The Amazon River, located in this country, is the second longest river in the world and has the largest drainage basin.",https://en.wikipedia.org/wiki/Amazon_River,This country is home to the world's largest population of Catholics.,https://en.wikipedia.org/wiki/Catholic_Church_in_Brazil,"The country has a city named after a saint, which is the largest city in the Southern Hemisphere.",https://en.wikipedia.org/wiki/S%C3%A3o_Paulo,"The country has a unique dance and martial art form called Capoeira, which combines elements of dance, acrobatics, and music.",https://en.wikipedia.org/wiki/Capoeira,This country is the only one in the Americas to have been a colony of the Portuguese Empire.,https://en.wikipedia.org/wiki/Colonial_Brazil,"The country is famous for its annual Carnival festival, which is considered the world's largest carnival.",https://en.wikipedia.org/wiki/Rio_Carnival,"The country has a unique environmental phenomenon called the 'Meeting of Waters,' where the dark Rio Negro and the pale sandy-colored Amazon River run side by side without mixing for several kilometers.",https://en.wikipedia.org/wiki/Meeting_of_Waters,"This country is home to the largest number of species of plants, freshwater fish, and mammals in the world.",https://en.wikipedia.org/wiki/Wildlife_of_Brazil,"The country has a national cocktail called Caipirinha, made with cachaça, sugar, and lime.",https://en.wikipedia.org/wiki/Caipirinha,"The country has a unique rock formation called the Sugarloaf Mountain, which is a popular tourist attraction.",https://en.wikipedia.org/wiki/Sugarloaf_Mountain
Brunei Darussalam,Asia,Bandar Seri Begawan,BRN,"The country has a national philosophy called 'Malay Islamic Monarchy' which emphasizes Malay culture, Islamic religion, and the monarchy.",https://en.wikipedia.org/wiki/Brunei#Malay_Islamic_Monarchy,"The country has one of the highest car ownership rates in the world, with about one car for every 2.09 people.",https://en.wikipedia.org/wiki/Transport_in_Brunei#Road_transport,"The country has a unique law that prohibits the sale of alcohol, but non-Muslims are allowed to bring a limited amount for personal consumption.",https://en.wikipedia.org/wiki/Alcohol_laws_in_Brunei,"The country is home to the world's largest residential palace, Istana Nurul Iman, which is the official residence of the Sultan.",https://en.wikipedia.org/wiki/Istana_Nurul_Iman,The country has a public holiday called 'Sultan's Birthday' which is celebrated with a grand parade and various cultural events.,https://en.wikipedia.org/wiki/Public_holidays_in_Brunei,The country has a unique form of traditional music called 'Aduk-Aduk' which is performed during the harvest festival.,https://en.wikipedia.org/wiki/Music_of_Brunei,"The country has a national park, Ulu Temburong National Park, which is only accessible by boat and is known for its pristine rainforest.",https://en.wikipedia.org/wiki/Ulu_Temburong_National_Park,The country has a unique traditional game called 'Gasing' which involves spinning tops and is played during festivals.,https://en.wikipedia.org/wiki/Gasing,The country has a law that mandates a two-hour lunch break on Fridays to allow for Friday prayers.,https://en.wikipedia.org/wiki/Brunei#Culture,The country has a unique form of martial arts called 'Silat' which is practiced as both a sport and a cultural tradition.,https://en.wikipedia.org/wiki/Silat
Bulgaria,Europe,Sofia,BGR,"The Cyrillic script, used by over 250 million people worldwide, was developed in the First Bulgarian Empire.",https://en.wikipedia.org/wiki/Cyrillic_script,"The oldest gold treasure in the world was discovered in the Varna Necropolis, dating back to 4,500 BC.",https://en.wikipedia.org/wiki/Varna_Necropolis,"The rose oil industry is a significant part of the economy, with the Rose Valley being a major producer of rose oil used in perfumes.",https://en.wikipedia.org/wiki/Rose_oil,"The Rila Monastery, a UNESCO World Heritage Site, was founded in the 10th century and is a symbol of the Slavic cultural identity.",https://en.wikipedia.org/wiki/Rila_Monastery,"The country is home to the only naturally occurring pyramidal rock formations in Europe, known as the Belogradchik Rocks.",https://en.wikipedia.org/wiki/Belogradchik_Rocks,The ancient Thracian city of Perperikon is believed to have been a sacred site where prophecies were made.,https://en.wikipedia.org/wiki/Perperikon,The Kukeri festival involves elaborate costumes and masks to scare away evil spirits and ensure a good harvest.,https://en.wikipedia.org/wiki/Kukeri,"The Madara Rider, a large rock relief, is a UNESCO World Heritage Site and dates back to the early medieval period.",https://en.wikipedia.org/wiki/Madara_Rider,"The country has a rich tradition of yogurt-making, and its yogurt is known for containing Lactobacillus bulgaricus, a unique bacterium.",https://en.wikipedia.org/wiki/Yogurt,"The Thracian Tomb of Kazanlak, another UNESCO World Heritage Site, features well-preserved Hellenistic frescoes.",https://en.wikipedia.org/wiki/Thracian_Tomb_of_Kazanlak
Burkina Faso,Africa,Ouagadougou,BFA,The country is home to the largest elephant population in West Africa.,https://en.wikipedia.org/wiki/Wildlife_of_Burkina_Faso,The name of the country means 'land of honest men.',https://en.wikipedia.org/wiki/Burkina_Faso,"It hosts the International Art and Craft Fair, Ouagadougou, one of Africa's most important trade shows for arts and crafts.","https://en.wikipedia.org/wiki/International_Art_and_Craft_Fair,_Ouagadougou","The country has a film festival called FESPACO, which is the largest African film festival.",https://en.wikipedia.org/wiki/Panafrican_Film_and_Television_Festival_of_Ouagadougou,"The country has a unique tradition of mask dances, which are an integral part of its cultural heritage.",https://en.wikipedia.org/wiki/Culture_of_Burkina_Faso,"The country is known for its rich tradition of oral literature, including folktales and proverbs.",https://en.wikipedia.org/wiki/Culture_of_Burkina_Faso,"It has a significant number of ancient rock carvings and paintings, some dating back thousands of years.",https://en.wikipedia.org/wiki/History_of_Burkina_Faso,"The country has a unique architectural style, particularly in the village of Tiébélé, known for its elaborately decorated houses.",https://en.wikipedia.org/wiki/Ti%C3%A9b%C3%A9l%C3%A9,The country is one of the world's largest producers of cotton.,https://en.wikipedia.org/wiki/Economy_of_Burkina_Faso,"The country has a national park named after a former president, which is a UNESCO biosphere reserve.",https://en.wikipedia.org/wiki/Arly-Singou_Complex
Burundi,Africa,Gitega,BDI,The country is one of the few in the world where the national language is not an official language.,https://en.wikipedia.org/wiki/Burundi#Languages,"The country is home to the world's longest freshwater lake, which is also the second deepest in the world.",https://en.wikipedia.org/wiki/Lake_Tanganyika,Drumming is an integral part of the cultural heritage and is even recognized by UNESCO as an Intangible Cultural Heritage.,https://en.wikipedia.org/wiki/Burundi_drums,"The country has a unique tradition of storytelling, where tales are often accompanied by music and dance.",https://en.wikipedia.org/wiki/Culture_of_Burundi#Oral_tradition,The country has a national park that is home to one of the largest populations of hippopotamuses in Africa.,https://en.wikipedia.org/wiki/Rusizi_National_Park,The country has a unique form of traditional wrestling known as 'Gusimbuka Urukiramende'.,https://en.wikipedia.org/wiki/Culture_of_Burundi#Sports,The country is one of the few in the world where the majority of the population relies on subsistence farming.,https://en.wikipedia.org/wiki/Economy_of_Burundi,"The country has a unique beer made from bananas, which is a staple in many traditional ceremonies.",https://en.wikipedia.org/wiki/Culture_of_Burundi#Cuisine,"The country has a rich tradition of crafting intricate basketry, which is both a cultural symbol and a source of income.",https://en.wikipedia.org/wiki/Culture_of_Burundi#Crafts,"The country has a unique public holiday called 'Unity Day', which is celebrated to promote national unity and peace.",https://en.wikipedia.org/wiki/Public_holidays_in_Burundi
Cambodia,Asia,Phnom Penh,KHM,"The national flag is the only one in the world to feature a building, specifically the temple of Angkor Wat.",https://en.wikipedia.org/wiki/Flag_of_Cambodia,"The country is home to a unique martial art called Bokator, which is one of the oldest fighting systems in the world, dating back over a thousand years.",https://en.wikipedia.org/wiki/Bokator,"In 2005, a rare species of wild cattle called the kouprey, which was once considered the national animal, was declared extinct.",https://en.wikipedia.org/wiki/Kouprey,,,,,,,,,,,,,,
Cameroon,Africa,Yaoundé,CMR,"The country is home to the world's largest frog species, the Goliath frog, which can grow up to 32 centimeters in length.",https://en.wikipedia.org/wiki/Goliath_frog,"The country has a unique geological feature known as the Mandara Mountains, which are home to the Kapsiki Peak, a volcanic plug that resembles a giant finger pointing to the sky.",https://en.wikipedia.org/wiki/Mandara_Mountains,"The country is one of the few places where you can find the rare and endangered Cross River gorilla, which is the most endangered great ape in Africa.",https://en.wikipedia.org/wiki/Cross_River_gorilla,"The country has a tradition of competitive wrestling known as 'Laamb', which is a popular sport and cultural event.",https://en.wikipedia.org/wiki/Wrestling_in_Cameroon,"The country is known for its unique style of music called Makossa, which gained international fame in the 1970s and 1980s.",https://en.wikipedia.org/wiki/Makossa,"The country is home to the Baka people, who are known for their traditional music and polyphonic singing style.",https://en.wikipedia.org/wiki/Baka_people_(Cameroon_and_Gabon),"The country has a national dish called Ndolé, which is made from bitter leaves, nuts, and fish or beef.",https://en.wikipedia.org/wiki/Ndole,"The country is one of the few places where you can find the rare and elusive Preuss's monkey, a species of guenon found in the montane forests.",https://en.wikipedia.org/wiki/Preuss%27s_monkey,"The country has a unique linguistic diversity with over 230 languages spoken, making it one of the most linguistically diverse countries in the world.",https://en.wikipedia.org/wiki/Languages_of_Cameroon,"The country is home to the Dja Faunal Reserve, a UNESCO World Heritage site, which is one of the largest and best-protected rainforests in Africa.",https://en.wikipedia.org/wiki/Dja_Faunal_Reserve
Canada,N. America,Ottawa,CAN,The town of Dildo has a unique name that often amuses visitors.,"https://en.wikipedia.org/wiki/Dildo,_Newfoundland_and_Labrador",The Narcisse Snake Dens are home to the largest concentration of snakes in the world.,https://en.wikipedia.org/wiki/Narcisse_Snake_Dens,"The Sourtoe Cocktail, a drink containing a real human toe, is a famous attraction in Dawson City.",https://en.wikipedia.org/wiki/Sourtoe_Cocktail,The town of Vulcan has embraced its name with a Star Trek-themed tourist station.,"https://en.wikipedia.org/wiki/Vulcan,_Alberta",The Bay of Fundy has the highest tidal range in the world.,https://en.wikipedia.org/wiki/Bay_of_Fundy,"The Hotel de Glace is a hotel made entirely of ice and snow, rebuilt every winter.",https://en.wikipedia.org/wiki/H%C3%B4tel_de_Glace,The town of Saint-Louis-du-Ha! Ha! is the only town in the world with two exclamation marks in its name.,https://en.wikipedia.org/wiki/Saint-Louis-du-Ha!_Ha!,The Great Bear Rainforest is one of the largest temperate rainforests in the world.,https://en.wikipedia.org/wiki/Great_Bear_Rainforest,The Rideau Canal is the oldest continuously operated canal system in North America.,https://en.wikipedia.org/wiki/Rideau_Canal,The town of Churchill is known as the 'Polar Bear Capital of the World.',"https://en.wikipedia.org/wiki/Churchill,_Manitoba"
Central African Republic,Africa,Bangui,CAF,"The country is home to the world's second-largest rainforest, the Congo Basin, which is a biodiversity hotspot.",https://en.wikipedia.org/wiki/Central_African_Republic#Geography,"The country has a unique butterfly species named after it, the Charaxes fournierae.",https://en.wikipedia.org/wiki/Central_African_Republic#Fauna,"The country is one of the least densely populated countries in the world, with vast areas of uninhabited land.",https://en.wikipedia.org/wiki/Central_African_Republic#Demographics,"The country has a national park, Manovo-Gounda St. Floris, which is a UNESCO World Heritage Site but is listed as endangered due to poaching and lack of management.",https://en.wikipedia.org/wiki/Manovo-Gounda_St._Floris_National_Park,"The country has a rich tradition of oral literature, with stories and folklore passed down through generations.",https://en.wikipedia.org/wiki/Central_African_Republic#Culture,"The country is known for its traditional music, which often features instruments like the sanza and the balafon.",https://en.wikipedia.org/wiki/Music_of_the_Central_African_Republic,"The country has a unique form of wrestling called 'Bokassa wrestling,' which is a popular traditional sport.",https://en.wikipedia.org/wiki/Sport_in_the_Central_African_Republic,"The country has a significant number of ethnic groups, with over 80 distinct groups, each with its own language and culture.",https://en.wikipedia.org/wiki/Central_African_Republic#Ethnic_groups,The country is one of the few places where the rare and elusive bongo antelope can be found in the wild.,https://en.wikipedia.org/wiki/Bongo_(antelope),"The country has a unique geological feature known as the Bamingui-Bangoran Plateau, which is characterized by its rugged terrain and diverse ecosystems.",https://en.wikipedia.org/wiki/Central_African_Republic#Geography
Chad,Africa,N'Djamena,TCD,"The country is home to the endangered West African giraffe, which is distinct for its lighter spots and smaller size compared to other giraffe subspecies.",https://en.wikipedia.org/wiki/West_African_giraffe,"The Tibesti Mountains in the north are home to some of the best-preserved rock art in the Sahara, dating back thousands of years.",https://en.wikipedia.org/wiki/Tibesti_Mountains,"Lake Chad, once one of the largest lakes in the world, has shrunk by as much as 95% since the 1960s due to climate change and water usage.",https://en.wikipedia.org/wiki/Lake_Chad,"The country has a unique tradition of wrestling, known as 'La lutte traditionnelle', which is a popular sport and cultural event.",https://en.wikipedia.org/wiki/La_lutte_traditionnelle,"The Zakouma National Park is one of the last strongholds for Central African wildlife, including elephants, lions, and giraffes.",https://en.wikipedia.org/wiki/Zakouma_National_Park,"The Ennedi Plateau is known for its stunning natural arches and rock formations, attracting adventurers and geologists alike.",https://en.wikipedia.org/wiki/Ennedi_Plateau,The country is one of the few places where the rare and elusive Saharan crocodile can still be found in the wild.,https://en.wikipedia.org/wiki/Saharan_crocodile,"The country has a rich tradition of storytelling, with griots (traditional storytellers) playing a key role in preserving history and culture.",https://en.wikipedia.org/wiki/Griot,"The Guera Massif is a mountain range that is home to a variety of unique flora and fauna, some of which are found nowhere else on Earth.",https://en.wikipedia.org/wiki/Guera_Massif,"The country is known for its diverse ethnic groups, with over 200 distinct ethnicities and languages spoken.",https://en.wikipedia.org/wiki/Demographics_of_Chad
Chile,S. America,Santiago,CHL,"The Atacama Desert is considered one of the driest places on Earth, with some weather stations in the region having never recorded rain.",https://en.wikipedia.org/wiki/Atacama_Desert,"The country is home to the world's largest swimming pool, located at the San Alfonso del Mar resort, which holds around 66 million gallons of water.",https://en.wikipedia.org/wiki/San_Alfonso_del_Mar,"It has a unique geographical feature known as the Marble Caves, which are stunning natural formations located on a remote glacial lake.",https://en.wikipedia.org/wiki/Marble_Caves,"The country is one of the few places in the world where you can find the Araucaria tree, also known as the monkey puzzle tree, which is considered a living fossil.",https://en.wikipedia.org/wiki/Araucaria_araucana,"The Moai statues on Easter Island, a territory of the country, are famous for their large heads and are believed to have been carved by the Rapa Nui people between 1250 and 1500 CE.",https://en.wikipedia.org/wiki/Moai,"The country has a unique tradition called 'La Tirana,' a colorful religious festival that combines indigenous and Catholic traditions.",https://en.wikipedia.org/wiki/La_Tirana,"It is home to the world's southernmost permanently inhabited community, Puerto Toro, located on Navarino Island.",https://en.wikipedia.org/wiki/Puerto_Toro,"The country has a unique breed of horse known as the Chilean Corralero, which is one of the oldest registered horse breeds in the Americas.",https://en.wikipedia.org/wiki/Chilean_horse,"The country is known for its unique form of rodeo, which is the national sport and involves teams of two riders working together to pin a calf against the arena's wall.",https://en.wikipedia.org/wiki/Chilean_rodeo,"The country has a unique wine called Carménère, which was thought to be extinct until it was rediscovered in the country in the 1990s.",https://en.wikipedia.org/wiki/Carm%C3%A9n%C3%A8re
China,Asia,Beijing,CHN,"The world's largest mall, the New South China Mall, is mostly empty.",https://en.wikipedia.org/wiki/New_South_China_Mall,The Terracotta Army was discovered by farmers digging a well in 1974.,https://en.wikipedia.org/wiki/Terracotta_Army,The first recorded use of toilet paper was in the 6th century.,https://en.wikipedia.org/wiki/Toilet_paper#History,"The world's longest canal, the Grand Canal, is over 2,400 kilometers long.",https://en.wikipedia.org/wiki/Grand_Canal_(China),The Leshan Giant Buddha is the largest stone Buddha in the world.,https://en.wikipedia.org/wiki/Leshan_Giant_Buddha,"The country has a bridge that is over 164 kilometers long, the Danyang–Kunshan Grand Bridge.",https://en.wikipedia.org/wiki/Danyang%E2%80%93Kunshan_Grand_Bridge,"The country has a ghost city called Ordos, which was built for over a million people but remains largely uninhabited.",https://en.wikipedia.org/wiki/Ordos_City#Kangbashi_New_Area,"The country is home to the world's largest ice and snow festival, the Harbin International Ice and Snow Sculpture Festival.",https://en.wikipedia.org/wiki/Harbin_International_Ice_and_Snow_Sculpture_Festival,The country has a national park that is home to the world's only wild population of giant pandas.,https://en.wikipedia.org/wiki/Wolong_National_Nature_Reserve,The country has a museum dedicated entirely to watermelons.,https://en.wikipedia.org/wiki/Watermelon_Museum
Colombia,S. America,Bogotá,COL,"The country is home to the pink river dolphin, which is one of the few freshwater dolphin species in the world.",https://en.wikipedia.org/wiki/Amazon_river_dolphin,The country has a unique tradition called 'Day of the Little Candles' where people light candles and lanterns to celebrate the Immaculate Conception.,https://en.wikipedia.org/wiki/Day_of_the_Little_Candles,"The country is the world's leading source of emeralds, producing 70-90% of the global supply.",https://en.wikipedia.org/wiki/Emerald#Colombia,"The country has a unique fruit called 'lulo' or 'naranjilla,' which is often used in drinks and desserts.",https://en.wikipedia.org/wiki/Solanum_quitoense,"The country is home to the world's largest variety of butterflies, with about 3,500 species.",https://en.wikipedia.org/wiki/List_of_butterflies_of_Colombia,"The country has a national sport called 'tejo,' which involves throwing a metal disc at a target that contains small explosives.",https://en.wikipedia.org/wiki/Tejo_(sport),"The country is one of the few places where the Andean condor, the largest flying bird in the world, can be found.",https://en.wikipedia.org/wiki/Andean_condor,"The country has a unique music genre called 'cumbia,' which combines indigenous, African, and Spanish influences.",https://en.wikipedia.org/wiki/Cumbia,"The country is home to the tallest palm trees in the world, the wax palms, which can grow up to 60 meters tall.",https://en.wikipedia.org/wiki/Ceroxylon_quindiuense,"The country has a unique dish called 'hormiga culona,' which consists of roasted ants that are considered a delicacy.",https://en.wikipedia.org/wiki/Hormiga_culona
Congo,Africa,Brazzaville,COG,The country is home to the world's largest population of lowland gorillas.,https://en.wikipedia.org/wiki/Republic_of_the_Congo#Wildlife,"The Congo River, which flows through the country, is the second-longest river in Africa and the deepest river in the world.",https://en.wikipedia.org/wiki/Republic_of_the_Congo#Geography,"The country has a national dish called 'Moambe', which is made from chicken, fish, or beef cooked in palm butter.",https://en.wikipedia.org/wiki/Republic_of_the_Congo#Cuisine,The country is one of the few places where the rare and elusive bongo antelope can be found.,https://en.wikipedia.org/wiki/Republic_of_the_Congo#Wildlife,"The country has a unique tradition of 'Sapeurs', who are known for their extravagant fashion and style.",https://en.wikipedia.org/wiki/Republic_of_the_Congo#Culture,,,,,,,,,,
Costa Rica,N. America,San José,CRI,This country abolished its army in 1948 and is one of the few nations without a standing military.,https://en.wikipedia.org/wiki/Military_of_Costa_Rica,"It is home to more than 500,000 species, representing nearly 4% of the total species estimated worldwide.",https://en.wikipedia.org/wiki/Wildlife_of_Costa_Rica,"The country has a 99% literacy rate, one of the highest in the world.",https://en.wikipedia.org/wiki/Education_in_Costa_Rica,"It is known for its 'Blue Zone' in the Nicoya Peninsula, where people often live longer than average.",https://en.wikipedia.org/wiki/Blue_Zone,The country has a national park that protects 25% of its land area.,https://en.wikipedia.org/wiki/National_parks_of_Costa_Rica,"It is one of the leading countries in the world for renewable energy, with over 99% of its electricity generated from renewable sources.",https://en.wikipedia.org/wiki/Renewable_energy_in_Costa_Rica,"The country is famous for its 'pura vida' lifestyle, which translates to 'pure life' and reflects a relaxed attitude.",https://en.wikipedia.org/wiki/Pura_vida,It has a unique tradition of 'oxherding' which is recognized by UNESCO as an Intangible Cultural Heritage.,https://en.wikipedia.org/wiki/Traditional_oxherding_and_oxcart_traditions_in_Costa_Rica,"The country is home to the Monteverde Cloud Forest Reserve, a major ecotourism destination.",https://en.wikipedia.org/wiki/Monteverde_Cloud_Forest_Reserve,"It has a butterfly species named after it, the 'Costa Rican Morpho', known for its vibrant blue wings.",https://en.wikipedia.org/wiki/Morpho_costa_rica
Côte d'Ivoire,Africa,Yamoussoukro,CIV,"The country is home to the world's largest church, the Basilica of Our Lady of Peace, which is larger than St. Peter's Basilica in Vatican City.",https://en.wikipedia.org/wiki/Basilica_of_Our_Lady_of_Peace,"The country is one of the world's largest producers and exporters of cocoa beans, a key ingredient in chocolate.",https://en.wikipedia.org/wiki/Economy_of_Ivory_Coast,The national football team is nicknamed 'Les Éléphants' (The Elephants).,https://en.wikipedia.org/wiki/Ivory_Coast_national_football_team,"The country has a unique tradition of 'talking drums,' which are used to communicate messages over long distances.",https://en.wikipedia.org/wiki/Talking_drum,"The country is known for its vibrant and colorful traditional masks, which are used in various cultural ceremonies.",https://en.wikipedia.org/wiki/Ivory_Coast#Culture,"The country has a significant population of Baoulé people, who are known for their intricate wood carvings.",https://en.wikipedia.org/wiki/Baoul%C3%A9_people,"The country is home to the Taï National Park, a UNESCO World Heritage Site and one of the last major remnants of the primary tropical forest of West Africa.",https://en.wikipedia.org/wiki/Ta%C3%AF_National_Park,"The country has a tradition of 'N'Zassa,' a style of music that blends various musical genres and influences.",https://en.wikipedia.org/wiki/Music_of_Ivory_Coast,"The country is known for its 'Attiéké,' a popular side dish made from fermented cassava.",https://en.wikipedia.org/wiki/Atti%C3%A9k%C3%A9,"The country has a unique system of 'Senoufo' villages, which are organized in a circular pattern with a central meeting place.",https://en.wikipedia.org/wiki/Senoufo_people
Croatia,Europe,Zagreb,HRV,"The necktie, known as 'cravat', originated from this country and was worn by Croatian mercenaries in the 17th century.",https://en.wikipedia.org/wiki/Cravat,"The world's smallest town, Hum, with a population of around 30 people, is located here.","https://en.wikipedia.org/wiki/Hum,_Croatia","The country is home to the world's first torpedo, which was constructed in the city of Rijeka in the 19th century.",https://en.wikipedia.org/wiki/Torpedo,The Dalmatian dog breed is named after the Dalmatia region in this country.,https://en.wikipedia.org/wiki/Dalmatian_(dog),"The country has a museum dedicated entirely to broken relationships, showcasing mementos from failed relationships.",https://en.wikipedia.org/wiki/Museum_of_Broken_Relationships,"The island of Hvar is known for having the most sunny hours in Europe, with over 2,800 hours of sunshine annually.",https://en.wikipedia.org/wiki/Hvar,"The country has a unique tradition of 'picaferaj', where people gather to watch and cheer on the local fire brigade during their training exercises.",https://en.wikipedia.org/wiki/Culture_of_Croatia#Traditions,"The city of Zadar is home to the Sea Organ, an architectural sound art object that plays music by way of sea waves and tubes located underneath a set of large marble steps.",https://en.wikipedia.org/wiki/Sea_organ,"The country has a rich tradition of licitar hearts, which are colorfully decorated biscuits made of sweet honey dough, often used as gifts.",https://en.wikipedia.org/wiki/Licitar,The island of Vis was closed to foreign visitors until 1989 due to its use as a military base.,https://en.wikipedia.org/wiki/Vis_(island)
Cuba,N. America,Havana,CUB,"The world's smallest bird, the bee hummingbird, is native to this country.",https://en.wikipedia.org/wiki/Bee_hummingbird,This country is home to the world's largest population of flamingos in the Western Hemisphere.,https://en.wikipedia.org/wiki/Flamingo,"A unique species of crocodile, the Cuban crocodile, is found only in this country.",https://en.wikipedia.org/wiki/Cuban_crocodile,"The Manjuarí, a fish species considered a living fossil, is native to this country.",https://en.wikipedia.org/wiki/Atractosteus_tristoechus,"This country has a festival called the Festival of Fire, which celebrates Caribbean culture and traditions.",https://en.wikipedia.org/wiki/Festival_of_Fire,,,,,,,,,,
Cyprus,Asia,Nicosia,CYP,"The island is home to the world's oldest known perfumery, dating back over 4,000 years.",https://en.wikipedia.org/wiki/Perfume#History,It is one of only two countries in the world that features its map on its national flag.,https://en.wikipedia.org/wiki/Flag_of_Cyprus,"The national anthem is shared with another country, making it one of the few countries to share an anthem.",https://en.wikipedia.org/wiki/National_anthem_of_Cyprus,It is the only foreign venue at which an English Royal Wedding has been held.,https://en.wikipedia.org/wiki/Royal_Wedding_(Cyprus),"The island is known for having a significant population of wild mouflon, a type of wild sheep.",https://en.wikipedia.org/wiki/Cyprus_mouflon,"It is home to the world's oldest wine label, Commandaria, which has been produced for over 5,000 years.",https://en.wikipedia.org/wiki/Commandaria,The island has a unique legal system where both common law and civil law are practiced.,https://en.wikipedia.org/wiki/Law_of_Cyprus,It is one of the few places where the endangered Mediterranean monk seal can be found.,https://en.wikipedia.org/wiki/Mediterranean_monk_seal,The island has a salt lake that is home to thousands of flamingos during the winter months.,https://en.wikipedia.org/wiki/Larnaca_Salt_Lake,"It is one of the few countries where the left-hand traffic system is used, a remnant of British colonial rule.",https://en.wikipedia.org/wiki/Left-_and_right-hand_traffic#Europe
Czech Republic (Czechia),Europe,Prague,CZE,The word 'robot' was first used in a play by Karel Čapek in 1920.,https://en.wikipedia.org/wiki/Karel_%C4%8Capek,The country has the highest per capita beer consumption in the world.,https://en.wikipedia.org/wiki/Beer_in_the_Czech_Republic,"The country is home to the Sedlec Ossuary, a small chapel decorated with human bones.",https://en.wikipedia.org/wiki/Sedlec_Ossuary,"The country has over 2,000 castles, more per square mile than any other country.",https://en.wikipedia.org/wiki/List_of_castles_in_the_Czech_Republic,"The country is the birthplace of the word 'pistol', derived from the Czech word 'píšťala'.",https://en.wikipedia.org/wiki/Pistol,"The country is known for its tradition of mushroom hunting, a popular pastime.",https://en.wikipedia.org/wiki/Mushroom_hunting,"The country has a tradition of 'name days', celebrated similarly to birthdays.",https://en.wikipedia.org/wiki/Name_days_in_the_Czech_Republic,"The country is home to the world's largest ancient castle, according to the Guinness Book of Records.",https://en.wikipedia.org/wiki/Prague_Castle,The country has a unique Easter tradition involving the whipping of women with willow branches.,https://en.wikipedia.org/wiki/Easter_in_the_Czech_Republic,The country is famous for its puppet festivals and has a rich history of puppetry.,https://en.wikipedia.org/wiki/Puppetry_in_the_Czech_Republic
Denmark,Europe,Copenhagen,DNK,"The country is home to the world's oldest amusement park, Bakken, which opened in 1583.",https://en.wikipedia.org/wiki/Dyrehavsbakken,"The country has more bicycles than cars, with over 4.2 million bicycles for a population of around 5.8 million people.",https://en.wikipedia.org/wiki/Cycling_in_Denmark,"The country is known for its concept of 'hygge,' which is a cultural idea of coziness and comfortable conviviality.",https://en.wikipedia.org/wiki/Hygge,"The country has a tradition of burning a witch effigy on a bonfire during the Midsummer Eve celebration, known as Sankt Hans Aften.",https://en.wikipedia.org/wiki/Sankt_Hans_Aften,"The country is home to the world's largest collection of ancient rune stones, located in Jelling.",https://en.wikipedia.org/wiki/Jelling_stones,The country has a unique tradition of throwing cinnamon on people who are unmarried at the age of 25.,https://en.wikipedia.org/wiki/Culture_of_Denmark#Cinnamon_tradition,"The country has a law that requires baby names to be approved by the government, with a list of about 7,000 pre-approved names.",https://en.wikipedia.org/wiki/Naming_law_in_Denmark,"The country is known for its open sandwiches, called smørrebrød, which are a traditional lunch dish.",https://en.wikipedia.org/wiki/Sm%C3%B8rrebr%C3%B8d,"The country has a flag that is the oldest continuously used national flag in the world, known as the Dannebrog.",https://en.wikipedia.org/wiki/Flag_of_Denmark,"The country has a unique tradition of building and racing soapbox cars, known as 'Odin's Races,' which are popular among children.",https://en.wikipedia.org/wiki/Culture_of_Denmark#Odin%27s_Races
Djibouti,Africa,Djibouti,DJI,"The country is home to the Lac Assal, which is the lowest point on land in Africa and one of the saltiest bodies of water in the world.",https://en.wikipedia.org/wiki/Lac_Assal_(Djibouti),,,,,,,,,,,,,,,,,,
Dominican Republic,N. America,Santo Domingo,DOM,"The country is home to the world's largest saltwater lake in the Caribbean, Lake Enriquillo.",https://en.wikipedia.org/wiki/Lake_Enriquillo,"The country has a unique musical genre called Bachata, which originated in rural neighborhoods and has become popular worldwide.",https://en.wikipedia.org/wiki/Bachata_(music),The country is the only place in the world where the endangered rhinoceros iguana can be found in the wild.,https://en.wikipedia.org/wiki/Rhinoceros_iguana,"The country is known for its amber deposits, which sometimes contain prehistoric insects and plants.",https://en.wikipedia.org/wiki/Amber,"The country has a national park, Los Haitises, that features unique karst formations and is accessible only by boat.",https://en.wikipedia.org/wiki/Los_Haitises_National_Park,"The country is home to the highest peak in the Caribbean, Pico Duarte, which stands at 3,098 meters (10,164 feet).",https://en.wikipedia.org/wiki/Pico_Duarte,"The country has a unique cultural event called the Festival de Merengue, celebrating the traditional dance and music style.",https://en.wikipedia.org/wiki/Merengue_music,"The country is one of the few places where the endangered Hispaniolan solenodon, a venomous mammal, can be found.",https://en.wikipedia.org/wiki/Hispaniolan_solenodon,"The country has a unique dish called Mangú, made from mashed plantains and often served with fried cheese and salami.",https://en.wikipedia.org/wiki/Mang%C3%BA,"The country is home to the first cathedral, castle, monastery, and fortress built in the Americas, located in the Colonial Zone.",https://en.wikipedia.org/wiki/Colonial_Zone_of_Santo_Domingo
Democratic Republic of Congo,Africa,Kinshasa,COD,"The country is home to the world's largest lava lake, located in the crater of Mount Nyiragongo.",https://en.wikipedia.org/wiki/Mount_Nyiragongo,"The Congo River is the deepest river in the world, with measured depths in excess of 220 meters (720 ft).",https://en.wikipedia.org/wiki/Congo_River,"The country has the second-largest rainforest in the world, after the Amazon.",https://en.wikipedia.org/wiki/Central_Congo_basin,The Virunga National Park is home to about a quarter of the world's critically endangered mountain gorillas.,https://en.wikipedia.org/wiki/Virunga_National_Park,"The country is one of the most linguistically diverse in the world, with over 200 languages spoken.",https://en.wikipedia.org/wiki/Languages_of_the_Democratic_Republic_of_the_Congo,"The Okapi, an animal that looks like a cross between a giraffe and a zebra, is native to the country.",https://en.wikipedia.org/wiki/Okapi,"The country is one of the world's largest producers of cobalt, a key component in batteries for electric vehicles.",https://en.wikipedia.org/wiki/Mining_industry_of_the_Democratic_Republic_of_the_Congo,"The Boyoma Falls, consisting of seven cataracts, is one of the largest waterfall systems in the world by volume.",https://en.wikipedia.org/wiki/Boyoma_Falls,"The country has a national park, Garamba, which is one of the oldest in Africa, established in 1938.",https://en.wikipedia.org/wiki/Garamba_National_Park,"The country is home to the world's largest population of bonobos, an endangered great ape species.",https://en.wikipedia.org/wiki/Bonobo
Ecuador,S. America,Quito,ECU,"The country is home to the world's first and second UNESCO World Heritage Sites, the Galápagos Islands and the city of Quito.",https://en.wikipedia.org/wiki/Ecuador#World_Heritage_Sites,"It is one of the few countries in the world that does not have a standing military force, having abolished its military in 2008.",https://en.wikipedia.org/wiki/Ecuador#Military,"The country is named after the equator, which runs through it, but the actual equator line is located about 240 kilometers north of the capital.",https://en.wikipedia.org/wiki/Ecuador#Geography,"It is one of the world's largest exporters of bananas, accounting for about 29% of global banana exports.",https://en.wikipedia.org/wiki/Economy_of_Ecuador#Agriculture,"The country has a unique biodiversity, with over 1,600 species of birds, making it one of the most diverse avian habitats in the world.",https://en.wikipedia.org/wiki/Ecuador#Biodiversity,"The national dish, ceviche, is traditionally served with popcorn as a side dish.",https://en.wikipedia.org/wiki/Ecuadorian_cuisine#Ceviche,The country has a unique tradition of burning effigies called 'años viejos' on New Year's Eve to symbolize getting rid of the past year's misfortunes.,https://en.wikipedia.org/wiki/Ecuadorian_culture#Festivals,"It is home to the world's highest active volcano, Cotopaxi, which stands at 5,897 meters (19,347 feet).",https://en.wikipedia.org/wiki/Cotopaxi,"The country has a unique law that allows nature to have constitutional rights, recognizing ecosystems as having the right to exist and flourish.",https://en.wikipedia.org/wiki/Rights_of_Nature#Ecuador,"The currency used is the United States dollar, which was adopted in 2000 after a banking crisis.",https://en.wikipedia.org/wiki/Economy_of_Ecuador#Currency
Egypt,Africa,Cairo,EGY,"The ancient civilization was one of the first to invent writing, with hieroglyphs being one of the earliest forms of written communication.",https://en.wikipedia.org/wiki/History_of_ancient_Egypt#Writing,The Great Pyramid of Giza is the only one of the Seven Wonders of the Ancient World still in existence.,https://en.wikipedia.org/wiki/Great_Pyramid_of_Giza,"The country is home to the world's oldest dress, known as the Tarkhan Dress, which dates back over 5,000 years.",https://en.wikipedia.org/wiki/Tarkhan_dress,"The ancient civilization was one of the first to domesticate cats, which were revered and often mummified.",https://en.wikipedia.org/wiki/Cats_in_ancient_Egypt,"The Library of Alexandria was one of the largest and most significant libraries of the ancient world, attracting scholars from various regions.",https://en.wikipedia.org/wiki/Library_of_Alexandria,,,,,,,,,,
El Salvador,N. America,San Salvador,SLV,"The country is home to the Santa Ana Volcano, which last erupted in 2005 and is known for its stunning turquoise crater lake.",https://en.wikipedia.org/wiki/Santa_Ana_Volcano,"The national dish is the pupusa, a thick corn tortilla stuffed with various fillings like cheese, beans, or meat.",https://en.wikipedia.org/wiki/Pupusa,It is the only country in Central America that does not have a coastline on the Caribbean Sea.,https://en.wikipedia.org/wiki/El_Salvador,"The country has a national bird called the Torogoz, known for its vibrant colors and long tail feathers.",https://en.wikipedia.org/wiki/Turquoise-browed_motmot,"It is one of the few countries in the world that has a national holiday dedicated to surfing, known as National Surf Day.",https://en.wikipedia.org/wiki/Surfing_in_El_Salvador,"The country has a unique festival called La Bajada, where participants dress as devils and angels to reenact the battle between good and evil.",https://en.wikipedia.org/wiki/La_Bajada,"It is home to the Joya de Cerén, a UNESCO World Heritage site often referred to as the 'Pompeii of the Americas' due to its well-preserved ancient village.",https://en.wikipedia.org/wiki/Joya_de_Cer%C3%A9n,"The country has a unique form of traditional music called Xuc, which combines indigenous and Spanish influences.",https://en.wikipedia.org/wiki/Xuc,"It is one of the few countries in the world where the US dollar is the official currency, alongside its own currency, the colón.",https://en.wikipedia.org/wiki/El_Salvador,"The country has a national park named after a famous poet, Walter Thilo Deininger, known for its rich biodiversity and hiking trails.",https://en.wikipedia.org/wiki/Walter_Thilo_Deininger_National_Park
Equatorial Guinea,Africa,Malabo,GNQ,It is the only country in Africa where Spanish is an official language.,https://en.wikipedia.org/wiki/Equatorial_Guinea#Languages,The country is made up of a mainland region and five inhabited islands.,https://en.wikipedia.org/wiki/Equatorial_Guinea#Geography,"It has one of the highest literacy rates in Africa, with over 95% of the population being literate.",https://en.wikipedia.org/wiki/Equatorial_Guinea#Education,"The national currency is the Central African CFA franc, which is also used by several other countries in the region.",https://en.wikipedia.org/wiki/Equatorial_Guinea#Economy,The country is a member of the Organization of the Petroleum Exporting Countries (OPEC).,https://en.wikipedia.org/wiki/Equatorial_Guinea#Economy,It is one of the smallest countries in Africa by land area.,https://en.wikipedia.org/wiki/Equatorial_Guinea#Geography,The country has a tropical climate with distinct wet and dry seasons.,https://en.wikipedia.org/wiki/Equatorial_Guinea#Climate,"The national flag features a silk cotton tree, which is a symbol of the country.",https://en.wikipedia.org/wiki/Flag_of_Equatorial_Guinea,The country gained independence from Spain in 1968.,https://en.wikipedia.org/wiki/Equatorial_Guinea#History,"The country is known for its rich biodiversity, including many endemic species.",https://en.wikipedia.org/wiki/Equatorial_Guinea#Wildlife
Eritrea,Africa,Asmara,ERI,"The country has no official language, but Tigrinya, Arabic, and English are widely used.",https://en.wikipedia.org/wiki/Eritrea#Languages,"The country has one of the lowest car ownership rates in the world, with only about 7 vehicles per 1,000 people.",https://en.wikipedia.org/wiki/Eritrea#Transport,The country is one of the few in the world that has a national service program that is mandatory for both men and women.,https://en.wikipedia.org/wiki/Eritrea#National_service,The country has a unique calendar system that is seven years and eight months behind the Gregorian calendar.,https://en.wikipedia.org/wiki/Eritrean_calendar,"The country is home to the Dahlak Archipelago, which consists of over 200 islands, most of which are uninhabited.",https://en.wikipedia.org/wiki/Dahlak_Archipelago,"The country has a railway system that was built by the Italians in the early 20th century and is still operational today, using vintage steam locomotives.",https://en.wikipedia.org/wiki/Eritrean_Railway,"The country has a tradition of coffee ceremonies, which are an important social event and can last for hours.",https://en.wikipedia.org/wiki/Eritrean_cuisine#Coffee_ceremony,"The country has a unique form of traditional wrestling called 'Tigre wrestling,' which is a popular sport.",https://en.wikipedia.org/wiki/Sport_in_Eritrea#Traditional_sports,"The country has a national festival called 'Festival Eritrea,' which showcases the diverse cultures and traditions of its people.",https://en.wikipedia.org/wiki/Festival_Eritrea,"The country is one of the few in the world that does not have any privately owned media outlets, with all media being state-owned.",https://en.wikipedia.org/wiki/Media_of_Eritrea
Estonia,Europe,Tallinn,EST,"It is home to the world's largest collection of folk songs, with over 133,000 recorded.",https://en.wikipedia.org/wiki/Estonian_folklore,It has one of the highest numbers of meteorite craters per land area in the world.,https://en.wikipedia.org/wiki/List_of_meteor_craters_in_Estonia,"It is one of the least religious countries in the world, with only 14% of the population declaring religion as important.",https://en.wikipedia.org/wiki/Religion_in_Estonia,"It is known for its digital society, being the first country to offer e-residency, a government-issued digital identity.",https://en.wikipedia.org/wiki/E-residency_of_Estonia,"It has a fifth season, a unique natural phenomenon where certain areas are flooded, creating a temporary lake.",https://en.wikipedia.org/wiki/Soomaa_National_Park,"It has a tradition of wife-carrying competitions, which originated in the 1990s.",https://en.wikipedia.org/wiki/Wife-carrying,It is one of the few countries in the world where the national flag is hoisted every day on the tallest flagpole in the country.,https://en.wikipedia.org/wiki/Flag_of_Estonia,"It has a unique sport called kiiking, which involves swinging 360 degrees on a long swing.",https://en.wikipedia.org/wiki/Kiiking,"It is home to the world's oldest continuously operating pharmacy, established in 1422.",https://en.wikipedia.org/wiki/Raeapteek,"It has a tradition of sauna marathons, where participants visit multiple saunas in one day.",https://en.wikipedia.org/wiki/Sauna#Estonia
Ethiopia,Africa,Addis Ababa,ETH,"The country has its own unique calendar system, which is about seven to eight years behind the Gregorian calendar used by most of the world.",https://en.wikipedia.org/wiki/Ethiopian_calendar,"It is home to the world's only known population of the Gelada, a grass-eating primate sometimes called the 'bleeding-heart monkey' due to the red patch of skin on its chest.",https://en.wikipedia.org/wiki/Gelada,"The country is one of the few in the world where the ancient tradition of 'church forests' is preserved, where small patches of forest are protected around churches, serving as biodiversity hotspots.",https://en.wikipedia.org/wiki/Church_forest,,,,,,,,,,,,,,
Fiji,Australia,Suva,FJI,"The country is home to the world's third longest barrier reef system, the Great Sea Reef.",https://en.wikipedia.org/wiki/Great_Sea_Reef,"The country has a tradition of firewalking, which originated on the island of Beqa.",https://en.wikipedia.org/wiki/Firewalking#Fiji,The country is one of the few places where the practice of eating human flesh was once common.,https://en.wikipedia.org/wiki/Cannibalism_in_Fiji,"The country has a unique form of rugby called 'Rugby Sevens', which is a variant of rugby union with only seven players per side.",https://en.wikipedia.org/wiki/Rugby_sevens,"The country is known for its traditional drink called 'kava', made from the root of the yaqona plant.",https://en.wikipedia.org/wiki/Kava,"The country has a unique form of communal land ownership, with about 87% of the land being owned by indigenous people.",https://en.wikipedia.org/wiki/Land_tenure_in_Fiji,"The country has a history of political coups, with four occurring between 1987 and 2006.",https://en.wikipedia.org/wiki/History_of_Fiji#Coups_and_political_instability,"The country is home to the endangered crested iguana, which is found only on a few of its islands.",https://en.wikipedia.org/wiki/Fiji_crested_iguana,"The country has a unique form of traditional architecture, with houses called 'bures' that are made from natural materials.",https://en.wikipedia.org/wiki/Bure_(Fijian_house),"The country has a vibrant tradition of meke, a traditional form of dance and storytelling.",https://en.wikipedia.org/wiki/Meke
Finland,Europe,Helsinki,FIN,"There is a tradition of wife-carrying competitions, where husbands race while carrying their wives on their backs.",https://en.wikipedia.org/wiki/Wife-carrying,The country is home to the world's only museum dedicated to the art of saunas.,https://en.wikipedia.org/wiki/Sauna,"It has a national sleep day, celebrated annually to promote the importance of sleep.",https://en.wikipedia.org/wiki/National_Sleep_Day,"The country has more saunas than cars, with an estimated 2 million saunas for a population of 5.5 million.",https://en.wikipedia.org/wiki/Sauna,"It is known for hosting the annual Air Guitar World Championships, where participants pretend to play rock or heavy metal guitar solos.",https://en.wikipedia.org/wiki/Air_Guitar_World_Championships,"The country has a national day dedicated to failure, encouraging people to learn from their mistakes.",https://en.wikipedia.org/wiki/Day_for_Failure,"It is home to the world's largest archipelago, with over 70,000 islands.",https://en.wikipedia.org/wiki/Archipelago_Sea,"The country has a unique sport called 'pesäpallo,' which is similar to baseball but with distinct differences.",https://en.wikipedia.org/wiki/Pes%C3%A4pallo,"It is known for its heavy metal music scene, with more heavy metal bands per capita than any other country.",https://en.wikipedia.org/wiki/Heavy_metal_music,"The country has a tradition of 'kalsarikännit,' which means drinking at home in your underwear with no intention of going out.",https://en.wikipedia.org/wiki/Kalsarik%C3%A4nnit
France,Europe,Paris,FRA,"The croissant, often associated with this country, actually originated in Austria.",https://en.wikipedia.org/wiki/Croissant,"The shortest reign of a monarch in this country was just 20 minutes, held by Louis XIX.","https://en.wikipedia.org/wiki/Louis_Antoine,_Duke_of_Angoul%C3%AAme",The country is home to the world's first artificial heart transplant and face transplant.,https://en.wikipedia.org/wiki/Healthcare_in_France,"The country has a town named Condom, which is twinned with a town called 'Pfullendorf' in Germany.","https://en.wikipedia.org/wiki/Condom,_Gers","The country is the birthplace of the metric system, which was developed during the French Revolution.",https://en.wikipedia.org/wiki/Metric_system,The country has a law that forbids naming a pig Napoleon.,https://en.wikipedia.org/wiki/Napoleon,"The country is home to the world's largest art museum, which is also a historic monument.",https://en.wikipedia.org/wiki/Louvre,"The country has a tradition of April Fool's Day called 'Poisson d'Avril,' where people stick paper fish on each other's backs.",https://en.wikipedia.org/wiki/April_Fools%27_Day,"The country has a national holiday called 'Bastille Day,' which celebrates the storming of a prison.",https://en.wikipedia.org/wiki/Bastille_Day,"The country is known for having a 'Spaghetti Harvest' hoax broadcasted by the BBC in 1957, which many believed.",https://en.wikipedia.org/wiki/Spaghetti_tree_hoax
Gabon,Africa,Libreville,GAB,"The country is home to the world's largest population of mandrills, a colorful primate known for its vibrant blue and red face.",https://en.wikipedia.org/wiki/Mandrill,"The country has a unique tradition of Bwiti, a spiritual discipline that involves the use of the hallucinogenic plant iboga.",https://en.wikipedia.org/wiki/Bwiti,The country is one of the few places where the critically endangered forest elephant can be found in significant numbers.,https://en.wikipedia.org/wiki/Forest_elephant,The country has a national park that is one of the only places in the world where hippos are known to surf ocean waves.,https://en.wikipedia.org/wiki/Loango_National_Park,"The country is known for its unique style of music called 'iboga music,' which is used in traditional ceremonies and healing rituals.",https://en.wikipedia.org/wiki/Music_of_Gabon,,,,,,,,,,
Gambia,Africa,Banjul,GMB,"The country is known for its unusual shape, which is a narrow strip of land that follows the path of a river for about 320 kilometers.",https://en.wikipedia.org/wiki/The_Gambia#Geography,It is one of the few countries in the world that has a short coastline of only about 80 kilometers.,https://en.wikipedia.org/wiki/The_Gambia#Geography,"The country has a unique tradition of wrestling, which is considered the national sport and is more popular than football.",https://en.wikipedia.org/wiki/The_Gambia#Culture,"It is home to the Kachikally Crocodile Pool, a sacred site where people believe the water has healing powers and women visit to enhance fertility.",https://en.wikipedia.org/wiki/Kachikally_Crocodile_Pool,The country has a public holiday called 'Freedom Day' which commemorates the 1965 independence from British colonial rule.,https://en.wikipedia.org/wiki/Public_holidays_in_The_Gambia,,,,,,,,,,
Georgia,Asia,Tbilisi,GEO,"The ancient wine-making tradition dates back over 8,000 years, making it one of the oldest wine regions in the world.",https://en.wikipedia.org/wiki/History_of_wine#Georgia,"The national dance, Kartuli, is a romantic dance that represents the chivalry and love of a man for a woman.",https://en.wikipedia.org/wiki/Georgian_dance#Kartuli,The alphabet is one of only 14 unique alphabets in the world.,https://en.wikipedia.org/wiki/Georgian_scripts,"The country is home to the world's deepest cave, Veryovkina Cave, which reaches a depth of 2,212 meters.",https://en.wikipedia.org/wiki/Veryovkina_Cave,"The traditional feast, called a supra, is led by a toastmaster known as a tamada, who is responsible for making toasts throughout the meal.",https://en.wikipedia.org/wiki/Supra_(feast),"The national sport is rugby union, and the team is known as The Lelos.",https://en.wikipedia.org/wiki/Rugby_union_in_Georgia,"The country has a unique breed of sheep called the Tushuri, known for their high-quality wool.",https://en.wikipedia.org/wiki/Tushuri_sheep,"The region of Svaneti is known for its medieval stone towers, which were used as defense structures and family homes.",https://en.wikipedia.org/wiki/Svaneti#Architecture,"The country has a tradition of polyphonic singing, which is recognized by UNESCO as an Intangible Cultural Heritage of Humanity.",https://en.wikipedia.org/wiki/Georgian_polyphony,"The national dish, khinkali, is a type of dumpling filled with spiced meat and broth, eaten by hand with a specific technique to avoid spilling the juice.",https://en.wikipedia.org/wiki/Khinkali
Germany,Europe,Berlin,DEU,"The world's narrowest street, Spreuerhofstraße, is located in Reutlingen and measures only 31 centimeters at its narrowest point.",https://en.wikipedia.org/wiki/Spreuerhofstra%C3%9Fe,"The tradition of the Christmas tree originated here, with the first recorded use dating back to the 16th century.",https://en.wikipedia.org/wiki/Christmas_tree#History,"The country is home to the world's largest cuckoo clock, located in the Black Forest.",https://en.wikipedia.org/wiki/Cuckoo_clock,"The first printed book, the Gutenberg Bible, was produced in Mainz in the 15th century.",https://en.wikipedia.org/wiki/Gutenberg_Bible,"The country has over 1,500 different types of sausages.",https://en.wikipedia.org/wiki/Sausage#Germany,The tradition of Oktoberfest began in 1810 as a royal wedding celebration.,https://en.wikipedia.org/wiki/Oktoberfest,"The country is known for its Autobahn, which has sections with no speed limit.",https://en.wikipedia.org/wiki/Autobahn,"The country is home to the world's largest beer festival, Oktoberfest, held annually in Munich.",https://en.wikipedia.org/wiki/Oktoberfest,"The Brothers Grimm, famous for their fairy tales, were born here and collected stories from the region.",https://en.wikipedia.org/wiki/Brothers_Grimm,"The country has more than 20,000 castles, with some dating back over 1,000 years.",https://en.wikipedia.org/wiki/List_of_castles_in_Germany
Ghana,Africa,Accra,GHA,"The country is home to Lake Volta, the largest artificial reservoir in the world by surface area.",https://en.wikipedia.org/wiki/Lake_Volta,"The country has a unique festival called the Chale Wote Street Art Festival, which transforms the streets into a vibrant art gallery.",https://en.wikipedia.org/wiki/Chale_Wote_Street_Art_Festival,"The country is known for its traditional kente cloth, which is made of silk and cotton and is native to the Akan ethnic group.",https://en.wikipedia.org/wiki/Kente_cloth,The country has a sacred crocodile pond where the reptiles are believed to be friendly and are not harmed by the locals.,https://en.wikipedia.org/wiki/Paga_Crocodile_Pond,"The country is one of the world's largest producers of cocoa beans, a key ingredient in chocolate.",https://en.wikipedia.org/wiki/Cocoa_production_in_Ghana,The country has a unique coffin art tradition where coffins are designed to represent the deceased's profession or interests.,https://en.wikipedia.org/wiki/Fantasy_coffin,"The country is home to the Kakum National Park, which features a canopy walkway that is one of only a few in Africa.",https://en.wikipedia.org/wiki/Kakum_National_Park,"The country has a rich tradition of storytelling, with Anansi the spider being one of the most famous folklore characters.",https://en.wikipedia.org/wiki/Anansi,The country has a unique naming system where children are named based on the day of the week they are born.,https://en.wikipedia.org/wiki/Akan_names,"The country has a vibrant music scene, with highlife music being one of its most popular genres.",https://en.wikipedia.org/wiki/Highlife
Greece,Europe,Athens,GRC,"The word 'tragedy' is derived from the Greek word 'tragodia', which means 'goat song'.",https://en.wikipedia.org/wiki/Tragedy,The first vending machine was invented by Hero of Alexandria in the 1st century AD.,https://en.wikipedia.org/wiki/Vending_machine,"The ancient Greeks invented the yo-yo, which is considered the second oldest toy in the world.",https://en.wikipedia.org/wiki/Yo-yo,The Olympic Games were originally a religious festival in honor of Zeus.,https://en.wikipedia.org/wiki/Ancient_Olympic_Games,The ancient Greeks believed that redheads would turn into vampires after they died.,https://en.wikipedia.org/wiki/Vampire_folklore_by_region#Greece,The word 'alphabet' comes from the first two letters of the Greek alphabet: alpha and beta.,https://en.wikipedia.org/wiki/Alphabet,"The first recorded labor strike in history took place in Egypt, but it was organized by Greek workers.",https://en.wikipedia.org/wiki/Labor_strike#History,The Greeks were the first to use an umbrella as a sunshade.,https://en.wikipedia.org/wiki/Umbrella,"The ancient Greeks used to wear a type of shoe called 'kothorni', which had high wooden soles.",https://en.wikipedia.org/wiki/Kothorni,The philosopher Pythagoras had a phobia of beans and believed they contained the souls of the dead.,https://en.wikipedia.org/wiki/Pythagoras
Guatemala,N. America,Guatemala City,GTM,"The national bird is the resplendent quetzal, which is also the name of the currency.",https://en.wikipedia.org/wiki/Resplendent_quetzal,"The country is home to the deepest lake in Central America, Lake Atitlán, which is surrounded by three volcanoes.",https://en.wikipedia.org/wiki/Lake_Atitl%C3%A1n,"The ancient Maya civilization built the city of Tikal, one of the largest archaeological sites of the pre-Columbian Maya civilization.",https://en.wikipedia.org/wiki/Tikal,"The country has a unique dish called 'Fiambre,' traditionally eaten on the Day of the Dead, which can contain over 50 ingredients.",https://en.wikipedia.org/wiki/Fiambre,"The national instrument is the marimba, a type of xylophone that is played in many traditional music ensembles.",https://en.wikipedia.org/wiki/Marimba,"The country has a rare breed of dog called the 'Guatemalan Dogo,' which is known for its strength and loyalty.",https://en.wikipedia.org/wiki/Guatemalan_Dogo,"The country is one of the world's largest producers of jade, a precious stone highly valued by the ancient Maya.",https://en.wikipedia.org/wiki/Jade,"The country has a unique tradition of 'Worry Dolls,' small handmade dolls that children tell their worries to before placing them under their pillows at night.",https://en.wikipedia.org/wiki/Worry_doll,"The country is home to the largest sinkhole in Central America, known as the 'Devil's Sinkhole,' which is over 200 meters deep.",https://en.wikipedia.org/wiki/Sinkhole,"The country has a unique festival called 'La Quema del Diablo' (The Burning of the Devil), where people burn effigies to cleanse their homes of evil spirits.",https://en.wikipedia.org/wiki/La_Quema_del_Diablo
Guinea,Africa,Conakry,GIN,"The country is home to the world's largest reserves of bauxite, the main source of aluminum.",https://en.wikipedia.org/wiki/Guinea#Economy,"The national currency is called the Guinean franc, which was introduced in 1959.",https://en.wikipedia.org/wiki/Guinean_franc,The country has a unique system of traditional healers known as 'feticheurs' who are believed to have spiritual powers.,https://en.wikipedia.org/wiki/Guinea#Culture,The Fouta Djallon highlands are known as the 'water tower of West Africa' due to their role in feeding major rivers.,https://en.wikipedia.org/wiki/Fouta_Djallon,"The country has a rich tradition of storytelling, with griots serving as oral historians and musicians.",https://en.wikipedia.org/wiki/Guinea#Culture,The Simandou mountain range is home to one of the largest untapped iron ore deposits in the world.,https://en.wikipedia.org/wiki/Simandou,The country is one of the few places where the critically endangered Western chimpanzee can be found.,https://en.wikipedia.org/wiki/Western_chimpanzee,"The national dish is 'Poulet Yassa,' a spicy marinated chicken dish.",https://en.wikipedia.org/wiki/Guinean_cuisine,"The country has a unique form of wrestling known as 'Laamb,' which is a popular traditional sport.",https://en.wikipedia.org/wiki/Guinea#Culture,"The country is part of the 'Mano River Union,' a regional organization aimed at promoting economic integration.",https://en.wikipedia.org/wiki/Mano_River_Union
Guinea-Bissau,Africa,Bissau,GNB,The country is one of the world's top producers of cashew nuts.,https://en.wikipedia.org/wiki/Guinea-Bissau#Economy,"The national flag features a black star, which symbolizes African unity.",https://en.wikipedia.org/wiki/Flag_of_Guinea-Bissau,The country has a unique system of matrilineal inheritance in some ethnic groups.,https://en.wikipedia.org/wiki/Guinea-Bissau#Demographics,"The official language is Portuguese, but it is spoken by only about 11% of the population.",https://en.wikipedia.org/wiki/Guinea-Bissau#Languages,"The country is home to the Bijagós Archipelago, a UNESCO Biosphere Reserve.",https://en.wikipedia.org/wiki/Bijag%C3%B3s_Archipelago,"The country has a history of political instability, with numerous coups since independence.",https://en.wikipedia.org/wiki/Guinea-Bissau#Politics,"The national currency is the West African CFA franc, shared with several other countries.",https://en.wikipedia.org/wiki/Guinea-Bissau#Economy,"The country has a rich tradition of oral literature, including epic poetry and storytelling.",https://en.wikipedia.org/wiki/Guinea-Bissau#Culture,The country is one of the few in the world where hippos can be found in saltwater.,https://en.wikipedia.org/wiki/Guinea-Bissau#Wildlife,"The country has a vibrant music scene, with genres like gumbe and kussundé.",https://en.wikipedia.org/wiki/Music_of_Guinea-Bissau
Guyana,S. America,Georgetown,GUY,The only English-speaking country in South America.,https://en.wikipedia.org/wiki/Guyana#Language,"Home to the world's largest single-drop waterfall, Kaieteur Falls.",https://en.wikipedia.org/wiki/Kaieteur_Falls,"Has a significant population of jaguars, which are often spotted in the Iwokrama Forest.",https://en.wikipedia.org/wiki/Iwokrama_Forest,"The national dish is pepperpot, a slow-cooked meat stew with Amerindian origins.",https://en.wikipedia.org/wiki/Pepperpot_(food),"The Demerara River is famous for its brown sugar, known as Demerara sugar.",https://en.wikipedia.org/wiki/Demerara_sugar,"The Stabroek Market, built in 1881, is one of the largest markets in the Caribbean.",https://en.wikipedia.org/wiki/Stabroek_Market,"Home to the world's largest scaled freshwater fish, the Arapaima.",https://en.wikipedia.org/wiki/Arapaima,The only country in South America where cricket is the most popular sport.,https://en.wikipedia.org/wiki/Sport_in_Guyana,The Iwokrama Canopy Walkway offers a unique view of the rainforest from 30 meters above ground.,https://en.wikipedia.org/wiki/Iwokrama_Canopy_Walkway,The Essequibo River is the largest river in the country and the third largest in South America.,https://en.wikipedia.org/wiki/Essequibo_River
Haiti,N. America,Port-au-Prince,HTI,The national palace was destroyed twice by natural disasters: first in 1842 by an earthquake and then in 2010 by another earthquake.,https://en.wikipedia.org/wiki/Presidential_Palace_(Haiti),"The country is home to the world's largest solar-powered hospital, Hôpital Universitaire de Mirebalais.",https://en.wikipedia.org/wiki/H%C3%B4pital_Universitaire_de_Mirebalais,"It is the only nation in the Americas to have defeated three European superpowers: France, Spain, and Britain.",https://en.wikipedia.org/wiki/Haitian_Revolution,The Citadelle Laferrière is the largest fortress in the Americas and was built to defend against a possible French invasion.,https://en.wikipedia.org/wiki/Citadelle_Laferrière,The country has a unique soup called 'Soup Joumou' which is traditionally consumed on New Year's Day to celebrate independence.,https://en.wikipedia.org/wiki/Soup_joumou,,,,,,,,,,
Honduras,N. America,Tegucigalpa,HND,"The country is home to the world's second-largest coral reef, the Mesoamerican Barrier Reef.",https://en.wikipedia.org/wiki/Honduras#Biodiversity,"The national bird is the scarlet macaw, which is also a symbol of the country.",https://en.wikipedia.org/wiki/Honduras#Biodiversity,"The country has a unique tradition called 'La Carrera de Cintas,' a horseback riding event where participants try to spear a ribbon with a stick.",https://en.wikipedia.org/wiki/Honduras#Culture,"The Lempira, the national currency, is named after a 16th-century indigenous leader who resisted Spanish conquest.",https://en.wikipedia.org/wiki/Honduran_lempira,"The country has a town named 'Gracias,' which means 'thank you' in Spanish.","https://en.wikipedia.org/wiki/Gracias,_Lempira","The country is known for its 'Holy Week' celebrations, which include elaborate street carpets made of colored sawdust.",https://en.wikipedia.org/wiki/Honduras#Culture,"The country has a significant population of Garifuna people, descendants of African, Arawak, and Carib ancestry.",https://en.wikipedia.org/wiki/Garifuna,The country is one of the few places where the endangered Honduran Emerald hummingbird can be found.,https://en.wikipedia.org/wiki/Honduran_emerald,"The country has a unique dish called 'baleada,' a flour tortilla filled with beans, cheese, and other ingredients.",https://en.wikipedia.org/wiki/Baleada,"The country is home to the ancient Mayan city of Copán, known for its intricate stone sculptures and hieroglyphs.",https://en.wikipedia.org/wiki/Cop%C3%A1n
Hungary,Europe,Budapest,HUN,"The Rubik's Cube, a world-famous 3D combination puzzle, was invented in 1974 by Ernő Rubik, a professor of architecture.",https://en.wikipedia.org/wiki/Rubik%27s_Cube,"The country is home to the largest thermal water cave system in the world, with over 200 caves.",https://en.wikipedia.org/wiki/Caves_of_Hungary,"The country has won more Olympic gold medals per capita than any other nation, with a strong tradition in water sports and fencing.",https://en.wikipedia.org/wiki/Hungary_at_the_Olympics,"The country is known for its unique language, which is part of the Finno-Ugric language family, making it unrelated to most other languages in Europe.",https://en.wikipedia.org/wiki/Hungarian_language,"The country is famous for its 'Busójárás' festival, a six-day carnival in February where people wear masks and costumes to scare away winter.",https://en.wikipedia.org/wiki/Bus%C3%B3j%C3%A1r%C3%A1s,,,,,,,,,,
Iceland,Europe,Reykjavik,ISL,"The country has no standing army, navy, or air force, but it does have a coast guard.",https://en.wikipedia.org/wiki/Military_of_Iceland,"It is home to the world's oldest parliament, the Althing, established in 930 AD.",https://en.wikipedia.org/wiki/Althing,"The country is one of the most eco-friendly countries, with nearly 100% of its electricity coming from renewable sources.",https://en.wikipedia.org/wiki/Renewable_energy_in_Iceland,It is the only NATO member with no military forces.,https://en.wikipedia.org/wiki/Iceland_and_NATO,"The country has a penis museum, the Icelandic Phallological Museum, which houses a collection of phallic specimens.",https://en.wikipedia.org/wiki/Icelandic_Phallological_Museum,It is one of the few countries in the world where you can see the Northern Lights.,https://en.wikipedia.org/wiki/Aurora,"The country has a unique naming system where surnames are not used; instead, patronymic or matronymic names are used.",https://en.wikipedia.org/wiki/Icelandic_name,It is one of the most sparsely populated countries in Europe.,https://en.wikipedia.org/wiki/Demographics_of_Iceland,"The country has a strong belief in elves and hidden people, with some construction projects being altered to avoid disturbing them.",https://en.wikipedia.org/wiki/Icelandic_folklore,"It is home to the world's first democratically elected female president, Vigdís Finnbogadóttir, who served from 1980 to 1996.",https://en.wikipedia.org/wiki/Vigd%C3%ADs_Finnbogad%C3%B3ttir
India,Asia,New Delhi,IND,The world's only floating post office is located on a lake.,https://en.wikipedia.org/wiki/Floating_post_office,"A temple dedicated to rats exists, where they are revered and protected.",https://en.wikipedia.org/wiki/Karni_Mata_Temple,A village is known for its tradition of welcoming newborn girls by planting 111 trees.,https://en.wikipedia.org/wiki/Piplantri,A festival involves people throwing colored powders at each other in celebration.,https://en.wikipedia.org/wiki/Holi,A stepwell is so intricately designed that it is often mistaken for a temple.,https://en.wikipedia.org/wiki/Chand_Baori,"A temple is home to over 20,000 free-roaming monkeys.",https://en.wikipedia.org/wiki/Galta_Ji,"A town is famous for its annual camel fair, one of the largest in the world.",https://en.wikipedia.org/wiki/Pushkar_Fair,"A village has a tradition where people live in houses without doors, believing in the protection of a deity.",https://en.wikipedia.org/wiki/Shani_Shingnapur,A festival involves people walking on fire as a form of devotion.,https://en.wikipedia.org/wiki/Thimithi,A temple is known for its architecture that resembles a chariot.,https://en.wikipedia.org/wiki/Konark_Sun_Temple
Indonesia,Asia,Jakarta,IDN,"The world's largest flower, Rafflesia arnoldii, can be found in the rainforests here.",https://en.wikipedia.org/wiki/Rafflesia_arnoldii,"It is home to the Komodo dragon, the largest living species of lizard.",https://en.wikipedia.org/wiki/Komodo_dragon,"The country has over 17,000 islands, but only about 6,000 are inhabited.",https://en.wikipedia.org/wiki/Geography_of_Indonesia,It is the only place where you can find the Javan rhinoceros in the wild.,https://en.wikipedia.org/wiki/Javan_rhinoceros,"The country has the world's largest Muslim population, but it is not an Islamic state.",https://en.wikipedia.org/wiki/Islam_in_Indonesia,The Toraja people have elaborate funeral rites that can last several days.,https://en.wikipedia.org/wiki/Toraja,"The country is home to the world's largest volcanic lake, Lake Toba.",https://en.wikipedia.org/wiki/Lake_Toba,It has a unique traditional martial art called Pencak Silat.,https://en.wikipedia.org/wiki/Pencak_Silat,"The Bajau people, known as 'sea nomads,' traditionally live on boats.",https://en.wikipedia.org/wiki/Bajau_people,"The country has a pink sand beach on Komodo Island, one of only a few in the world.",https://en.wikipedia.org/wiki/Komodo_National_Park
Iran,Asia,Tehran,IRN,"The game of polo, which is now played worldwide, originated in this country over 2,500 years ago.",https://en.wikipedia.org/wiki/Polo#History,"This country is home to the world's largest brick dome, the Dome of Soltaniyeh, which was built in the 14th century.",https://en.wikipedia.org/wiki/Dome_of_Soltan%C3%ADyeh,"The world's oldest known windmills were built in this country, dating back to the 7th century.",https://en.wikipedia.org/wiki/Windmill#Early_history,"This country has a ski resort, Dizin, which is one of the highest in the world, located at an altitude of 3,600 meters.",https://en.wikipedia.org/wiki/Dizin,"The world's first known artificial refrigeration was created in this country using a structure called a yakhchāl, which dates back to 400 BC.",https://en.wikipedia.org/wiki/Yakhch%C4%81l,,,,,,,,,,
Iraq,Asia,Baghdad,IRQ,"The world's oldest known writing system, cuneiform, was developed by the Sumerians in the region.",https://en.wikipedia.org/wiki/Cuneiform,"The region is home to the ancient city of Babylon, famous for its Hanging Gardens, one of the Seven Wonders of the Ancient World.",https://en.wikipedia.org/wiki/Babylon,"The Tigris and Euphrates rivers, which run through the country, are often associated with the biblical Garden of Eden.",https://en.wikipedia.org/wiki/Tigris%E2%80%93Euphrates_river_system,"The region is considered the birthplace of the wheel, with the earliest known wheel dating back to around 3500 BC.",https://en.wikipedia.org/wiki/Wheel,"The Code of Hammurabi, one of the oldest deciphered writings of significant length in the world, originated here.",https://en.wikipedia.org/wiki/Code_of_Hammurabi,The region was part of the Ottoman Empire for several centuries until the end of World War I.,https://en.wikipedia.org/wiki/Ottoman_Iraq,"The Marsh Arabs, or Ma'dan, have lived in the marshlands of the region for thousands of years, maintaining a unique culture and lifestyle.",https://en.wikipedia.org/wiki/Marsh_Arabs,"The ziggurat of Ur, a massive step pyramid, is one of the best-preserved structures from ancient Mesopotamia.",https://en.wikipedia.org/wiki/Ziggurat_of_Ur,"The region is known for its rich tradition of storytelling, including the famous collection of Middle Eastern folk tales, One Thousand and One Nights.",https://en.wikipedia.org/wiki/One_Thousand_and_One_Nights,"The country is home to the ancient city of Uruk, considered one of the first major cities in human history.",https://en.wikipedia.org/wiki/Uruk
Ireland,Europe,Dublin,IRL,"The longest place name in the country is Muckanaghederdauhaulia, a small village in County Galway.",https://en.wikipedia.org/wiki/Muckanaghederdauhaulia,"The country is home to the oldest known field system in the world, the Céide Fields, which date back to 3500 BC.",https://en.wikipedia.org/wiki/C%C3%A9ide_Fields,"The country has won the Eurovision Song Contest a record seven times, more than any other country.",https://en.wikipedia.org/wiki/Ireland_in_the_Eurovision_Song_Contest,"The national symbol is the harp, making it the only country in the world with a musical instrument as its national emblem.",https://en.wikipedia.org/wiki/Coat_of_arms_of_Ireland,"The country has no snakes, a fact often attributed to a legend involving a famous saint driving them into the sea.",https://en.wikipedia.org/wiki/Saint_Patrick,,,,,,,,,,
Israel,Asia,Jerusalem,ISR,The glue on Israeli postage stamps is certified kosher.,https://en.wikipedia.org/wiki/Postage_stamps_and_postal_history_of_Israel,"The national bird is the hoopoe, chosen in a national survey in 2008.",https://en.wikipedia.org/wiki/Hoopoe,The country has the highest number of museums per capita in the world.,https://en.wikipedia.org/wiki/Culture_of_Israel#Museums,It is home to the only theater company in the world that performs in both Hebrew and Arabic.,https://en.wikipedia.org/wiki/Arab-Hebrew_Theatre,"The country has a national dog breed, the Canaan Dog, which is one of the oldest known breeds.",https://en.wikipedia.org/wiki/Canaan_Dog,"The country is one of the few places where the Ibex, a wild goat species, can be found in the wild.",https://en.wikipedia.org/wiki/Nubian_ibex,The country has a law that bans underweight models from appearing in advertisements.,https://en.wikipedia.org/wiki/Modeling_(profession)#Israel,"The country is home to the world's only underwater museum, located in the ancient city of Caesarea.",https://en.wikipedia.org/wiki/Caesarea_Maritima,"The country has a national holiday called Yom HaAliyah, celebrating Jewish immigration.",https://en.wikipedia.org/wiki/Yom_HaAliyah,"The country has a unique species of blind, cave-dwelling fish called the Israel Blind Cave Fish.",https://en.wikipedia.org/wiki/Israel_blind_cave_fish
Italy,Europe,Rome,ITA,"The world's oldest bank, Banca Monte dei Paschi di Siena, was founded in 1472.",https://en.wikipedia.org/wiki/Banca_Monte_dei_Paschi_di_Siena,"The University of Bologna, founded in 1088, is the oldest university in continuous operation.",https://en.wikipedia.org/wiki/University_of_Bologna,"The country is home to the world's smallest independent state, Vatican City, which is entirely surrounded by the city of Rome.",https://en.wikipedia.org/wiki/Vatican_City,The country has more UNESCO World Heritage Sites than any other country in the world.,https://en.wikipedia.org/wiki/List_of_World_Heritage_Sites_in_Italy,"The country is the birthplace of the piano, invented by Bartolomeo Cristofori around the year 1700.",https://en.wikipedia.org/wiki/Piano,,,,,,,,,,
Jamaica,N. America,Kingston,JAM,"The island is home to the world's fastest sprinters, with athletes like Usain Bolt and Shelly-Ann Fraser-Pryce dominating the sport.",https://en.wikipedia.org/wiki/Sport_in_Jamaica,"The island has more multiple live births (twins, triplets, etc.) than anywhere else in the world.",https://en.wikipedia.org/wiki/Demographics_of_Jamaica,"It is the birthplace of the Rastafarian movement, which emerged in the 1930s.",https://en.wikipedia.org/wiki/Rastafari,"The island is known for its unique coffee, grown in the Blue Mountains, which is one of the most expensive and sought-after coffees in the world.",https://en.wikipedia.org/wiki/Blue_Mountain_Coffee,"The island has a bobsled team that famously competed in the Winter Olympics, inspiring the movie 'Cool Runnings'.",https://en.wikipedia.org/wiki/Jamaica_national_bobsleigh_team,It is the first tropical country to participate in the Winter Olympics.,https://en.wikipedia.org/wiki/Jamaica_at_the_Winter_Olympics,The island has the highest number of churches per square mile in the world.,https://en.wikipedia.org/wiki/Religion_in_Jamaica,"It is home to the second largest butterfly in the world, the Giant Swallowtail.",https://en.wikipedia.org/wiki/Papilio_homerus,"The island's national dish, ackee and saltfish, is made with a fruit that can be toxic if not prepared properly.",https://en.wikipedia.org/wiki/Ackee_and_saltfish,"The island has a rich tradition of storytelling, with Anansi the spider being a popular folklore character.",https://en.wikipedia.org/wiki/Anansi
Japan,Asia,Tokyo,JPN,There is a museum dedicated entirely to rocks that look like faces.,https://en.wikipedia.org/wiki/Chinsekikan,It is home to an island populated by friendly rabbits.,https://en.wikipedia.org/wiki/%C5%8Ckunoshima,There is a town that uses scarecrows to replace its dwindling population.,https://en.wikipedia.org/wiki/Nagoro,It has a festival where men wear nothing but loincloths.,https://en.wikipedia.org/wiki/Hadaka_Matsuri,"There is a train station that has no entrance or exit, only a platform to admire the scenery.",https://en.wikipedia.org/wiki/Seiryu_Miharashi_Station,It is home to a village where dolls outnumber people.,https://en.wikipedia.org/wiki/Nagoro,"There is a spa resort where you can bathe in wine, coffee, or ramen broth.",https://en.wikipedia.org/wiki/Yunessun,It has a museum dedicated to instant noodles.,https://en.wikipedia.org/wiki/CupNoodles_Museum_Yokohama,There is a town that celebrates an annual penis festival.,https://en.wikipedia.org/wiki/Kanamara_Matsuri,It is home to a hotel staffed by robots.,https://en.wikipedia.org/wiki/Henn-na_Hotel
Jordan,Asia,Amman,JOR,"The Dead Sea is one of the saltiest bodies of water in the world, with a salinity of over 30%.",https://en.wikipedia.org/wiki/Dead_Sea,"Petra, a historical and archaeological city, is famous for its rock-cut architecture and water conduit system.",https://en.wikipedia.org/wiki/Petra,"The country is home to the world's oldest dam, the Jawa Dam, which dates back to the 4th millennium BC.",https://en.wikipedia.org/wiki/Jawa_Dam,"The national dish, mansaf, is a traditional Arab dish made of lamb cooked in a sauce of fermented dried yogurt.",https://en.wikipedia.org/wiki/Mansaf,"The country has a unique desert landscape called Wadi Rum, also known as the Valley of the Moon, which has been used as a filming location for several movies.",https://en.wikipedia.org/wiki/Wadi_Rum,The country is one of the few places where the rare and endangered Arabian Oryx can be found in the wild.,https://en.wikipedia.org/wiki/Arabian_oryx,"The country is home to the ancient city of Jerash, which hosts an annual festival celebrating its Roman heritage.",https://en.wikipedia.org/wiki/Jerash,"The country has a unique tradition of serving coffee with cardamom, known as Arabic coffee, which is an important part of its hospitality culture.",https://en.wikipedia.org/wiki/Arabic_coffee,"The country is known for its production of the aromatic resin frankincense, which has been traded for thousands of years.",https://en.wikipedia.org/wiki/Frankincense,"The country has a unique marine ecosystem in the Gulf of Aqaba, which is home to over 1,200 species of fish and 200 species of coral.",https://en.wikipedia.org/wiki/Gulf_of_Aqaba
Kazakhstan,Asia,Nur-Sultan,KAZ,"The country is home to the Baikonur Cosmodrome, the world's first and largest operational space launch facility, which is leased to Russia until 2050.",https://en.wikipedia.org/wiki/Baikonur_Cosmodrome,,,,,,,,,,,,,,,,,,
Kenya,Africa,Nairobi,KEN,"The Great Rift Valley, which runs through the country, is so large it can be seen from space.",https://en.wikipedia.org/wiki/Great_Rift_Valley,"The country is home to the only national park located within a city, offering a unique urban wildlife experience.",https://en.wikipedia.org/wiki/Nairobi_National_Park,"The country is known for its tea production, being one of the largest exporters of black tea in the world.",https://en.wikipedia.org/wiki/Tea_industry_in_Kenya,The country has a unique tradition of 'bullfighting' that is more about the bulls pushing each other than fighting.,https://en.wikipedia.org/wiki/Bullfighting_in_Kenya,"The country is home to the world's largest desert lake, which is also a UNESCO World Heritage Site.",https://en.wikipedia.org/wiki/Lake_Turkana,"The country has a vibrant film industry, often referred to as 'Riverwood,' a play on Hollywood and Bollywood.",https://en.wikipedia.org/wiki/Cinema_of_Kenya,"The country is famous for its long-distance runners, who have won numerous Olympic and World Championship medals.",https://en.wikipedia.org/wiki/Athletics_in_Kenya,"The country has a unique railway system known as the 'Lunatic Express,' which was built during the colonial period.",https://en.wikipedia.org/wiki/Uganda_Railway,"The country is home to the world's largest population of pink flamingos, which gather at its soda lakes.",https://en.wikipedia.org/wiki/Lake_Nakuru,"The country has a unique cultural festival known as the 'Lamu Cultural Festival,' celebrating the Swahili heritage.",https://en.wikipedia.org/wiki/Lamu_Cultural_Festival
Kuwait,Asia,Kuwait City,KWT,"The country has one of the world's oldest modern constitutions in the Arab world, dating back to 1962.",https://en.wikipedia.org/wiki/Constitution_of_Kuwait,"It is home to the world's largest sand desert, the Rub' al Khali or Empty Quarter.",https://en.wikipedia.org/wiki/Rub%27_al_Khali,"The country has a tradition of pearl diving, which was a major industry before the discovery of oil.",https://en.wikipedia.org/wiki/Pearl_diving,"It has a unique tradition of Diwaniya, a social event where men gather to discuss various topics.",https://en.wikipedia.org/wiki/Diwaniya,"The country is known for its distinctive water towers, which are a symbol of its modern architecture.",https://en.wikipedia.org/wiki/Water_towers_in_Kuwait,"It has a national bird called the falcon, which is a symbol of strength and courage.",https://en.wikipedia.org/wiki/Falconry,"The country has a unique form of traditional music called Sawt, which is popular in the region.",https://en.wikipedia.org/wiki/Sawt_(music),It is one of the few countries in the world without a natural lake or water reservoir.,https://en.wikipedia.org/wiki/Geography_of_Kuwait,"The country has a unique public holiday called Liberation Day, celebrating the end of the Gulf War.",https://en.wikipedia.org/wiki/Liberation_Day_(Kuwait),"It is home to the world's largest dhow, a traditional wooden sailing vessel.",https://en.wikipedia.org/wiki/Al-Hashemi-II
Kyrgyzstan,Asia,Bishkek,KGZ,"In 2007, a snow leopard was adopted as the official mascot of the country's national football team.",https://en.wikipedia.org/wiki/Kyrgyzstan_national_football_team,,,,,,,,,,,,,,,,,,
Laos,Asia,Vientiane,LAO,"In 1969, a secret war was conducted by the United States, where more bombs were dropped than during the entirety of World War II, making it the most heavily bombed country per capita in history.",https://en.wikipedia.org/wiki/Laos#Secret_War,,,,,,,,,,,,,,,,,,
Latvia,Europe,Riga,LVA,"The country is home to the widest waterfall in Europe, the Venta Rapid, which is 249 meters wide.",https://en.wikipedia.org/wiki/Venta_Rapid,"It has one of the oldest flags in the world, dating back to the 13th century.",https://en.wikipedia.org/wiki/Flag_of_Latvia,"The country has a unique tradition of celebrating the summer solstice with a festival called Jāņi, which includes singing, dancing, and jumping over bonfires.",https://en.wikipedia.org/wiki/J%C4%81%C5%86i,"It is known for its distinctive black balsam, a traditional herbal liqueur made using a secret recipe of 24 different ingredients.",https://en.wikipedia.org/wiki/Riga_Black_Balsam,"The country has a museum dedicated entirely to the history of sun tanning, called the Sun Museum.",https://en.wikipedia.org/wiki/Sun_Museum,"It is one of the few countries where the national sport is ice hockey, reflecting its cold climate and love for winter sports.",https://en.wikipedia.org/wiki/Sport_in_Latvia,"The country has a unique architectural style known as Art Nouveau, with over 800 buildings in this style in its largest city.",https://en.wikipedia.org/wiki/Art_Nouveau_architecture_in_Riga,"It is home to the world's first decorated Christmas tree, a tradition that started in 1510.",https://en.wikipedia.org/wiki/Christmas_tree#History,"The country has a rich tradition of choral singing, with a national song and dance festival that attracts thousands of participants every five years.",https://en.wikipedia.org/wiki/Latvian_Song_and_Dance_Festival,"It has a unique breed of dog called the Latvian Hound, known for its hunting skills and friendly nature.",https://en.wikipedia.org/wiki/Latvian_Hound
Lebanon,Asia,Beirut,LBN,"The country is home to the world's oldest continuously inhabited city, Byblos.",https://en.wikipedia.org/wiki/Byblos,"The national symbol is the cedar tree, which is featured on the flag.",https://en.wikipedia.org/wiki/Flag_of_Lebanon,"It has 18 recognized religious sects, making it one of the most religiously diverse countries in the region.",https://en.wikipedia.org/wiki/Religion_in_Lebanon,"The Jeita Grotto, a system of two separate, but interconnected, karstic limestone caves, is a finalist in the New7Wonders of Nature competition.",https://en.wikipedia.org/wiki/Jeita_Grotto,"The country has no desert, which is unusual for the region.",https://en.wikipedia.org/wiki/Geography_of_Lebanon,"The Phoenician alphabet, one of the oldest known alphabets, originated here.",https://en.wikipedia.org/wiki/Phoenician_alphabet,"The country is known for its wine production, with a history dating back over 5,000 years.",https://en.wikipedia.org/wiki/Lebanese_wine,"The national dish, kibbeh, is a type of meat pie made with bulgur and minced meat.",https://en.wikipedia.org/wiki/Kibbeh,"The country has a ski resort, the Cedars, which is one of the oldest in the region.",https://en.wikipedia.org/wiki/Cedars_Ski_Resort,"The country is one of the few in the region that does not have a desert climate, instead having a Mediterranean climate.",https://en.wikipedia.org/wiki/Climate_of_Lebanon
Lesotho,Africa,Maseru,LSO,"The country is one of the few in the world that is entirely above 1,000 meters in elevation.",https://en.wikipedia.org/wiki/Lesotho#Geography,"It is home to the highest pub in Africa, located at the Sani Mountain Lodge.",https://en.wikipedia.org/wiki/Sani_Pass,"The country has a dinosaur named after it, the Lesothosaurus, which was discovered in the region.",https://en.wikipedia.org/wiki/Lesothosaurus,It is one of the few countries in the world that is completely surrounded by another country.,https://en.wikipedia.org/wiki/Lesotho#Geography,"The country has a unique traditional hat called the mokorotlo, which is also a national symbol.",https://en.wikipedia.org/wiki/Mokorotlo,It is one of the few countries in the world where the majority of the population is involved in subsistence agriculture.,https://en.wikipedia.org/wiki/Lesotho#Economy,"The country has a unique blanket culture, where blankets are worn as everyday clothing and have cultural significance.",https://en.wikipedia.org/wiki/Lesotho#Culture,"It is home to the Maletsunyane Falls, one of the highest single-drop waterfalls in Africa.",https://en.wikipedia.org/wiki/Maletsunyane_Falls,The country has a unique system of governance where the king has no legislative or executive powers and serves a ceremonial role.,https://en.wikipedia.org/wiki/Lesotho#Politics,"It is one of the few countries in the world where the entire population speaks a single language, Sesotho, as their first language.",https://en.wikipedia.org/wiki/Lesotho#Languages
Liberia,Africa,Monrovia,LBR,The national flag is one of only two national flags in the world that is modeled after and resembles the flag of the United States.,https://en.wikipedia.org/wiki/Flag_of_Liberia,"It is home to the world's largest rubber plantation, which was established by the Firestone Tire and Rubber Company in 1926.",https://en.wikipedia.org/wiki/Firestone_Natural_Rubber_Company,"The country was founded by freed American and Caribbean slaves in the early 19th century, making it the first African republic to proclaim its independence.",https://en.wikipedia.org/wiki/History_of_Liberia,"It has a unique tradition of 'Poro' and 'Sande' secret societies, which play a significant role in the social and political life of the country.",https://en.wikipedia.org/wiki/Poro,"The country is one of the few in the world that has a free port, which means that goods can be imported and exported without customs duties.",https://en.wikipedia.org/wiki/Freeport_of_Monrovia,,,,,,,,,,
Libya,Africa,Tripoli,LBY,The country is home to the largest proven oil reserves in Africa.,https://en.wikipedia.org/wiki/Economy_of_Libya,"The Great Man-Made River is the world's largest irrigation project, supplying water to the Sahara Desert.",https://en.wikipedia.org/wiki/Great_Man-Made_River,"The country has no permanent rivers, but it does have a few wadis, which are dry riverbeds that contain water only during times of heavy rain.",https://en.wikipedia.org/wiki/Geography_of_Libya,The country was once part of the Roman Empire and was known as Tripolitania.,https://en.wikipedia.org/wiki/Tripolitania,"The country has a coastline along the Mediterranean Sea that stretches for about 1,770 kilometers (1,100 miles).",https://en.wikipedia.org/wiki/Geography_of_Libya,"The country is home to the ancient city of Leptis Magna, one of the best-preserved Roman cities in the world.",https://en.wikipedia.org/wiki/Leptis_Magna,"The country has a unique flag that was adopted in 2011, featuring red, black, and green horizontal stripes with a white crescent and star in the center.",https://en.wikipedia.org/wiki/Flag_of_Libya,"The country is known for its traditional Tuareg music, which features the use of the imzad, a single-stringed instrument.",https://en.wikipedia.org/wiki/Music_of_Libya,"The country has a desert climate, with the Sahara covering much of its territory, making it one of the driest places on Earth.",https://en.wikipedia.org/wiki/Climate_of_Libya,"The country has a rich history of Berber culture, with the Berber language still spoken by some communities.",https://en.wikipedia.org/wiki/Berbers
Lithuania,Europe,Vilnius,LTU,The country has a dish called 'cepelinai' which translates to 'zeppelins' due to their shape resembling the airships.,https://en.wikipedia.org/wiki/Cepelinai,"It is home to the geographical center of Europe, as determined by the French National Geographic Institute in 1989.",https://en.wikipedia.org/wiki/Geographical_midpoint_of_Europe,"The country has a tradition of making 'tree cakes' known as 'šakotis' or 'raguolis', which are baked on a rotating spit.",https://en.wikipedia.org/wiki/%C5%A0akotis,"Basketball is considered the most popular sport, and the national team is one of the strongest in the world.",https://en.wikipedia.org/wiki/Basketball_in_Lithuania,"The country has a unique festival called 'Užgavėnės', which is a pre-Lenten festival involving masks and pancakes.",https://en.wikipedia.org/wiki/U%C5%BEgav%C4%97n%C4%97s,"It is known for having one of the oldest languages in the world, which is closely related to Sanskrit.",https://en.wikipedia.org/wiki/Lithuanian_language,"The Hill of Crosses is a famous pilgrimage site with over 100,000 crosses, and it symbolizes peaceful resistance.",https://en.wikipedia.org/wiki/Hill_of_Crosses,"The country has a national scent called 'The Scent of the Land', which was created to represent the essence of the nation.",https://en.wikipedia.org/wiki/The_Scent_of_Lithuania,"It has a unique tradition of 'Joninės' or 'Rasos', a midsummer festival celebrating the summer solstice with bonfires and songs.",https://en.wikipedia.org/wiki/Joninės,"The country is home to the only castle in Eastern Europe built on an island, the Trakai Island Castle.",https://en.wikipedia.org/wiki/Trakai_Island_Castle
Luxembourg,Europe,Luxembourg City,LUX,The country has the highest per capita consumption of wine in the world.,https://en.wikipedia.org/wiki/Luxembourg#Culture,It is one of the world's only remaining grand duchies.,https://en.wikipedia.org/wiki/Luxembourg#History,"The national motto is 'Mir wëlle bleiwe wat mir sinn,' which means 'We want to remain what we are.'",https://en.wikipedia.org/wiki/Luxembourg#National_symbols,"It has three official languages: Luxembourgish, French, and German.",https://en.wikipedia.org/wiki/Luxembourg#Languages,The country is home to the only remaining European Court of Justice.,https://en.wikipedia.org/wiki/Luxembourg#Law,It has the highest minimum wage in the European Union.,https://en.wikipedia.org/wiki/Luxembourg#Economy,The country has a unique tradition of 'Bretzelsonndeg' or Pretzel Sunday.,https://en.wikipedia.org/wiki/Luxembourg#Culture,"It is one of the smallest countries in Europe, yet it has a very high GDP per capita.",https://en.wikipedia.org/wiki/Luxembourg#Economy,The country has a national day called 'Nationalfeierdag' celebrated on June 23rd.,https://en.wikipedia.org/wiki/Luxembourg#Public_holidays,"It is known for its extensive network of underground tunnels, known as the Bock Casemates.",https://en.wikipedia.org/wiki/Luxembourg#Tourism
Madagascar,Africa,Antananarivo,MDG,The island is home to the world's largest and smallest chameleons.,https://en.wikipedia.org/wiki/Madagascar#Fauna,"The aye-aye, a type of lemur, is considered a bad omen by locals.",https://en.wikipedia.org/wiki/Aye-aye,It is the fourth largest island in the world.,https://en.wikipedia.org/wiki/Madagascar#Geography,"The island has more than 1000 species of orchids, 85% of which are found nowhere else.",https://en.wikipedia.org/wiki/Orchidaceae#Diversity_and_distribution,The Malagasy language is one of the few in the world that uses the Austronesian language family.,https://en.wikipedia.org/wiki/Malagasy_language,The island's Toliara coral reef is the third largest in the world.,https://en.wikipedia.org/wiki/Toliara#Geography,"The fossa, a carnivorous mammal, is the largest predator on the island.",https://en.wikipedia.org/wiki/Fossa_(animal),"The island is known for its unique baobab trees, which can live for over 1,000 years.",https://en.wikipedia.org/wiki/Adansonia,The island's biodiversity is so unique that it is sometimes referred to as the 'eighth continent.',https://en.wikipedia.org/wiki/Madagascar#Biodiversity,"The island was once home to giant flightless birds called elephant birds, which are now extinct.",https://en.wikipedia.org/wiki/Elephant_bird
Malawi,Africa,Lilongwe,MWI,"The country is home to the world's first freshwater national park, which is also a UNESCO World Heritage Site.",https://en.wikipedia.org/wiki/Lake_Malawi_National_Park,"The country has a unique fish species called the mbuna, which are known for their vibrant colors and are popular in aquariums worldwide.",https://en.wikipedia.org/wiki/Mbuna,"The country has a festival called the Lake of Stars, which is an annual international arts festival held on the shores of a large lake.",https://en.wikipedia.org/wiki/Lake_of_Stars_Festival,"The country is one of the few places where the endangered Mulanje cedar tree is found, which is the national tree.",https://en.wikipedia.org/wiki/Widdringtonia_whytei,"The country has a unique traditional dance called the Gule Wamkulu, which is performed by the Chewa people and is recognized by UNESCO as an intangible cultural heritage.",https://en.wikipedia.org/wiki/Gule_Wamkulu,"The country has a peculiar rock formation known as the Chongoni Rock Art Area, which contains ancient rock art dating back to the Stone Age.",https://en.wikipedia.org/wiki/Chongoni_Rock_Art_Area,"The country has a unique bird species called the Lilian's lovebird, which is endemic to the region.",https://en.wikipedia.org/wiki/Lilian%27s_lovebird,"The country is known for its traditional wooden toys called 'galimoto,' which are made from recycled materials and are popular among children.",https://en.wikipedia.org/wiki/Galimoto,"The country has a peculiar tradition of 'hyena' men, who are hired to perform sexual initiation rituals, a practice that has been widely criticized.",https://en.wikipedia.org/wiki/Human_sexuality_in_Malawi#Hyena_practice,"The country has a unique type of music called 'kwela,' which is a pennywhistle-based street music that originated in the region.",https://en.wikipedia.org/wiki/Kwela
Malaysia,Asia,Kuala Lumpur,MYS,"The world's largest roundabout is located in Putrajaya, with a diameter of 3.5 kilometers.",https://en.wikipedia.org/wiki/Putrajaya#Transportation,"The Rafflesia, the world's largest flower, can be found in its rainforests.",https://en.wikipedia.org/wiki/Rafflesia,"It is home to the world's largest cave chamber, Sarawak Chamber, which can fit several jumbo jets inside.",https://en.wikipedia.org/wiki/Sarawak_Chamber,"The Penang Bridge is one of the longest bridges in Southeast Asia, stretching 13.5 kilometers.",https://en.wikipedia.org/wiki/Penang_Bridge,The country has a king who is elected every five years from among the nine sultans.,https://en.wikipedia.org/wiki/Monarchies_of_Malaysia,"The national dish, Nasi Lemak, is traditionally served wrapped in banana leaves.",https://en.wikipedia.org/wiki/Nasi_lemak,It has a unique rotating monarchy system where the king is elected from nine royal families.,https://en.wikipedia.org/wiki/Monarchies_of_Malaysia,The country is one of the world's largest producers of palm oil.,https://en.wikipedia.org/wiki/Palm_oil_production_in_Malaysia,The Petronas Towers were the tallest buildings in the world from 1998 to 2004.,https://en.wikipedia.org/wiki/Petronas_Towers,"The country is home to the world's oldest tropical rainforest, Taman Negara, which is over 130 million years old.",https://en.wikipedia.org/wiki/Taman_Negara
Mali,Africa,Bamako,MLI,The Great Mosque of Djenné is the largest mud-brick building in the world.,https://en.wikipedia.org/wiki/Great_Mosque_of_Djenn%C3%A9,"The Niger River, which runs through the country, is known as the 'Jewel of the Sahara.'",https://en.wikipedia.org/wiki/Niger_River,The Dogon people are famous for their unique cliffside villages and intricate masks used in traditional ceremonies.,https://en.wikipedia.org/wiki/Dogon_people,"The country is home to the Festival in the Desert, a unique music festival held annually in the Sahara Desert.",https://en.wikipedia.org/wiki/Festival_au_D%C3%A9sert,The Bandiagara Escarpment is a UNESCO World Heritage Site known for its archaeological and ethnological significance.,https://en.wikipedia.org/wiki/Bandiagara_Escarpment,The ancient city of Timbuktu was once a major center of trade and Islamic scholarship.,https://en.wikipedia.org/wiki/Timbuktu,"The country has a rich tradition of storytelling, with griots serving as oral historians and musicians.",https://en.wikipedia.org/wiki/Griot,"The national dish, Tiguadege Na, is a peanut butter stew often served with rice or couscous.",https://en.wikipedia.org/wiki/Malian_cuisine,The country is one of the largest producers of gold in Africa.,https://en.wikipedia.org/wiki/Mining_industry_of_Mali,"The traditional sport of dambe, a form of boxing, is popular among certain ethnic groups.",https://en.wikipedia.org/wiki/Dambe
Mauritania,Africa,Nouakchott,MRT,"The national flag was changed in 2017 to include red stripes, symbolizing the blood shed for independence.",https://en.wikipedia.org/wiki/Flag_of_Mauritania,"The country is one of the last places where slavery is still practiced, despite being officially abolished in 1981.",https://en.wikipedia.org/wiki/Slavery_in_Mauritania,"The Banc d'Arguin National Park is a UNESCO World Heritage site known for its biodiversity, especially migratory birds.",https://en.wikipedia.org/wiki/Banc_d%27Arguin_National_Park,"The country has a unique geological feature known as the Richat Structure, also called the Eye of the Sahara.",https://en.wikipedia.org/wiki/Richat_Structure,"The national dish is 'thieboudienne,' a flavorful fish and rice dish.",https://en.wikipedia.org/wiki/Thieboudienne,"The country has a significant portion of its population living as nomads, although this is decreasing.",https://en.wikipedia.org/wiki/Mauritania#Demographics,"The currency is the ouguiya, one of the few currencies in the world not divisible by 100.",https://en.wikipedia.org/wiki/Mauritanian_ouguiya,"The country has a large iron ore industry, which is a major part of its economy.",https://en.wikipedia.org/wiki/Economy_of_Mauritania,The Adrar Plateau is known for its stunning desert landscapes and ancient rock art.,https://en.wikipedia.org/wiki/Adrar_Plateau,The country has a unique legal system that combines Islamic law with French civil law.,https://en.wikipedia.org/wiki/Legal_system_of_Mauritania
Mexico,N. America,Mexico City,MEX,The Great Pyramid of Cholula is the largest pyramid by volume in the world.,https://en.wikipedia.org/wiki/Great_Pyramid_of_Cholula,"The country is home to the world's smallest volcano, Cuexcomate, which is only 13 meters tall.",https://en.wikipedia.org/wiki/Cuexcomate,The Monarch Butterfly Biosphere Reserve is a UNESCO World Heritage site where millions of monarch butterflies migrate each year.,https://en.wikipedia.org/wiki/Monarch_Butterfly_Biosphere_Reserve,"The country has a rabbit species called the volcano rabbit, which is one of the world's smallest rabbits.",https://en.wikipedia.org/wiki/Volcano_rabbit,The town of Real de Catorce is known for its ghost town status and was a major silver producer in the 18th century.,https://en.wikipedia.org/wiki/Real_de_Catorce,"The country has a unique dish called escamoles, which are ant larvae considered a delicacy.",https://en.wikipedia.org/wiki/Escamol,"The island of Janitzio is famous for its Day of the Dead celebrations, which are among the most vibrant in the country.",https://en.wikipedia.org/wiki/Janitzio,"The country is home to the world's largest tamale, which weighed over a ton and was made in 2010.",https://en.wikipedia.org/wiki/Tamale,"The town of Paracho is renowned for its handcrafted guitars, attracting musicians from around the world.",https://en.wikipedia.org/wiki/Paracho_de_Vergara,"The country has a unique wrestling style known as Lucha Libre, characterized by colorful masks and acrobatic techniques.",https://en.wikipedia.org/wiki/Lucha_libre
Mongolia,Asia,Ulaanbaatar,MNG,"The traditional dwelling is called a ger, which is a portable, round tent covered with skins or felt.",https://en.wikipedia.org/wiki/Ger,"The national festival, Naadam, features three traditional games: wrestling, horse racing, and archery.",https://en.wikipedia.org/wiki/Naadam,The endangered two-humped Bactrian camel is native to the region.,https://en.wikipedia.org/wiki/Bactrian_camel,"The Gobi Desert, one of the world's largest deserts, is located in the southern part of the country.",https://en.wikipedia.org/wiki/Gobi_Desert,"The Khongor Sand Dunes, also known as the Singing Dunes, produce a sound like a plane engine when the sand moves.",https://en.wikipedia.org/wiki/Khongoryn_Els,The endangered snow leopard can be found in the mountainous regions.,https://en.wikipedia.org/wiki/Snow_leopard,"The first cloned camel was born in 2009, named Injannashi.",https://en.wikipedia.org/wiki/Injannashi,"The Orkhon Valley is a UNESCO World Heritage Site, known for its archaeological remains.",https://en.wikipedia.org/wiki/Orkhon_Valley,"The currency is called the tögrög, and it features images of historical figures and landmarks.",https://en.wikipedia.org/wiki/Mongolian_t%C3%B6gr%C3%B6g,"The national drink is airag, a fermented dairy product made from mare's milk.",https://en.wikipedia.org/wiki/Airag
Montenegro,Europe,Podgorica,MNE,"The country has a region called the Bay of Kotor, which is sometimes referred to as Europe's southernmost fjord, although it is actually a submerged river canyon.",https://en.wikipedia.org/wiki/Bay_of_Kotor,"The country is home to one of the world's oldest olive trees, which is over 2,000 years old and located in the town of Bar.",https://en.wikipedia.org/wiki/Stara_Maslina,"The country has a river called the Tara River, which flows through the deepest canyon in Europe, the Tara River Canyon.",https://en.wikipedia.org/wiki/Tara_River_Canyon,"The country has a unique dance called the Oro, which involves forming a circle and imitating the flight of an eagle.",https://en.wikipedia.org/wiki/Oro_(dance),"The country has a small village named Njeguši, famous for its traditional smoked ham and cheese.",https://en.wikipedia.org/wiki/Njegu%C5%A1i,"The country has a national park called Durmitor, which is a UNESCO World Heritage Site and known for its stunning glacial lakes.",https://en.wikipedia.org/wiki/Durmitor,"The country has a unique tradition of building stone houses with roofs made of straw or wooden shingles, known as katuns.",https://en.wikipedia.org/wiki/Katun_(dwelling),"The country has a lake called Skadar Lake, which is the largest lake in Southern Europe and a habitat for a wide variety of bird species.",https://en.wikipedia.org/wiki/Lake_Skadar,"The country has a mountain called Lovćen, which is considered a symbol of national identity and has a mausoleum dedicated to a famous poet and philosopher.",https://en.wikipedia.org/wiki/Lov%C4%87en,"The country has a unique type of wine called Vranac, which is a red wine made from a grape variety indigenous to the region.",https://en.wikipedia.org/wiki/Vranac
Morocco,Africa,Rabat,MAR,"The national drink is mint tea, which is often prepared with a lot of sugar and fresh mint leaves.",https://en.wikipedia.org/wiki/Moroccan_tea_culture,"The Barbary lion, which is now extinct in the wild, was once native to the region and is a national symbol.",https://en.wikipedia.org/wiki/Barbary_lion,"The country is home to the world's largest desert, the Sahara, which covers much of its southeastern region.",https://en.wikipedia.org/wiki/Sahara,"The traditional Berber calendar is still used by some communities, and it is currently over 2,900 years old.",https://en.wikipedia.org/wiki/Berber_calendar,"The country has a unique blue city, Chefchaouen, known for its striking blue-washed buildings.",https://en.wikipedia.org/wiki/Chefchaouen,The Koutoubia Mosque in Marrakesh is the largest mosque in the country and a classic example of Almohad architecture.,https://en.wikipedia.org/wiki/Koutoubia_Mosque,"The country is one of the world's largest producers of phosphates, a key ingredient in fertilizers.",https://en.wikipedia.org/wiki/Phosphate,"The traditional dish, tagine, is named after the earthenware pot in which it is cooked.",https://en.wikipedia.org/wiki/Tagine,"The country has a unique form of music called Gnawa, which combines African, Berber, and Arabic influences.",https://en.wikipedia.org/wiki/Gnawa_music,"The country is home to the oldest university in the world, the University of al-Qarawiyyin, founded in 859 AD.",https://en.wikipedia.org/wiki/University_of_al-Qarawiyyin
Mozambique,Africa,Maputo,MOZ,"The country has a national dance called the 'Nyau', which is performed by men wearing elaborate masks and costumes.",https://en.wikipedia.org/wiki/Nyau,"It is home to the world's largest marine reserve, the Primeiras and Segundas Archipelago.",https://en.wikipedia.org/wiki/Primeiras_and_Segundas_Archipelago,"The country has a unique tradition of 'Timbila', a type of xylophone music that is recognized by UNESCO as an Intangible Cultural Heritage.",https://en.wikipedia.org/wiki/Timbila,"The flag is one of the few in the world to feature a modern weapon, an AK-47, symbolizing defense and vigilance.",https://en.wikipedia.org/wiki/Flag_of_Mozambique,"It is one of the few countries where you can find the rare and endangered Dugong, a marine mammal similar to the manatee.",https://en.wikipedia.org/wiki/Dugong,"The country has a unique blend of Portuguese and African cuisine, with dishes like 'Piri Piri chicken' and 'Matapa'.",https://en.wikipedia.org/wiki/Mozambican_cuisine,"It is home to the Gorongosa National Park, which has been the focus of one of the most ambitious wildlife restoration projects in Africa.",https://en.wikipedia.org/wiki/Gorongosa_National_Park,"The country has a rich tradition of storytelling and oral literature, with tales often featuring animals and mythical creatures.",https://en.wikipedia.org/wiki/Mozambican_literature,"It is one of the few countries where the native language, Makhuwa, is spoken by more people than the official language, Portuguese.",https://en.wikipedia.org/wiki/Makhuwa_language,"The country has a unique form of traditional healing and medicine, which incorporates elements of spirituality and herbal remedies.",https://en.wikipedia.org/wiki/Traditional_African_medicine
Myanmar,Asia,Naypyidaw,MMR,"The country is home to the world's largest book, which is actually a collection of stone tablets inscribed with Buddhist teachings.",https://en.wikipedia.org/wiki/Kuthodaw_Pagoda,"The country has a unique form of wrestling called Lethwei, which is also known as Burmese bareknuckle boxing.",https://en.wikipedia.org/wiki/Lethwei,"The country is one of the few places where the Irrawaddy dolphin can be found, a species known for its distinctive rounded forehead.",https://en.wikipedia.org/wiki/Irrawaddy_dolphin,"The country has a tradition of wearing thanaka, a yellowish-white cosmetic paste made from ground bark, applied to the face and sometimes the arms.",https://en.wikipedia.org/wiki/Thanaka,"The country is known for its floating gardens on Inle Lake, where crops are grown on floating islands of vegetation.",https://en.wikipedia.org/wiki/Inle_Lake,"The country has a unique New Year festival called Thingyan, which involves water throwing and is similar to the Songkran festival in Thailand.",https://en.wikipedia.org/wiki/Thingyan,"The country is home to the Shwedagon Pagoda, which is covered with hundreds of gold plates and the top of the stupa is encrusted with 4,531 diamonds.",https://en.wikipedia.org/wiki/Shwedagon_Pagoda,The country has a unique alphabet that is derived from the Brahmi script and is used to write the official language.,https://en.wikipedia.org/wiki/Burmese_alphabet,"The country has a rich tradition of puppetry, with marionette shows that were once a popular form of royal entertainment.",https://en.wikipedia.org/wiki/Burmese_puppetry,"The country is one of the world's largest producers of jade, with the majority of the world's supply coming from its mines.",https://en.wikipedia.org/wiki/Jade_trade_in_Myanmar
Namibia,Africa,Windhoek,NAM,The country is home to the world's largest population of free-roaming cheetahs.,https://en.wikipedia.org/wiki/Cheetah#Range_and_habitat,"It has the largest underground lake in the world, known as Dragon's Breath Cave.",https://en.wikipedia.org/wiki/Dragon%27s_Breath_Cave,The country is one of the least densely populated countries in the world.,https://en.wikipedia.org/wiki/Demographics_of_Namibia,It is the first country in the world to incorporate environmental protection into its constitution.,https://en.wikipedia.org/wiki/Environmental_issues_in_Namibia,"The country has a desert that is considered the oldest in the world, dating back at least 55 million years.",https://en.wikipedia.org/wiki/Namib_Desert,It is home to the world's largest population of free-roaming black rhinos.,https://en.wikipedia.org/wiki/Black_rhinoceros,"The country has a unique geographical feature known as the Skeleton Coast, famous for its shipwrecks.",https://en.wikipedia.org/wiki/Skeleton_Coast,It is one of the few countries in the world where the desert meets the ocean.,https://en.wikipedia.org/wiki/Namib_Desert,The country has a meteorite that is the largest known intact meteorite on Earth.,https://en.wikipedia.org/wiki/Hoba_meteorite,It is home to the world's largest population of free-roaming lions.,https://en.wikipedia.org/wiki/Lion#Range_and_habitat
Nepal,Asia,Kathmandu,NPL,The only non-rectangular national flag in the world.,https://en.wikipedia.org/wiki/Flag_of_Nepal,"Home to the world's deepest gorge, Kali Gandaki Gorge.",https://en.wikipedia.org/wiki/Kali_Gandaki_Gorge,Has a living goddess known as the Kumari.,https://en.wikipedia.org/wiki/Kumari_(goddess),"The Yeti, a mythical creature, is said to inhabit the Himalayas.",https://en.wikipedia.org/wiki/Yeti,"The only country with altitudinal variation from 59 meters to 8,848 meters within a 200 km span.",https://en.wikipedia.org/wiki/Geography_of_Nepal,,,,,,,,,,
Netherlands,Europe,Amsterdam,NLD,"The country is home to the world's first floating dairy farm, which was established in Rotterdam in 2019.",https://en.wikipedia.org/wiki/Floating_farm,"The Dutch are the world's tallest people, with an average height of 183 cm (6 ft) for men and 170 cm (5 ft 7 in) for women.",https://en.wikipedia.org/wiki/Demographics_of_the_Netherlands#Height,"The country has more bicycles than people, with an estimated 23 million bicycles for a population of 17 million.",https://en.wikipedia.org/wiki/Cycling_in_the_Netherlands,"It is the only country with a national dog, the Keeshond, which is a symbol of Dutch patriotism.",https://en.wikipedia.org/wiki/Keeshond,"The country is famous for its windmills, with over 1,000 still standing today, many of which are used for drainage.",https://en.wikipedia.org/wiki/Windmills_in_the_Netherlands,The Dutch are credited with inventing the first stock exchange in Amsterdam in 1602.,https://en.wikipedia.org/wiki/Amsterdam_Stock_Exchange,"The country has a tradition of 'Sinterklaas' celebrations, which are believed to have influenced the modern Santa Claus.",https://en.wikipedia.org/wiki/Sinterklaas,"The country is known for its innovative water management techniques, including the Delta Works, one of the Seven Wonders of the Modern World.",https://en.wikipedia.org/wiki/Delta_Works,"The Dutch have a unique tradition of 'koekhappen,' a game where participants try to bite a piece of cake hanging from a string without using their hands.",https://en.wikipedia.org/wiki/Koekhappen,"The country is home to the world's largest flower auction, the Aalsmeer Flower Auction, which covers 518,000 square meters.",https://en.wikipedia.org/wiki/Aalsmeer_Flower_Auction
New Zealand,Australia,Wellington,NZL,"The country is home to the world's only flightless parrot, the kakapo.",https://en.wikipedia.org/wiki/Kakapo,It has a hill with one of the longest place names in the world: Taumatawhakatangihangakoauauotamateapokaiwhenuakitanatahu.,https://en.wikipedia.org/wiki/Taumatawhakatangihangakoauauotamateapokaiwhenuakitanatahu,"The country has more sheep than people, with a ratio of approximately 5:1.",https://en.wikipedia.org/wiki/Agriculture_in_New_Zealand#Sheep_farming,It was the first country to grant women the right to vote in 1893.,https://en.wikipedia.org/wiki/Women%27s_suffrage_in_New_Zealand,The country has no native land mammals except for bats.,https://en.wikipedia.org/wiki/Fauna_of_New_Zealand#Mammals,"It is home to the world's smallest dolphin species, the Hector's dolphin.",https://en.wikipedia.org/wiki/Hector%27s_dolphin,"The country has a national wizard, officially appointed by the government.",https://en.wikipedia.org/wiki/The_Wizard_of_New_Zealand,"It has a unique species of glowworm that lights up caves, known as the Arachnocampa luminosa.",https://en.wikipedia.org/wiki/Arachnocampa_luminosa,The country is the setting for the fictional Middle-earth in the Lord of the Rings films.,https://en.wikipedia.org/wiki/The_Lord_of_the_Rings_(film_series)#Filming,"It has a town with a population of only one person, known as the town of Whangamomona.",https://en.wikipedia.org/wiki/Whangamomona
Nicaragua,N. America,Managua,NIC,"The country is home to the world's only dual volcano, Mombacho, which has both an active and dormant crater.",https://en.wikipedia.org/wiki/Mombacho,"Lake Xolotlán, also known as Lake Managua, is one of the few lakes in the world that has freshwater sharks.",https://en.wikipedia.org/wiki/Lake_Managua,"The country has a festival called La Purísima, which is a unique blend of Catholic and indigenous traditions, celebrated with singing and altar displays.",https://en.wikipedia.org/wiki/La_Pur%C3%ADsima,"The national dish, Gallo Pinto, is a colorful mix of rice and beans, and its name translates to 'spotted rooster.'",https://en.wikipedia.org/wiki/Gallo_pinto,"The country has a unique form of wrestling called 'El Güegüense,' which is a satirical drama and dance that dates back to the colonial period.",https://en.wikipedia.org/wiki/El_G%C3%BCeg%C3%BCense,"The country is known for its vibrant and colorful chicken buses, which are repurposed American school buses used for public transportation.",https://en.wikipedia.org/wiki/Chicken_bus,"The country has a unique tree called the 'Madroño,' which is the national tree and is known for its white flowers and red berries.",https://en.wikipedia.org/wiki/Arbutus,"The country is home to the Solentiname Islands, which are known for their primitive art and were once a retreat for poets and artists.",https://en.wikipedia.org/wiki/Solentiname_Islands,"The country has a unique tradition of 'Gigantona' parades, featuring giant puppets that dance through the streets during festivals.",https://en.wikipedia.org/wiki/Gigantona,The country is one of the few places in the world where you can find the rare and endangered Baird's tapir in the wild.,https://en.wikipedia.org/wiki/Baird%27s_tapir
Niger,Africa,Niamey,NER,"The country is home to the world's largest protected area, the Air and Ténéré Natural Reserves, which covers over 7.7 million hectares.",https://en.wikipedia.org/wiki/A%C3%AFr_and_T%C3%A9n%C3%A9r%C3%A9_Natural_Reserves,The national currency is named after a river that does not flow through the country.,https://en.wikipedia.org/wiki/West_African_CFA_franc,"The country has a dinosaur named after it, the Nigersaurus, which was discovered in the Sahara Desert.",https://en.wikipedia.org/wiki/Nigersaurus,"The country is one of the world's top producers of uranium, which is a key component in nuclear energy.",https://en.wikipedia.org/wiki/Uranium_mining_in_Niger,"The country has a festival called Cure Salée, where nomadic tribes gather to celebrate the end of the rainy season.",https://en.wikipedia.org/wiki/Cure_Sal%C3%A9e,"The country is home to the W National Park, which is a UNESCO World Heritage Site shared with two other countries.",https://en.wikipedia.org/wiki/W_National_Park,"The country has a unique traditional wrestling style known as Laamb, which is a popular sport.",https://en.wikipedia.org/wiki/Laamb,"The country has a mosque made entirely of mud, the Agadez Mosque, which is one of the tallest mud-brick structures in the world.",https://en.wikipedia.org/wiki/Agadez_Mosque,"The country has a unique giraffe population, the West African giraffe, which is the last population of its kind in the wild.",https://en.wikipedia.org/wiki/West_African_giraffe,"The country has a national dish called Djerma, which is a millet-based dish often served with vegetables and meat.",https://en.wikipedia.org/wiki/Cuisine_of_Niger
Nigeria,Africa,Abuja,NGA,The country is home to the world's largest diversity of butterflies.,https://en.wikipedia.org/wiki/List_of_butterflies_of_Nigeria,The country has a sacred forest where twins are worshipped.,https://en.wikipedia.org/wiki/Sacred_Grove_of_Osun-Osogbo,The country has a festival where participants wear elaborate masks and costumes to celebrate the spirits of ancestors.,https://en.wikipedia.org/wiki/Eyo_festival,The country is known for a unique form of architecture called 'suspended houses' built on stilts over water.,https://en.wikipedia.org/wiki/Nigerian_architecture,The country has a traditional wrestling sport called 'Dambe' which involves a unique form of boxing with one hand wrapped in a cloth.,https://en.wikipedia.org/wiki/Dambe,,,,,,,,,,
North Korea,Asia,Pyongyang,PRK,"The country has its own calendar system called the Juche calendar, which starts from 1912, the birth year of its founder.",https://en.wikipedia.org/wiki/Juche_calendar,There is a basketball rule in the country where slam dunks are worth three points instead of two.,https://en.wikipedia.org/wiki/Sport_in_North_Korea#Basketball,"The country has a 'three generations of punishment' rule, where if one person commits a crime, their entire family can be punished for three generations.",https://en.wikipedia.org/wiki/Human_rights_in_North_Korea#Three_generations_of_punishment,"There is a city called Kijŏng-dong, which is a fake village built to encourage defection from the neighboring country.",https://en.wikipedia.org/wiki/Kij%C5%8Fng-dong,"The country has its own operating system called Red Star OS, which is based on Linux.",https://en.wikipedia.org/wiki/Red_Star_OS,"There is a flower named after the country's founder, called the Kimilsungia.",https://en.wikipedia.org/wiki/Kimilsungia,The country has a 'Friendship Museum' that houses gifts given to its leaders from around the world.,https://en.wikipedia.org/wiki/International_Friendship_Exhibition,"Traffic lights are rare, and traffic is often directed by female traffic officers.",https://en.wikipedia.org/wiki/Transport_in_North_Korea#Traffic_lights,"The country has a massive stadium, the Rungrado 1st of May Stadium, which is the largest in the world by capacity.",https://en.wikipedia.org/wiki/Rungrado_1st_of_May_Stadium,"There is a unique beer brewed in the country called Taedonggang, which is made using equipment imported from a defunct British brewery.",https://en.wikipedia.org/wiki/Taedonggang_Brewing_Company
North Macedonia,Europe,Skopje,MKD,"The country has a festival dedicated to garlic called the Garlic Festival, which celebrates the culinary and health benefits of garlic.",https://en.wikipedia.org/wiki/Garlic_Festival_(North_Macedonia),"The country is home to the world's deepest underwater cave, Vrelo Cave, which is located in Matka Canyon.",https://en.wikipedia.org/wiki/Vrelo_Cave,"The country has a tradition of 'Shepherd's Day,' where shepherds gather to celebrate their profession with music and dance.",https://en.wikipedia.org/wiki/Shepherd%27s_Day,"The country is known for its unique form of traditional wrestling called 'Pelivansko,' which is performed at local festivals.",https://en.wikipedia.org/wiki/Pelivansko,"The country has a rare species of trout, the Ohrid trout, which is found only in Lake Ohrid.",https://en.wikipedia.org/wiki/Ohrid_trout,"The country has a national park, Mavrovo, which is home to a submerged church that becomes visible when water levels drop.",https://en.wikipedia.org/wiki/Mavrovo_National_Park,"The country has a unique tradition of 'Strumica Carnival,' which is one of the oldest and most famous carnivals in the Balkans.",https://en.wikipedia.org/wiki/Strumica_Carnival,"The country is home to the Kokino megalithic observatory, which is ranked as the fourth oldest observatory in the world by NASA.",https://en.wikipedia.org/wiki/Kokino,"The country has a unique type of cheese called 'Belo Sirenje,' which is a white brined cheese similar to feta.",https://en.wikipedia.org/wiki/Belo_Sirenje,"The country has a traditional dance called 'Oro,' which is performed in a circle and is an important part of cultural celebrations.",https://en.wikipedia.org/wiki/Oro_(dance)
Norway,Europe,Oslo,NOR,The cheese slicer was invented by a carpenter named Thor Bjørklund in 1925.,https://en.wikipedia.org/wiki/Cheese_slicer,"The country has a town called Hell, which freezes over every winter.","https://en.wikipedia.org/wiki/Hell,_Norway","It is home to the world's longest road tunnel, the Lærdal Tunnel, which is 24.5 kilometers long.",https://en.wikipedia.org/wiki/L%C3%A6rdal_Tunnel,The country introduced salmon sushi to Japan in the 1980s.,https://en.wikipedia.org/wiki/Sushi#History,"It has a unique tradition of reading crime novels during Easter, known as Påskekrim.",https://en.wikipedia.org/wiki/P%C3%A5skekrim,"The country has a penguin knighted by the King of the country, named Sir Nils Olav.",https://en.wikipedia.org/wiki/Nils_Olav,"It is home to the world's largest gingerbread city, built annually in Bergen.",https://en.wikipedia.org/wiki/Gingerbread#Gingerbread_cities,The country has a law that requires at least 40% of board members in public companies to be women.,https://en.wikipedia.org/wiki/Gender_quota,"It is home to the Svalbard Global Seed Vault, which stores seeds from around the world to preserve biodiversity.",https://en.wikipedia.org/wiki/Svalbard_Global_Seed_Vault,"The country has a tradition of slow TV, where events like knitting or train journeys are broadcast live for hours.",https://en.wikipedia.org/wiki/Slow_television
Oman,Asia,Muscat,OMN,"The country is home to the world's largest sand desert, known as the Rub' al Khali or the Empty Quarter.",https://en.wikipedia.org/wiki/Rub%27_al_Khali,"It has a unique tradition of camel racing, where robot jockeys are used instead of human riders.",https://en.wikipedia.org/wiki/Camel_racing,The country is one of the few places in the world where frankincense trees grow naturally.,https://en.wikipedia.org/wiki/Frankincense,"It is known for its ancient aflaj irrigation system, which is a UNESCO World Heritage Site.",https://en.wikipedia.org/wiki/Aflaj_irrigation_systems_of_Oman,"The country has a unique breed of horse known as the Arabian horse, which is one of the oldest horse breeds in the world.",https://en.wikipedia.org/wiki/Arabian_horse,"It is home to the endangered Arabian Oryx, which was reintroduced into the wild after being extinct in the wild.",https://en.wikipedia.org/wiki/Arabian_oryx,"The country has a traditional sport called bull-butting, where bulls lock horns in a test of strength.",https://en.wikipedia.org/wiki/Bull-butting,"It has a unique architectural style, with buildings often featuring wind towers for natural cooling.",https://en.wikipedia.org/wiki/Architecture_of_Oman,"The country is known for its traditional dhow shipbuilding, which has been practiced for centuries.",https://en.wikipedia.org/wiki/Dhow,"It has a rich tradition of music and dance, with the Al-Bar'ah dance being recognized by UNESCO as Intangible Cultural Heritage.",https://en.wikipedia.org/wiki/Al-Bar%27ah
Pakistan,Asia,Islamabad,PAK,The world's largest deep sea port is located here.,https://en.wikipedia.org/wiki/Gwadar_Port,It is home to the second highest mountain in the world.,https://en.wikipedia.org/wiki/K2,The only fertile desert in the world is found here.,https://en.wikipedia.org/wiki/Thar_Desert,It has the world's largest ambulance network.,https://en.wikipedia.org/wiki/Edhi_Foundation,The national drink is sugarcane juice.,https://en.wikipedia.org/wiki/Sugarcane_juice,It has the highest polo ground in the world.,https://en.wikipedia.org/wiki/Shandur_Top,The country has a rare species of blind dolphins.,https://en.wikipedia.org/wiki/Indus_river_dolphin,It is home to the world's largest man-made forest.,https://en.wikipedia.org/wiki/Changa_Manga,The country has the world's largest irrigation system.,https://en.wikipedia.org/wiki/Indus_Basin_Irrigation_System,It has a town named after a famous British general.,https://en.wikipedia.org/wiki/Jacobabad
Panama,N. America,Panama City,PAN,The only place in the world where you can see the sun rise on the Pacific and set on the Atlantic.,https://en.wikipedia.org/wiki/Panama#Geography,"Home to the oldest operating railroad in the world, the Panama Railroad, which was completed in 1855.",https://en.wikipedia.org/wiki/Panama_Railroad,The famous canal generates one-third of the country's entire economy.,https://en.wikipedia.org/wiki/Panama_Canal,Has more bird species than the United States and Canada combined.,https://en.wikipedia.org/wiki/Wildlife_of_Panama,"The currency is officially the Balboa, but the US dollar is used for paper money.",https://en.wikipedia.org/wiki/Panamanian_balboa,The national flag was designed by the son of the country's first president.,https://en.wikipedia.org/wiki/Flag_of_Panama,The country is home to the largest rainforest in the Western Hemisphere outside the Amazon Basin.,https://en.wikipedia.org/wiki/Dari%C3%A9n_Gap,The first European to explore the area was Rodrigo de Bastidas in 1501.,https://en.wikipedia.org/wiki/History_of_Panama,The country has a tropical climate with a rainy season from May to December.,https://en.wikipedia.org/wiki/Climate_of_Panama,"The national dish is sancocho, a chicken soup with vegetables and herbs.",https://en.wikipedia.org/wiki/Panamanian_cuisine
Papua New Guinea,Australia,Port Moresby,PNG,"It is home to the world's only poisonous bird, the Hooded Pitohui.",https://en.wikipedia.org/wiki/Hooded_pitohui,"There are over 800 languages spoken, making it one of the most linguistically diverse places on Earth.",https://en.wikipedia.org/wiki/Languages_of_Papua_New_Guinea,The country has a unique legal system that incorporates both customary law and common law.,https://en.wikipedia.org/wiki/Law_of_Papua_New_Guinea,"It is one of the few places where the cassowary, a large flightless bird, can be found in the wild.",https://en.wikipedia.org/wiki/Cassowary,"The country has a tradition of 'sing-sings,' which are festivals where tribes gather to share their music, dance, and culture.",https://en.wikipedia.org/wiki/Sing-sing,The Kokoda Track is a famous trekking route that played a significant role during World War II.,https://en.wikipedia.org/wiki/Kokoda_Track,It is one of the few countries where the majority of the population lives in rural areas.,https://en.wikipedia.org/wiki/Demographics_of_Papua_New_Guinea,"The country has a unique form of currency called the 'kina,' which is named after a type of shell traditionally used in trade.",https://en.wikipedia.org/wiki/Papua_New_Guinean_kina,The Sepik River is one of the largest and least developed river systems in the world.,https://en.wikipedia.org/wiki/Sepik_River,"The country is known for its rich biodiversity, including the tree kangaroo, which is native to its rainforests.",https://en.wikipedia.org/wiki/Tree-kangaroo
Paraguay,S. America,Asunción,PRY,The country has a navy despite being landlocked.,https://en.wikipedia.org/wiki/Paraguayan_Navy,"It is home to the world's largest rodent, the capybara.",https://en.wikipedia.org/wiki/Capybara,The country has two official languages: Spanish and Guarani.,https://en.wikipedia.org/wiki/Paraguay#Languages,"It is one of the few countries in the world where dueling is still legal, provided both parties are registered blood donors.",https://en.wikipedia.org/wiki/Dueling#Modern_dueling,"The country is known for its unique bottle dance, where performers dance with bottles on their heads.",https://en.wikipedia.org/wiki/Paraguayan_dance,"It is home to the world's largest hydroelectric power plant by energy generation, the Itaipu Dam.",https://en.wikipedia.org/wiki/Itaipu_Dam,"The country has a national drink called tereré, which is similar to mate but served cold.",https://en.wikipedia.org/wiki/Terer%C3%A9,"It has a festival called San Juan, where people walk on hot coals and perform other daring feats.",https://en.wikipedia.org/wiki/Festival_of_San_Juan,"The country has a unique form of bullfighting called 'toro candil,' which is performed at night with torches.",https://en.wikipedia.org/wiki/Bullfighting#Paraguay,It is one of the few countries in the world where the majority of the population is bilingual.,https://en.wikipedia.org/wiki/Paraguay#Languages
Peru,S. America,Lima,PER,"The potato is native to this country, and there are over 3,000 varieties grown here.",https://en.wikipedia.org/wiki/Potato#History,"This country is home to the world's highest sand dune, Cerro Blanco, which is about 3,860 feet tall.",https://en.wikipedia.org/wiki/Cerro_Blanco_(dune),"The Amazon River, which is the largest river by discharge volume of water in the world, begins in this country.",https://en.wikipedia.org/wiki/Amazon_River,"This country has a unique festival called Takanakuy, where people settle conflicts by fighting each other on Christmas Day.",https://en.wikipedia.org/wiki/Takanakuy,"The national dish, ceviche, is made from raw fish cured in freshly squeezed key lime or bitter orange juice.",https://en.wikipedia.org/wiki/Ceviche,"This country is home to the world's largest flying bird, the Andean condor, which can have a wingspan of up to 10.5 feet.",https://en.wikipedia.org/wiki/Andean_condor,"The Nazca Lines, a series of large ancient geoglyphs, are located in this country and are a UNESCO World Heritage Site.",https://en.wikipedia.org/wiki/Nazca_Lines,"This country has a floating island community on Lake Titicaca, made entirely of totora reeds.",https://en.wikipedia.org/wiki/Uros,"The Inca Empire, the largest empire in pre-Columbian America, was centered in this country.",https://en.wikipedia.org/wiki/Inca_Empire,"This country is one of the world's top producers of gold, silver, copper, and zinc.",https://en.wikipedia.org/wiki/Economy_of_Peru#Mining
Philippines,Asia,Manila,PHL,The yo-yo was invented as a hunting weapon.,https://en.wikipedia.org/wiki/Yo-yo#History,The world's largest pair of shoes was made in Marikina.,https://en.wikipedia.org/wiki/Marikina#Footwear_industry,A festival called the 'Giant Lantern Festival' is held annually in December.,https://en.wikipedia.org/wiki/Giant_Lantern_Festival,"The 'Jeepney' is a popular mode of public transportation, originally made from U.S. military jeeps left over from World War II.",https://en.wikipedia.org/wiki/Jeepney,"The 'Tarsier', one of the world's smallest primates, is native to the region.",https://en.wikipedia.org/wiki/Philippine_tarsier,The 'Bangkóta' is a traditional house design that resembles a coral reef.,https://en.wikipedia.org/wiki/Bangk%C3%B3ta,The 'Balut' is a fertilized duck egg delicacy.,https://en.wikipedia.org/wiki/Balut_(food),The 'Kalesa' is a horse-drawn carriage introduced during the Spanish colonial period.,https://en.wikipedia.org/wiki/Kalesa,The 'Bamboo Organ' is a unique musical instrument made almost entirely of bamboo.,https://en.wikipedia.org/wiki/Bamboo_Organ,The 'Waling-waling' is known as the 'Queen of Philippine Flowers'.,https://en.wikipedia.org/wiki/Vanda_sanderiana
Poland,Europe,Warsaw,POL,"The world's oldest operating salt mine, the Wieliczka Salt Mine, has been producing salt since the 13th century.",https://en.wikipedia.org/wiki/Wieliczka_Salt_Mine,"The country is home to the world's largest castle, Malbork Castle, which was built by the Teutonic Knights in the 13th century.",https://en.wikipedia.org/wiki/Malbork_Castle,The Białowieża Forest is one of the last and largest remaining parts of the primeval forest that once covered much of Europe.,https://en.wikipedia.org/wiki/Bia%C5%82owie%C5%BCa_Forest,"The country has a desert, the Błędów Desert, which is one of only five natural deserts in Europe.",https://en.wikipedia.org/wiki/B%C5%82%C4%99d%C3%B3w_Desert,"The country is home to the world's only floating post office, located on the Vistula River.",https://en.wikipedia.org/wiki/Vistula,"The country has a tradition of celebrating Fat Thursday, a day dedicated to eating doughnuts and other sweets before Lent.",https://en.wikipedia.org/wiki/Fat_Thursday,The country is known for its unique tradition of drowning a straw effigy of Marzanna to celebrate the end of winter.,https://en.wikipedia.org/wiki/Marzanna,"The country has a unique law that allows mushroom picking in forests, which is a popular pastime.",https://en.wikipedia.org/wiki/Mushroom_picking,"The country is home to the world's deepest underground laboratory, located in the Świętokrzyskie Mountains.",https://en.wikipedia.org/wiki/%C5%9Awi%C4%99tokrzyskie_Mountains,"The country has a unique tradition of celebrating Name Days, which are often more important than birthdays.",https://en.wikipedia.org/wiki/Name_day
Portugal,Europe,Lisbon,PRT,"The world's oldest operating bookstore, Bertrand, was established in 1732.",https://en.wikipedia.org/wiki/Bertrand_(bookstore),"The Vasco da Gama Bridge is the longest bridge in Europe, stretching over 12 kilometers.",https://en.wikipedia.org/wiki/Vasco_da_Gama_Bridge,The country is home to the largest cork forest and is the largest producer of cork in the world.,https://en.wikipedia.org/wiki/Cork_(material),"The University of Coimbra, established in 1290, is one of the oldest universities in continuous operation in the world.",https://en.wikipedia.org/wiki/University_of_Coimbra,"The country has a tradition of decorative ceramic tiles called azulejos, which are used to decorate buildings.",https://en.wikipedia.org/wiki/Azulejo,"The country is known for its unique style of music called Fado, which is characterized by mournful tunes and lyrics.",https://en.wikipedia.org/wiki/Fado,"The country has a festival called the Festival of the Trays, which occurs every four years and involves a parade of women carrying trays on their heads.",https://en.wikipedia.org/wiki/Festa_dos_Tabuleiros,"The country is home to the world's largest artificial underwater park, the Ocean Revival Underwater Park.",https://en.wikipedia.org/wiki/Ocean_Revival_Underwater_Park,"The country has a unique pastry called Pastel de Nata, which is a custard tart sprinkled with cinnamon.",https://en.wikipedia.org/wiki/Pastel_de_nata,"The country has a tradition of making intricate lace, particularly in the region of Peniche.",https://en.wikipedia.org/wiki/Peniche_lace
Qatar,Asia,Doha,QAT,"The country is home to the world's largest hand-woven carpet, which is located in the Imam Muhammad ibn Abd al-Wahhab Mosque.",https://en.wikipedia.org/wiki/Imam_Muhammad_ibn_Abd_al-Wahhab_Mosque,"It has a unique public art installation called 'East-West/West-East' by Richard Serra, consisting of four steel plates in the desert.",https://en.wikipedia.org/wiki/East-West/West-East,"The country has a traditional sport called 'camel racing,' which uses robot jockeys instead of human ones.",https://en.wikipedia.org/wiki/Camel_racing,"It is one of the few places where the Arabian Oryx, a species once considered extinct in the wild, can be found.",https://en.wikipedia.org/wiki/Arabian_oryx,"The country has a museum dedicated to modern and contemporary art, designed by the renowned architect Jean Nouvel, inspired by the desert rose.",https://en.wikipedia.org/wiki/National_Museum_of_Qatar,It is known for having one of the highest per capita carbon dioxide emissions in the world.,https://en.wikipedia.org/wiki/List_of_countries_by_carbon_dioxide_emissions_per_capita,"The country has a unique artificial island shaped like a pearl, known for its luxury and entertainment facilities.",https://en.wikipedia.org/wiki/The_Pearl-Qatar,"It is home to the Al Jassasiya rock carvings, which are petroglyphs that date back to ancient times.",https://en.wikipedia.org/wiki/Al_Jassasiya,"The country has a falcon hospital, which is one of the largest and most advanced in the world, reflecting the cultural significance of falconry.",https://en.wikipedia.org/wiki/Falconry,It has a unique law that prohibits the importation and consumption of pork products.,https://en.wikipedia.org/wiki/Law_of_Qatar
Romania,Europe,Bucharest,ROM,The Merry Cemetery in Săpânța is famous for its colorful tombstones with naive paintings and humorous epitaphs.,https://en.wikipedia.org/wiki/Merry_Cemetery,"The Voroneț Monastery is known as the 'Sistine Chapel of the East' due to its stunning frescoes, particularly the intense shade of blue known as 'Voroneț blue'.",https://en.wikipedia.org/wiki/Vorone%C8%9B_Monastery,"The Palace of the Parliament is the heaviest building in the world, weighing about 4,098,500,000 kilograms.",https://en.wikipedia.org/wiki/Palace_of_the_Parliament,The Mud Volcanoes of Berca are a geological and botanical reservation where small volcano-shaped structures erupt with mud and natural gases.,https://en.wikipedia.org/wiki/Mud_volcanoes_of_Berca,The Danube Delta is the second largest river delta in Europe and is a UNESCO World Heritage site.,https://en.wikipedia.org/wiki/Danube_Delta,The Peles Castle was the first European castle entirely lit by electrical current.,https://en.wikipedia.org/wiki/Pele%C8%99_Castle,The Black Church in Brașov is the largest Gothic church between Vienna and Istanbul.,"https://en.wikipedia.org/wiki/Black_Church,_Bra%C8%99ov",The Merry Cemetery is a UNESCO World Heritage site due to its unique approach to death and burial.,https://en.wikipedia.org/wiki/Merry_Cemetery,"The Transfăgărășan road is often called the best driving road in the world, featuring sharp hairpin turns and breathtaking views.",https://en.wikipedia.org/wiki/Transf%C4%83g%C4%83r%C4%83%C8%99an,The Hoia Forest is often referred to as the 'Bermuda Triangle' of the country due to its reputation for paranormal activity and unexplained phenomena.,https://en.wikipedia.org/wiki/Hoia_Forest
Russia,Europe,Moscow,RUS,"The Trans-Siberian Railway is the longest railway line in the world, stretching over 9,289 kilometers (5,772 miles).",https://en.wikipedia.org/wiki/Trans-Siberian_Railway,"Lake Baikal is the world's deepest and oldest freshwater lake, containing about 20% of the world's unfrozen freshwater reserve.",https://en.wikipedia.org/wiki/Lake_Baikal,"The country spans 11 time zones, more than any other country in the world.",https://en.wikipedia.org/wiki/Time_in_Russia,"The Hermitage Museum is home to a collection of over 3 million items, making it one of the largest and oldest museums in the world.",https://en.wikipedia.org/wiki/Hermitage_Museum,The country has a cat army employed to protect the Hermitage Museum from rodents.,https://en.wikipedia.org/wiki/Hermitage_Museum#Cats,"The country is home to the coldest inhabited place on Earth, Oymyakon, where temperatures can drop below -67.7°C (-89.9°F).",https://en.wikipedia.org/wiki/Oymyakon,"The country has a tradition of celebrating the New Year twice, once on January 1st and again on January 14th, known as the Old New Year.",https://en.wikipedia.org/wiki/Old_New_Year,"The Matryoshka doll, also known as the Russian nesting doll, is a famous symbol of the country, consisting of a set of wooden dolls of decreasing size placed one inside another.",https://en.wikipedia.org/wiki/Matryoshka_doll,"The country has a museum dedicated entirely to the history of vodka, showcasing over 1,000 different brands.",https://en.wikipedia.org/wiki/Vodka_Museum_(Moscow),"The country is home to the world's largest McDonald's restaurant, located in Moscow, with a seating capacity of over 700.",https://en.wikipedia.org/wiki/McDonald%27s#Russia
Rwanda,Africa,Kigali,RWA,"The country is known for its annual gorilla naming ceremony called Kwita Izina, where baby mountain gorillas are given names.",https://en.wikipedia.org/wiki/Kwita_Izina,It is one of the few countries in the world where plastic bags are banned.,https://en.wikipedia.org/wiki/Plastic_bag_ban#Rwanda,The country has a car-free day every month to promote exercise and environmental awareness.,https://en.wikipedia.org/wiki/Car-Free_Days#Rwanda,"It is home to the world's largest indoor swamp, the Akagera National Park.",https://en.wikipedia.org/wiki/Akagera_National_Park,"The country has a unique traditional dance called Intore, which is performed by men wearing grass wigs and carrying spears.",https://en.wikipedia.org/wiki/Intore,"It is one of the few countries with a majority female parliament, with women holding over 60% of the seats.",https://en.wikipedia.org/wiki/Women_in_government#Rwanda,"The country has a national day dedicated to cleaning, called Umuganda, where citizens participate in community service.",https://en.wikipedia.org/wiki/Umuganda,"It is known for its unique method of brewing banana beer, a traditional alcoholic beverage.",https://en.wikipedia.org/wiki/Banana_beer#Rwanda,"The country has a high-altitude tea plantation, Gisovu, which is one of the highest in the world.",https://en.wikipedia.org/wiki/Tea_production_in_Rwanda,It is home to the world's largest population of endangered mountain gorillas.,https://en.wikipedia.org/wiki/Mountain_gorilla#Conservation
Saudi Arabia,Asia,Riyadh,SAU,"The Rub' al Khali desert, also known as the Empty Quarter, is the largest continuous sand desert in the world.",https://en.wikipedia.org/wiki/Rub%27_al_Khali,"The country is home to the world's largest camel market, located in the city of Buraydah.",https://en.wikipedia.org/wiki/Buraydah,"It is illegal to import or sell Valentine's Day items, as the holiday is considered un-Islamic.",https://en.wikipedia.org/wiki/Public_holidays_in_Saudi_Arabia,The country has a city called 'The Edge of the World' due to its stunning cliff views.,https://en.wikipedia.org/wiki/Jebel_Fihrayn,"The Arabian Oryx, once extinct in the wild, was reintroduced and now roams freely in the country.",https://en.wikipedia.org/wiki/Arabian_oryx,"The country has a unique tradition of 'Janadriyah', a cultural festival celebrating heritage and culture.",https://en.wikipedia.org/wiki/Janadriyah,"The country is home to the world's largest desalination plant, the Ras Al-Khair plant.",https://en.wikipedia.org/wiki/Ras_Al-Khair,"The country has a city named after a fruit, Al-Ula, which is known for its ancient rock formations.",https://en.wikipedia.org/wiki/Al-Ula,"The country has a unique form of traditional dance called 'Ardah', performed with swords.",https://en.wikipedia.org/wiki/Ardah,"The country is home to the world's largest airport by land area, King Fahd International Airport.",https://en.wikipedia.org/wiki/King_Fahd_International_Airport
Senegal,Africa,Dakar,SEN,"The country is home to the African Renaissance Monument, which is taller than the Statue of Liberty.",https://en.wikipedia.org/wiki/African_Renaissance_Monument,"The country has a pink lake called Lake Retba, which gets its color from algae that produce a red pigment.",https://en.wikipedia.org/wiki/Lake_Retba,"The country is known for its wrestling tradition, which is more popular than soccer in some areas.",https://en.wikipedia.org/wiki/Senegalese_wrestling,"The country has a national park that is a UNESCO World Heritage Site and is known for its large population of birds, especially pelicans.",https://en.wikipedia.org/wiki/Djoudj_National_Bird_Sanctuary,"The country is famous for its vibrant music scene, particularly the genre known as Mbalax, which blends traditional drumming with modern music.",https://en.wikipedia.org/wiki/Mbalax,"The country has a unique island called Gorée, which was historically significant in the Atlantic slave trade.",https://en.wikipedia.org/wiki/Île_de_Gorée,The country is one of the few places where you can find the rare West African manatee.,https://en.wikipedia.org/wiki/West_African_manatee,"The country has a sacred forest called Bandia, which is home to a variety of wildlife including giraffes and rhinos.",https://en.wikipedia.org/wiki/Bandia_Reserve,"The country has a rich tradition of storytelling, with griots who are traditional storytellers, historians, and musicians.",https://en.wikipedia.org/wiki/Griot,"The country is known for its baobab trees, which are often called the 'upside-down tree' due to their unique shape.",https://en.wikipedia.org/wiki/Adansonia
Serbia,Europe,Belgrade,SRB,"The village of Guča hosts an annual trumpet festival that attracts over 600,000 visitors.",https://en.wikipedia.org/wiki/Gu%C4%8Da,"The country is home to the only river in the world that flows upstream, the Vrelo River, also known as the Year River because it is 365 meters long.",https://en.wikipedia.org/wiki/Vrelo_(river),The Devil's Town rock formation features peculiar rock towers and was a nominee for the New Seven Wonders of Nature.,https://en.wikipedia.org/wiki/Devil%27s_Town,"The village of Mokra Gora has a narrow-gauge heritage railway called the Šargan Eight, which is shaped like the number eight.",https://en.wikipedia.org/wiki/%C5%A0argan_Eight,"The country has a unique form of traditional music called gusle, played with a single-stringed instrument.",https://en.wikipedia.org/wiki/Gusle,The Pirot carpet is a famous hand-woven rug that has been part of the cultural heritage for centuries.,https://en.wikipedia.org/wiki/Pirot_carpet,"The country is home to the world's largest raspberry exporter, often referred to as the 'Raspberry Capital of the World'.",https://en.wikipedia.org/wiki/Agriculture_in_Serbia,The village of Drvengrad was built by filmmaker Emir Kusturica for his film 'Life Is a Miracle' and is a popular tourist attraction.,https://en.wikipedia.org/wiki/Drvengrad,The country has a unique festival called 'Cheese and Rakija Festival' celebrating local cheese and fruit brandy.,https://en.wikipedia.org/wiki/Rakija,"The Tara National Park is home to the Pancic's Spruce, a rare species of conifer discovered in the 19th century.",https://en.wikipedia.org/wiki/Tara_National_Park
Sierra Leone,Africa,Freetown,SLE,"The country is home to the endangered pygmy hippopotamus, a small and elusive species that is rarely seen in the wild.",https://en.wikipedia.org/wiki/Pygmy_hippopotamus,,,,,,,,,,,,,,,,,,
Slovakia,Europe,Bratislava,SVK,"The country is home to more than 6,000 caves, many of which are open to the public.",https://en.wikipedia.org/wiki/List_of_caves_in_Slovakia,It has the world's highest number of castles and chateaux per capita.,https://en.wikipedia.org/wiki/List_of_castles_in_Slovakia,The country has a unique Christmas tradition where carp is kept alive in the family bathtub until it is prepared for dinner.,https://en.wikipedia.org/wiki/Christmas_traditions#Slovakia,"The country is known for its folk music, which includes the fujara, a large, three-holed bass flute that is a UNESCO cultural heritage.",https://en.wikipedia.org/wiki/Fujara,"The country has a village called Čičmany, known for its distinctive folk architecture with white geometric patterns painted on the wooden houses.",https://en.wikipedia.org/wiki/%C4%8Ci%C4%8Dmany,"The country is home to the world's first reservation of folk architecture, the village of Vlkolínec, which is a UNESCO World Heritage Site.",https://en.wikipedia.org/wiki/Vlkol%C3%ADnec,"The country has a unique sport called 'goulash cooking,' where teams compete to make the best goulash.",https://en.wikipedia.org/wiki/Culture_of_Slovakia#Cuisine,"The country has a tradition of 'Burning of Morena,' a ritual to say goodbye to winter by burning a figure made of straw.",https://en.wikipedia.org/wiki/Morena_(goddess),"The country is home to the Dobšinská Ice Cave, one of the largest ice caves in Europe.",https://en.wikipedia.org/wiki/Dob%C5%A1insk%C3%A1_Ice_Cave,The country has a unique Easter tradition where boys splash girls with water and gently whip them with willow branches.,https://en.wikipedia.org/wiki/Easter_traditions#Slovakia
Slovenia,Europe,Ljubljana,SVN,"The country is home to the world's largest ski jumping hill, Planica, where the first jump over 100 meters was achieved.",https://en.wikipedia.org/wiki/Planica,"It has a love for beekeeping, with one of the highest numbers of beekeepers per capita in the world.",https://en.wikipedia.org/wiki/Beekeeping_in_Slovenia,The country is the only one in the world with 'love' in its name.,https://en.wikipedia.org/wiki/Slovenia,"It has a vineyard for every 70 people, making it one of the most vineyard-dense countries in the world.",https://en.wikipedia.org/wiki/Wine_production_in_Slovenia,"The country is home to the oldest vine in the world, which is over 400 years old and still produces grapes.",https://en.wikipedia.org/wiki/Old_Vine,"It has a unique dual-language system in some regions, where both Italian and Hungarian are official languages alongside the national language.",https://en.wikipedia.org/wiki/Languages_of_Slovenia,"The country has a cave system that includes the world's largest underground canyon, located in the Škocjan Caves.",https://en.wikipedia.org/wiki/%C5%A0kocjan_Caves,"It is one of the most biologically diverse countries in Europe, with over 24,000 animal species.",https://en.wikipedia.org/wiki/Wildlife_of_Slovenia,"The country has a tradition of making woodenware, with a special focus on woodenware from the Ribnica Valley, which has been a tradition for over 500 years.","https://en.wikipedia.org/wiki/Ribnica,_Slovenia","It is home to the Solkan Bridge, the world's longest stone-arch railway bridge.",https://en.wikipedia.org/wiki/Solkan_Bridge
Solomon Islands,Australia,Honiara,SLB,"The islands are home to the world's largest saltwater lagoon, Marovo Lagoon.",https://en.wikipedia.org/wiki/Marovo_Lagoon,"The archipelago is one of the few places where the coconut crab, the largest terrestrial arthropod, can be found.",https://en.wikipedia.org/wiki/Coconut_crab,"The islands have a unique tradition of panpipe music, which is played using bamboo pipes of varying lengths.",https://en.wikipedia.org/wiki/Music_of_the_Solomon_Islands,"The islands were the site of the Battle of Guadalcanal during World War II, a major turning point in the Pacific theater.",https://en.wikipedia.org/wiki/Battle_of_Guadalcanal,"The islands are part of the Coral Triangle, known for its incredible marine biodiversity.",https://en.wikipedia.org/wiki/Coral_Triangle,"The islands have a unique form of currency called shell money, traditionally used in some areas.",https://en.wikipedia.org/wiki/Shell_money,"The islands are home to the megapode bird, which uses volcanic heat to incubate its eggs.",https://en.wikipedia.org/wiki/Megapode,"The islands have a rich tradition of storytelling and oral history, often conveyed through song and dance.",https://en.wikipedia.org/wiki/Culture_of_the_Solomon_Islands,"The islands' rainforests are home to many endemic species, including the prehensile-tailed skink.",https://en.wikipedia.org/wiki/Prehensile-tailed_skink,"The islands' traditional navigation techniques are still practiced, using stars, wind, and wave patterns.",https://en.wikipedia.org/wiki/Polynesian_navigation
Somalia,Africa,Mogadishu,SOM,"The ancient Egyptians referred to it as the Land of Punt, a place rich in resources and trade.",https://en.wikipedia.org/wiki/Land_of_Punt,"It is home to the longest coastline on the mainland of Africa, stretching over 3,333 kilometers.",https://en.wikipedia.org/wiki/Geography_of_Somalia,"The country has a unique breed of sheep known as the Somali sheep, which is fat-tailed and primarily raised for meat.",https://en.wikipedia.org/wiki/Somali_sheep,"It is one of the few countries in the world where the majority of the population speaks a single language, Somali, as their mother tongue.",https://en.wikipedia.org/wiki/Somali_language,"The camel is a significant part of the culture and economy, with the country having one of the largest camel populations in the world.",https://en.wikipedia.org/wiki/Camel,"The Laas Geel cave paintings, dating back to 9,000 BC, are some of the oldest known rock art in Africa.",https://en.wikipedia.org/wiki/Laas_Geel,"It has a rich tradition of poetry, with poets historically holding a revered status in society.",https://en.wikipedia.org/wiki/Somali_poetry,"The country has a unique form of architecture known as the Somali architecture, which includes distinctive features like the arcaded courtyards and mosques.",https://en.wikipedia.org/wiki/Somali_architecture,"The currency, the shilling, was introduced in 1962, replacing the East African shilling.",https://en.wikipedia.org/wiki/Somali_shilling,"The country is known for its traditional handwoven textiles, which are often brightly colored and intricately designed.",https://en.wikipedia.org/wiki/Somali_textiles
South Africa,Africa,Cape Town,ZAF,"The world's largest visible crater, the Vredefort Dome, is located here.",https://en.wikipedia.org/wiki/Vredefort_crater,"It is home to the world's smallest succulent plants, some of which are less than 10 mm tall.",https://en.wikipedia.org/wiki/Succulent_plant,The only street in the world to house two Nobel Peace Prize winners is Vilakazi Street.,https://en.wikipedia.org/wiki/Vilakazi_Street,It has the highest commercial bungee jump in the world at Bloukrans Bridge.,https://en.wikipedia.org/wiki/Bloukrans_Bridge_Bungy,The country is the world's largest producer of macadamia nuts.,https://en.wikipedia.org/wiki/Macadamia,It is the only country to have voluntarily dismantled its nuclear weapons program.,https://en.wikipedia.org/wiki/South_Africa_and_weapons_of_mass_destruction,"The world's largest bird, the ostrich, is native to this country.",https://en.wikipedia.org/wiki/Ostrich,"It has the longest wine route in the world, known as Route 62.",https://en.wikipedia.org/wiki/Route_62_(South_Africa),"The country is home to the world's largest individually timed cycle race, the Cape Town Cycle Tour.",https://en.wikipedia.org/wiki/Cape_Town_Cycle_Tour,"It has the oldest meteor scar in the world, the Vredefort Dome, which is over 2 billion years old.",https://en.wikipedia.org/wiki/Vredefort_crater
South Korea,Asia,Seoul,KOR,"The country has a special holiday called 'Black Day' on April 14th, where single people eat black bean noodles to commiserate their lack of a romantic partner.",https://en.wikipedia.org/wiki/Black_Day_(South_Korea),"The country is home to the world's first astronomical observatory, Cheomseongdae, which was built in the 7th century.",https://en.wikipedia.org/wiki/Cheomseongdae,The country has a unique age system where everyone is considered one year old at birth and gains a year on New Year's Day.,https://en.wikipedia.org/wiki/East_Asian_age_reckoning,"The country has a professional video gaming league for the game StarCraft, which is considered a national pastime.",https://en.wikipedia.org/wiki/StarCraft_in_esports,"The country has a tradition of 'fan death,' a belief that sleeping in a closed room with an electric fan running can be fatal.",https://en.wikipedia.org/wiki/Fan_death,The country has a special soup called 'miyeok-guk' that is traditionally eaten on birthdays and by new mothers.,https://en.wikipedia.org/wiki/Miyeok-guk,"The country has a unique Valentine's Day tradition where women give men chocolate, and men reciprocate a month later on 'White Day.'",https://en.wikipedia.org/wiki/Valentine%27s_Day#Asia,"The country has a popular dish called 'budae jjigae,' also known as 'army base stew,' which originated during the Korean War using surplus foods from U.S. military bases.",https://en.wikipedia.org/wiki/Budae_jjigae,The country has a unique wedding tradition where the groom's friends beat the soles of his feet with a stick or dried fish to prepare him for his first night of marriage.,https://en.wikipedia.org/wiki/Wedding_customs_in_South_Korea,"The country has a special day called 'Pepero Day' on November 11th, where people exchange boxes of Pepero sticks, similar to Valentine's Day.",https://en.wikipedia.org/wiki/Pepero_Day
South Sudan,Africa,Juba,SSD,The country has more than 60 indigenous languages spoken within its borders.,https://en.wikipedia.org/wiki/South_Sudan#Languages,"The national animal is the African fish eagle, which is known for its distinctive call.",https://en.wikipedia.org/wiki/South_Sudan#National_symbols,It is one of the few countries where the majority of the population relies on subsistence agriculture.,https://en.wikipedia.org/wiki/South_Sudan#Economy,The country has a unique traditional wrestling style that is a popular sport among the Dinka people.,https://en.wikipedia.org/wiki/South_Sudan#Culture,"The Sudd, one of the world's largest wetlands, is located within its borders.",https://en.wikipedia.org/wiki/South_Sudan#Geography,The country has a significant population of the endangered shoebill stork.,https://en.wikipedia.org/wiki/South_Sudan#Wildlife,"It is home to the Boma National Park, which is larger than the country of Rwanda.",https://en.wikipedia.org/wiki/South_Sudan#Protected_areas,"The White Nile, one of the two major tributaries of the Nile River, flows through the country.",https://en.wikipedia.org/wiki/South_Sudan#Rivers,"The country has a unique flag with a black, red, and green horizontal tricolor with a blue triangle and a yellow star.",https://en.wikipedia.org/wiki/South_Sudan#Flag,"The country declared independence on July 9, 2011, making it one of the world's youngest nations.",https://en.wikipedia.org/wiki/South_Sudan#History
Spain,Europe,Madrid,ESP,"The world's oldest restaurant, Sobrino de Botín, was founded in 1725 and is still operating today.",https://en.wikipedia.org/wiki/Sobrino_de_Bot%C3%ADn,The Tomatina festival involves participants throwing tomatoes at each other and is held annually in Buñol.,https://en.wikipedia.org/wiki/La_Tomatina,The town of Júzcar was painted entirely blue for the promotion of The Smurfs movie in 2011 and kept the color due to its popularity with tourists.,https://en.wikipedia.org/wiki/J%C3%BAzcar,"The Puerta del Sol in Madrid is the physical center of the Iberian Peninsula, marked by the Kilometer Zero plaque.",https://en.wikipedia.org/wiki/Puerta_del_Sol,"The Osborne bull, originally an advertisement for a brandy company, has become a cultural symbol and is considered a national icon.",https://en.wikipedia.org/wiki/Osborne_bull,"The town of Catoira hosts an annual Viking festival, celebrating the region's historical connections with Viking invaders.",https://en.wikipedia.org/wiki/Romer%C3%ADa_Vikinga,"The island of Ibiza is known for its vibrant nightlife and electronic dance music scene, attracting famous DJs from around the world.",https://en.wikipedia.org/wiki/Ibiza,"The Running of the Bulls is a traditional event held during the San Fermín festival in Pamplona, where participants run in front of a group of bulls.",https://en.wikipedia.org/wiki/San_Ferm%C3%ADn,The Guggenheim Museum in Bilbao is renowned for its innovative architecture and contemporary art collections.,https://en.wikipedia.org/wiki/Guggenheim_Museum_Bilbao,"The Alhambra, a UNESCO World Heritage site, is a stunning example of Moorish architecture and one of the most visited monuments.",https://en.wikipedia.org/wiki/Alhambra
Sri Lanka,Asia,Sri Jayawardenepura Kotte,LKA,"The island is home to the world's oldest human-planted tree, the Sri Maha Bodhi, which was planted in 288 BC.",https://en.wikipedia.org/wiki/Sri_Maha_Bodhi,"It has a unique alphabet with 54 letters, making it one of the largest alphabets in the world.",https://en.wikipedia.org/wiki/Sinhalese_alphabet,"The country is known for its spicy food, and the infamous 'devilled' dishes are a local favorite.",https://en.wikipedia.org/wiki/Sri_Lankan_cuisine,"The island is one of the few places in the world where you can see both the largest land mammal, the elephant, and the largest marine mammal, the blue whale, in a single day.",https://en.wikipedia.org/wiki/Wildlife_of_Sri_Lanka,"It is home to the world's first female prime minister, Sirimavo Bandaranaike, who was elected in 1960.",https://en.wikipedia.org/wiki/Sirimavo_Bandaranaike,"The country has a tradition of stilt fishing, where fishermen balance on a single pole planted into the sea bed.",https://en.wikipedia.org/wiki/Stilt_fishing,"The island is famous for its Ceylon tea, which is considered some of the best in the world.",https://en.wikipedia.org/wiki/Ceylon_tea,"It has a unique sport called 'Elle', which is similar to baseball and is played with a bat and ball.",https://en.wikipedia.org/wiki/Elle_(sport),"The country has a rich tradition of mask making, with masks used in various rituals and dances.",https://en.wikipedia.org/wiki/Sri_Lankan_masks,"It is home to the Sigiriya rock fortress, which is sometimes referred to as the 'Eighth Wonder of the World'.",https://en.wikipedia.org/wiki/Sigiriya
Sudan,Africa,Khartoum,SDN,"The country has more pyramids than Egypt, with over 200 pyramids in the region of Nubia.",https://en.wikipedia.org/wiki/Nubian_pyramids,"The Sudd, one of the world's largest wetlands, is located in the country and is so vast that it can be seen from space.",https://en.wikipedia.org/wiki/Sudd,"The country is home to the world's largest collection of ancient rock art, with thousands of petroglyphs and paintings dating back thousands of years.",https://en.wikipedia.org/wiki/Prehistoric_Sudan,The Dinder National Park is one of the few places in the world where you can find the rare African wild dog.,https://en.wikipedia.org/wiki/Dinder_National_Park,"The country has a unique tradition of wrestling known as Nuba wrestling, which is a popular cultural sport among the Nuba people.",https://en.wikipedia.org/wiki/Nuba_wrestling,"The country is one of the few places where the Nile River flows from south to north, making it a unique geographical feature.",https://en.wikipedia.org/wiki/Nile,"The country has a rich tradition of storytelling, with oral histories and folktales being an important part of its cultural heritage.",https://en.wikipedia.org/wiki/Culture_of_Sudan,"The country is home to the Sahelian Acacia savanna, a unique ecosystem that supports a diverse range of wildlife.",https://en.wikipedia.org/wiki/Sahel,"The country has a unique form of music known as Haqibah, which combines traditional and modern elements.",https://en.wikipedia.org/wiki/Music_of_Sudan,The country is one of the few places where the ancient game of Mancala is still widely played.,https://en.wikipedia.org/wiki/Mancala
Suriname,S. America,Paramaribo,SUR,"The country is home to the largest reservoir in the world by surface area, the Brokopondo Reservoir.",https://en.wikipedia.org/wiki/Brokopondo_Reservoir,"The official language is Dutch, making it one of the few non-European countries where Dutch is the official language.",https://en.wikipedia.org/wiki/Suriname#Languages,It is the smallest independent country in South America by area.,https://en.wikipedia.org/wiki/Suriname#Geography,"The country has a significant population of Javanese people, descendants of workers brought from the Dutch East Indies.",https://en.wikipedia.org/wiki/Suriname#Demographics,"The currency is the Surinamese dollar, abbreviated as SRD.",https://en.wikipedia.org/wiki/Surinamese_dollar,"The country is one of the most forested countries in the world, with about 93% of its land covered by forests.",https://en.wikipedia.org/wiki/Suriname#Geography,"It is a founding member of the Caribbean Community (CARICOM), despite not being located in the Caribbean.",https://en.wikipedia.org/wiki/Suriname#Foreign_relations,"The country has a unique blend of cultures, with influences from Indian, African, Javanese, Chinese, and European cultures.",https://en.wikipedia.org/wiki/Suriname#Culture,"The country is known for its diverse wildlife, including jaguars, sloths, and various species of monkeys.",https://en.wikipedia.org/wiki/Suriname#Wildlife,"The country has a national holiday called 'Keti Koti,' which celebrates the abolition of slavery.",https://en.wikipedia.org/wiki/Keti_Koti
Sweden,Europe,Stockholm,SWE,The country has a hotel made entirely of ice that is rebuilt every year.,https://en.wikipedia.org/wiki/Icehotel_(Jukkasj%C3%A4rvi),The country is home to the world's largest scale model of the solar system.,https://en.wikipedia.org/wiki/Sweden_Solar_System,The country has a rabbit show jumping competition called Kaninhoppning.,https://en.wikipedia.org/wiki/Rabbit_show_jumping,"The country has a tradition of 'fika', which is a coffee break with pastries.",https://en.wikipedia.org/wiki/Fika_(Sweden),The country has a museum dedicated to failed products called the Museum of Failure.,https://en.wikipedia.org/wiki/Museum_of_Failure,The country has a hotel where guests can sleep in a treehouse.,https://en.wikipedia.org/wiki/Treehotel,The country has a tradition of watching Donald Duck cartoons on Christmas Eve.,https://en.wikipedia.org/wiki/Kalle_Anka_och_hans_v%C3%A4nner_%C3%B6nskar_God_Jul,"The country has a unique sport called 'bandy', which is similar to ice hockey but played with a ball.",https://en.wikipedia.org/wiki/Bandy,"The country has a tradition of 'kräftskiva', a crayfish party held in August.",https://en.wikipedia.org/wiki/Crayfish_party,The country has a hotel that offers a room located 155 meters underground in a silver mine.,https://en.wikipedia.org/wiki/Salina_Turda
Switzerland,Europe,Bern,CHE,"The country has four national languages: German, French, Italian, and Romansh.",https://en.wikipedia.org/wiki/Switzerland#Languages,"The country is home to the world's longest and deepest railway tunnel, the Gotthard Base Tunnel, which is 57.1 km long.",https://en.wikipedia.org/wiki/Gotthard_Base_Tunnel,"The country has a square flag, one of only two countries in the world with a square flag.",https://en.wikipedia.org/wiki/Flag_of_Switzerland,"The country is known for its direct democracy, where citizens can propose changes to the constitution.",https://en.wikipedia.org/wiki/Politics_of_Switzerland#Direct_democracy,"The country has a tradition of not having a head of state; instead, the Federal Council collectively acts as the head of state.",https://en.wikipedia.org/wiki/Politics_of_Switzerland#Federal_Council,The country is famous for its neutrality and has not been in a state of war since 1815.,https://en.wikipedia.org/wiki/Switzerland#Foreign_relations,"The country is home to the International Red Cross, which was founded in 1863.",https://en.wikipedia.org/wiki/International_Committee_of_the_Red_Cross,"The country has more than 1,500 lakes, and no point in the country is more than 16 km from a lake.",https://en.wikipedia.org/wiki/Geography_of_Switzerland,"The country has a unique system of conscription, where all able-bodied male citizens must serve in the military.",https://en.wikipedia.org/wiki/Military_of_Switzerland#Conscription,"The country is known for its cheese, with over 450 different varieties produced.",https://en.wikipedia.org/wiki/Cuisine_of_Switzerland#Cheese
Syria,Asia,Damascus,SYR,"The world's oldest known melody, the Hurrian Hymn No. 6, was discovered on a clay tablet in the ancient city of Ugarit.",https://en.wikipedia.org/wiki/Hurrian_songs,"The ancient city of Ebla, located in this country, had a library with over 15,000 cuneiform tablets dating back to the 3rd millennium BC.",https://en.wikipedia.org/wiki/Ebla,"The world's oldest surviving alphabet, the Ugaritic alphabet, was discovered in the ancient city of Ugarit.",https://en.wikipedia.org/wiki/Ugaritic_alphabet,,,,,,,,,,,,,,
Tajikistan,Asia,Dushanbe,TJK,"The country is home to the world's second-highest dam, the Nurek Dam, which stands at 300 meters tall.",https://en.wikipedia.org/wiki/Nurek_Dam,"The Pamir Mountains, located in the country, are often referred to as the 'Roof of the World'.",https://en.wikipedia.org/wiki/Pamir_Mountains,"The country has a national holiday called 'Day of the Melon', celebrated on August 15th.",https://en.wikipedia.org/wiki/Public_holidays_in_Tajikistan,The country is one of the few places where the critically endangered snow leopard can be found.,https://en.wikipedia.org/wiki/Snow_leopard,"The country has a unique tradition of 'Buzkashi', a sport similar to polo but played with a goat carcass.",https://en.wikipedia.org/wiki/Buzkashi,"The country is home to the world's longest non-polar glacier, the Fedchenko Glacier.",https://en.wikipedia.org/wiki/Fedchenko_Glacier,"The country has a high literacy rate of over 99%, despite being one of the poorest countries in the region.",https://en.wikipedia.org/wiki/Education_in_Tajikistan,"The country has a unique cultural practice of 'Falak', a traditional form of singing that is often improvised.",https://en.wikipedia.org/wiki/Falak,"The country is known for its ancient petroglyphs, some of which date back to the Bronze Age.",https://en.wikipedia.org/wiki/Petroglyphs_in_Tajikistan,"The country has a national dish called 'Qurutob', made from dried yogurt balls and flatbread.",https://en.wikipedia.org/wiki/Qurutob
Tanzania,Africa,Dodoma,TZA,"The coconut crab, the largest terrestrial arthropod in the world, can be found on the islands of the Zanzibar Archipelago.",https://en.wikipedia.org/wiki/Coconut_crab,"The Hadza people, one of the last remaining hunter-gatherer groups in the world, reside in the central part of the country.",https://en.wikipedia.org/wiki/Hadza_people,"The Ngorongoro Crater is the world's largest inactive, intact, and unfilled volcanic caldera.",https://en.wikipedia.org/wiki/Ngorongoro_Conservation_Area,"The Serengeti National Park is home to the largest terrestrial mammal migration in the world, known as the Great Migration.",https://en.wikipedia.org/wiki/Serengeti_National_Park,The Gombe Stream National Park is famous for the research conducted by Jane Goodall on chimpanzee behavior.,https://en.wikipedia.org/wiki/Gombe_Stream_National_Park,,,,,,,,,,
Thailand,Asia,Bangkok,THA,"The world's smallest mammal, the bumblebee bat, is found in this country.",https://en.wikipedia.org/wiki/Kitti%27s_hog-nosed_bat,"It is home to the world's largest solid gold Buddha statue, weighing 5.5 tons.",https://en.wikipedia.org/wiki/Golden_Buddha_(statue),The country has a festival where monkeys are served a buffet of fruits and vegetables.,https://en.wikipedia.org/wiki/Monkey_Buffet_Festival,It is the only country in Southeast Asia that was never colonized by a European power.,https://en.wikipedia.org/wiki/History_of_Thailand,The national flag is raised and lowered every day at 8:00 AM and 6:00 PM.,https://en.wikipedia.org/wiki/Flag_of_Thailand,"The country has a bridge that was made famous by a Hollywood movie, 'The Bridge on the River Kwai'.",https://en.wikipedia.org/wiki/The_Bridge_on_the_River_Kwai,It is home to the world's largest crocodile farm.,https://en.wikipedia.org/wiki/Samutprakarn_Crocodile_Farm_and_Zoo,The country has a unique festival where people throw water at each other to celebrate the New Year.,https://en.wikipedia.org/wiki/Songkran_(Thailand),It is known for having a floating market where vendors sell goods from boats.,https://en.wikipedia.org/wiki/Floating_market,The country has a temple that is entirely made of beer bottles.,https://en.wikipedia.org/wiki/Wat_Pa_Maha_Chedi_Kaew
Timor-Leste,Asia,Dili,TLS,"The country has a unique tradition of 'Tais' weaving, which is a form of handwoven textile art that plays a significant role in social and cultural events.",https://en.wikipedia.org/wiki/Tais,"It is one of only two predominantly Roman Catholic countries in Southeast Asia, the other being the Philippines.",https://en.wikipedia.org/wiki/Religion_in_East_Timor,"The country has a coffee industry that is one of the largest non-oil exports, with coffee cultivation dating back to the colonial period.",https://en.wikipedia.org/wiki/Economy_of_East_Timor#Agriculture,"The country is home to the 'Crocodile Legend,' a creation myth that explains the island's shape and is an integral part of local folklore.",https://en.wikipedia.org/wiki/Culture_of_East_Timor#Mythology,"The country has a public holiday called 'Restoration of Independence Day,' celebrated on May 20th, marking the day in 2002 when it regained independence.",https://en.wikipedia.org/wiki/Public_holidays_in_East_Timor,The country has a unique two-season climate: a wet season from December to April and a dry season from May to November.,https://en.wikipedia.org/wiki/Geography_of_East_Timor#Climate,The country is one of the few places in the world where the endangered Yellow-crested Cockatoo can be found in the wild.,https://en.wikipedia.org/wiki/Wildlife_of_East_Timor,"The country has a traditional martial art called 'Tebe,' which is a form of dance that involves rhythmic foot stamping and is performed during cultural ceremonies.",https://en.wikipedia.org/wiki/Culture_of_East_Timor#Dance,"The country has a unique form of traditional house architecture known as 'Uma Lulik,' which are sacred houses that play a central role in community life.",https://en.wikipedia.org/wiki/Culture_of_East_Timor#Architecture,"The country has a national park called 'Nino Konis Santana National Park,' which is the first national park and includes both terrestrial and marine areas.",https://en.wikipedia.org/wiki/Nino_Konis_Santana_National_Park
Togo,Africa,Lomé,TGO,"The country is home to the world's largest voodoo market, the Akodessewa Fetish Market.",https://en.wikipedia.org/wiki/Akodessewa_Fetish_Market,"The national flag features five horizontal stripes and a white star, symbolizing hope.",https://en.wikipedia.org/wiki/Flag_of_Togo,"The Koutammakou landscape is a UNESCO World Heritage site, known for its traditional mud tower-houses.",https://en.wikipedia.org/wiki/Koutammakou,"The country has a rich tradition of storytelling, with griots playing a key role in preserving oral history.",https://en.wikipedia.org/wiki/Griot,"The Ewe people, one of the ethnic groups, are known for their intricate kente cloth weaving.",https://en.wikipedia.org/wiki/Ewe_people,"The country has a unique system of traditional chieftaincy, with chiefs playing important roles in local governance.",https://en.wikipedia.org/wiki/Chieftaincy_(Togo),"The national dish is fufu, a starchy side dish made from yams or cassava.",https://en.wikipedia.org/wiki/Fufu,The country is one of the world's largest producers of phosphate.,https://en.wikipedia.org/wiki/Phosphate_in_Togo,"The Togolese football team is nicknamed Les Éperviers, meaning The Sparrowhawks.",https://en.wikipedia.org/wiki/Togo_national_football_team,"The country has a diverse range of musical styles, including highlife, afrobeat, and traditional drumming.",https://en.wikipedia.org/wiki/Music_of_Togo
Trinidad and Tobago,N. America,Port of Spain,TTO,"The steelpan, a musical instrument made from industrial drums, was invented here.",https://en.wikipedia.org/wiki/Steelpan,"It is home to the world's largest natural deposit of asphalt, known as the Pitch Lake.",https://en.wikipedia.org/wiki/Pitch_Lake,"The country has a unique festival called 'Phagwa' or 'Holi', celebrated with colored powders.",https://en.wikipedia.org/wiki/Holi,It is one of the few places in the world where leatherback turtles come to nest.,https://en.wikipedia.org/wiki/Leatherback_sea_turtle,"The country has a unique dish called 'Doubles', which is a popular street food.",https://en.wikipedia.org/wiki/Doubles_(food),"It is the birthplace of the limbo dance, a popular dance form.",https://en.wikipedia.org/wiki/Limbo_(dance),The country has a unique species of hummingbird known as the 'Tufted Coquette'.,https://en.wikipedia.org/wiki/Tufted_coquette,It is home to the world's largest brain coral colony.,https://en.wikipedia.org/wiki/Brain_coral,"The country has a unique festival called 'J'ouvert', marking the start of Carnival.",https://en.wikipedia.org/wiki/J%27ouvert,"It is one of the few countries where the main language is English, but the local dialect is Creole.",https://en.wikipedia.org/wiki/Trinidadian_and_Tobagonian_Creole
Tunisia,Africa,Tunis,TUN,"The national currency is named after a small fish, the 'dinar', which is derived from the Latin word 'denarius'.",https://en.wikipedia.org/wiki/Tunisian_dinar,"The country is home to the world's northernmost point of the African continent, known as Cape Angela.",https://en.wikipedia.org/wiki/Cape_Angela,"It is one of the few countries where you can find the endangered Saharan silver ant, which is the fastest of the world's ants.",https://en.wikipedia.org/wiki/Saharan_silver_ant,"The country has a unique tradition of 'Joujma', a type of traditional wrestling that is performed during festivals.",https://en.wikipedia.org/wiki/Sport_in_Tunisia#Traditional_sports,The Star Wars movie franchise used the country's desert landscapes to film scenes set on the fictional planet Tatooine.,https://en.wikipedia.org/wiki/Star_Wars_filming_locations#Tunisia,,,,,,,,,,
Turkey,Asia,Ankara,TUR,"The country is home to the world's oldest known human settlement, Göbekli Tepe, which dates back to around 9600 BC.",https://en.wikipedia.org/wiki/G%C3%B6bekli_Tepe,"The tulip, a symbol often associated with the Netherlands, actually originated in this country and was brought to Europe in the 16th century.",https://en.wikipedia.org/wiki/Tulip,"The country has a town named Batman, which has gained attention due to its name's association with the famous comic book character.","https://en.wikipedia.org/wiki/Batman,_Turkey","The country is the world's largest producer of hazelnuts, accounting for approximately 70% of global production.",https://en.wikipedia.org/wiki/Hazelnut#Production,"The country has a unique form of wrestling called oil wrestling, where participants douse themselves in olive oil before competing.",https://en.wikipedia.org/wiki/Oil_wrestling,"The country is home to the Lycian Way, a 540 km long-distance footpath along the coast, known for its stunning views and ancient ruins.",https://en.wikipedia.org/wiki/Lycian_Way,"The country has a city called Mardin, known for its unique architecture and a mix of cultures, with buildings made of beige-colored limestone.",https://en.wikipedia.org/wiki/Mardin,"The country has a tradition of shadow puppetry known as Karagöz and Hacivat, which dates back to the Ottoman Empire.",https://en.wikipedia.org/wiki/Karag%C3%B6z_and_Hacivat,"The country is home to the world's second oldest underground railway, the Tünel, which opened in 1875.",https://en.wikipedia.org/wiki/T%C3%BCnel,"The country has a region called Cappadocia, famous for its fairy chimneys and hot air balloon rides over the unique landscape.",https://en.wikipedia.org/wiki/Cappadocia
Turkmenistan,Asia,Ashgabat,TKM,"The country is home to the Darvaza Gas Crater, also known as the 'Door to Hell,' a fiery natural gas field that has been burning since 1971.",https://en.wikipedia.org/wiki/Darvaza_gas_crater,"The country has a national holiday dedicated to its famous breed of dog, the Alabai, celebrated on the last Sunday of April.",https://en.wikipedia.org/wiki/Alabai,"The country is known for its love of melons, with a national holiday called 'Melon Day' celebrated on the second Sunday of August.",https://en.wikipedia.org/wiki/Melon_Day,"The country has a Ministry of Carpets, reflecting the cultural significance of carpet weaving in the nation.",https://en.wikipedia.org/wiki/Turkmen_carpet,The country once banned lip-syncing at public events to preserve the authenticity of live performances.,https://en.wikipedia.org/wiki/Culture_of_Turkmenistan#Music,"The country has a unique architectural feature in its buildings, with many structures covered in white marble, earning it a Guinness World Record for the highest density of white marble buildings.",https://en.wikipedia.org/wiki/Ashgabat#Architecture,"The country has a tradition of horse racing with the Akhal-Teke horse, a breed known for its speed and endurance, often referred to as the 'golden horse.'",https://en.wikipedia.org/wiki/Akhal-Teke,"The country has a strict policy on car colors, with a preference for white vehicles, as they are believed to bring good luck.",https://en.wikipedia.org/wiki/Transport_in_Turkmenistan#Automobiles,"The country has a unique public health policy where smoking is heavily restricted, and tobacco products are not widely available.",https://en.wikipedia.org/wiki/Health_in_Turkmenistan#Smoking,"The country has a peculiar law that prohibits the use of satellite dishes, aiming to control access to foreign media.",https://en.wikipedia.org/wiki/Telecommunications_in_Turkmenistan#Television
Uganda,Africa,Kampala,UGA,The country is home to the world's largest population of mountain gorillas.,https://en.wikipedia.org/wiki/Mountain_gorilla,"The equator runs through the country, and you can stand in both hemispheres at once.",https://en.wikipedia.org/wiki/Equator,"The country has a unique traditional dance called the Bwola, performed by the Acholi people.",https://en.wikipedia.org/wiki/Acholi_people,It is one of the few places where you can find the rare shoebill stork.,https://en.wikipedia.org/wiki/Shoebill,"The country is known for its Rolex, a popular street food that combines a rolled chapati with eggs and vegetables.",https://en.wikipedia.org/wiki/Rolex_(food),"Lake Victoria, the largest lake in Africa, is partly located in the country.",https://en.wikipedia.org/wiki/Lake_Victoria,"The country has a unique ethnic group called the Batwa, who are pygmy people traditionally living in the forest.",https://en.wikipedia.org/wiki/Batwa_people,"The source of the Nile River, the world's longest river, is located in the country.",https://en.wikipedia.org/wiki/Nile,"The country has a vibrant music scene, with a popular genre called Kadongo Kamu, which means 'one guitar'.",https://en.wikipedia.org/wiki/Kadongo_kamu,"The country is home to the Kasubi Tombs, a UNESCO World Heritage Site and burial place for the kings of Buganda.",https://en.wikipedia.org/wiki/Kasubi_Tombs
Ukraine,Europe,Kyiv,UKR,"The world's deepest metro station, Arsenalna, is located here, reaching a depth of 105.5 meters (346 feet).",https://en.wikipedia.org/wiki/Arsenalna_(Kyiv_Metro),"The Tunnel of Love, a section of industrial railway surrounded by green arches, is a popular tourist spot for couples.",https://en.wikipedia.org/wiki/Tunnel_of_Love_(railway),"The country is home to the geographical center of Europe, located near the town of Rakhiv.",https://en.wikipedia.org/wiki/Geographical_centre_of_Europe,"The world's largest plane, the Antonov An-225 Mriya, was designed and built here.",https://en.wikipedia.org/wiki/Antonov_An-225_Mriya,"The country has a unique tradition of painting Easter eggs, known as pysanky, which are decorated with intricate designs using a wax-resist method.",https://en.wikipedia.org/wiki/Pysanka,"The national dish, borscht, is a beet soup that has over 70 different recipes.",https://en.wikipedia.org/wiki/Borscht,"The country is home to the only desert in Europe, the Oleshky Sands.",https://en.wikipedia.org/wiki/Oleshky_Sands,The world's first constitution was written here in 1710 by Pylyp Orlyk.,https://en.wikipedia.org/wiki/Constitution_of_Pylyp_Orlyk,"The country has a tradition of celebrating Christmas on January 7th, following the Julian calendar.",https://en.wikipedia.org/wiki/Christmas_in_Ukraine,"The Carpathian Mountains are home to the Hutsuls, an ethnic group known for their vibrant folk art and traditional crafts.",https://en.wikipedia.org/wiki/Hutsuls
United Arab Emirates,Asia,Abu Dhabi,ARE,"The country is home to the world's fastest roller coaster, Formula Rossa, which reaches speeds of up to 240 km/h (149 mph).",https://en.wikipedia.org/wiki/Formula_Rossa,"The Burj Khalifa, the tallest building in the world, has a total of 163 floors.",https://en.wikipedia.org/wiki/Burj_Khalifa,"The country has a Minister of State for Happiness, a position created to promote happiness among residents.",https://en.wikipedia.org/wiki/Minister_of_State_for_Happiness,"The country is known for having the world's largest hand-woven carpet, located in the Sheikh Zayed Grand Mosque.",https://en.wikipedia.org/wiki/Sheikh_Zayed_Grand_Mosque,"The country has a city called Masdar City, which is designed to be a hub for clean-tech companies and is powered by renewable energy.",https://en.wikipedia.org/wiki/Masdar_City,"The country is home to the world's largest artificial island, Palm Jumeirah.",https://en.wikipedia.org/wiki/Palm_Jumeirah,"The country has a tradition of camel racing, and robot jockeys are used instead of human jockeys.",https://en.wikipedia.org/wiki/Camel_racing,"The country has a ski resort inside a shopping mall, Ski Dubai, which features an indoor ski slope.",https://en.wikipedia.org/wiki/Ski_Dubai,The country has a police force that uses luxury cars like Lamborghinis and Ferraris for patrols.,https://en.wikipedia.org/wiki/Dubai_Police_Force,"The country is home to the world's largest picture frame, the Dubai Frame, which offers panoramic views of the city.",https://en.wikipedia.org/wiki/Dubai_Frame
United Kingdom,Europe,London,GBR,"The world's first postage stamp, the Penny Black, was issued in 1840.",https://en.wikipedia.org/wiki/Penny_Black,"The shortest war in history lasted only 38 to 45 minutes, fought in 1896.",https://en.wikipedia.org/wiki/Anglo-Zanzibar_War,"There is a place called 'Llanfair­pwllgwyngyll­gogery­chwyrn­drobwll­llan­tysilio­gogo­goch', which is one of the longest place names in the world.",https://en.wikipedia.org/wiki/Llanfairpwllgwyngyll,The first public zoo in the world opened in 1828.,https://en.wikipedia.org/wiki/London_Zoo,A law passed in 1313 makes it illegal to wear armor in the Parliament.,https://en.wikipedia.org/wiki/Statute_forbidding_Bearing_of_Armour,The first fish and chips shop opened in the 1860s.,https://en.wikipedia.org/wiki/Fish_and_chips,The world's first television broadcast was made in 1927.,https://en.wikipedia.org/wiki/History_of_television,The first modern Olympic Games were held in 1908.,https://en.wikipedia.org/wiki/1908_Summer_Olympics,The first traffic light was installed in 1868 outside the Houses of Parliament.,https://en.wikipedia.org/wiki/Traffic_light,The first chocolate bar was created in 1847.,https://en.wikipedia.org/wiki/Chocolate_bar
United States of America,N. America,Washington DC,USA,"The Library of Congress is the largest library in the world, with more than 170 million items.",https://en.wikipedia.org/wiki/Library_of_Congress,The state of Alaska is so big that it could fit the 22 smallest U.S. states within its borders.,https://en.wikipedia.org/wiki/Alaska,"The U.S. has no official language at the federal level, although English is the most widely spoken.",https://en.wikipedia.org/wiki/Languages_of_the_United_States,"The U.S. is home to the world's largest ball of paint, which weighs over 2,500 pounds.",https://en.wikipedia.org/wiki/World%27s_largest_ball_of_paint,"The Pentagon, headquarters of the Department of Defense, has twice as many bathrooms as necessary due to segregation laws at the time of its construction.",https://en.wikipedia.org/wiki/The_Pentagon,"The U.S. has the highest number of tornadoes of any country, averaging over 1,000 per year.",https://en.wikipedia.org/wiki/Tornadoes_in_the_United_States,"The U.S. has the world's longest cave system, Mammoth Cave, with over 400 miles of surveyed passageways.",https://en.wikipedia.org/wiki/Mammoth_Cave_National_Park,"The U.S. has more than 10,000 ghost towns, mostly due to the Gold Rush era.",https://en.wikipedia.org/wiki/Ghost_towns_in_the_United_States,"The U.S. has the only royal palace on U.S. soil, the ʻIolani Palace in Hawaii.",https://en.wikipedia.org/wiki/%CA%BBIolani_Palace,"The U.S. has the world's largest economy, with a GDP of over $21 trillion as of 2019.",https://en.wikipedia.org/wiki/Economy_of_the_United_States
Uruguay,S. America,Montevideo,URY,"The country has more sheep than people, with a ratio of approximately 3.8 sheep per person.",https://en.wikipedia.org/wiki/Agriculture_in_Uruguay,"It is home to the longest carnival celebration in the world, lasting around 40 days.",https://en.wikipedia.org/wiki/Carnival_in_Uruguay,"The country was the first in the world to legalize the production, sale, and consumption of marijuana.",https://en.wikipedia.org/wiki/Cannabis_in_Uruguay,It has a national holiday called 'Dia del Nunca Mas' or 'Never Again Day' to remember the victims of the military dictatorship.,https://en.wikipedia.org/wiki/Public_holidays_in_Uruguay,"The country has a national drink called 'mate,' which is a type of tea made from the leaves of the yerba mate plant.",https://en.wikipedia.org/wiki/Mate_(drink),It is one of the few countries in the world where the majority of the population is of European descent.,https://en.wikipedia.org/wiki/Demographics_of_Uruguay,"The country has a unique form of democracy called 'civic-military democracy,' which was established after the end of the military dictatorship.",https://en.wikipedia.org/wiki/Politics_of_Uruguay,"It is known for its high literacy rate, which is one of the highest in the world.",https://en.wikipedia.org/wiki/Education_in_Uruguay,"The country has a unique tradition of 'candombe,' a style of music and dance that originated from African slaves.",https://en.wikipedia.org/wiki/Candombe,It is one of the few countries in the world that provides free laptops to all primary school students.,https://en.wikipedia.org/wiki/Plan_Ceibal
Uzbekistan,Asia,Tashkent,UZB,"The country is one of only two doubly landlocked countries in the world, meaning it is surrounded entirely by other landlocked countries.",https://en.wikipedia.org/wiki/Uzbekistan#Geography,"The Aral Sea, once one of the world's largest lakes, has been shrinking since the 1960s due to river diversion projects.",https://en.wikipedia.org/wiki/Aral_Sea,"The country is home to the world's largest open-pit gold mine, the Muruntau Gold Mine.",https://en.wikipedia.org/wiki/Muruntau_gold_mine,"The national dish, plov, is so popular that it has its own dedicated research center.",https://en.wikipedia.org/wiki/Plov,"The country has a unique tradition of making paper from mulberry bark, a craft that dates back to the 8th century.",https://en.wikipedia.org/wiki/Samarkand_paper,"The region is known for its ancient cities, including one that is over 2,500 years old and was a key stop on the Silk Road.",https://en.wikipedia.org/wiki/Samarkand,"The country has a unique form of wrestling called Kurash, which is over 3,500 years old.",https://en.wikipedia.org/wiki/Kurash,"The country is one of the world's largest producers of cotton, often referred to as 'white gold' in the region.",https://en.wikipedia.org/wiki/Cotton_production_in_Uzbekistan,"The region is home to the world's largest solar oven, located in a research facility.",https://en.wikipedia.org/wiki/Solar_power_in_Uzbekistan,"The country has a unique architectural style that features intricate tilework and mosaics, especially in its historic madrasahs and mosques.",https://en.wikipedia.org/wiki/Architecture_of_Uzbekistan
Vanuatu,Australia,Port Vila,VUT,"The country is home to a unique land diving ritual called Naghol, where men jump from wooden towers with vines tied to their ankles.",https://en.wikipedia.org/wiki/Land_diving,"The country has a tradition of water music, where women create rhythmic sounds by slapping the water's surface.",https://en.wikipedia.org/wiki/Water_music_(Vanuatu),"The country is one of the few places in the world where bungee jumping originated, inspired by the land diving ritual.",https://en.wikipedia.org/wiki/Bungee_jumping#History,"The country has a unique language diversity, with over 100 indigenous languages spoken across its islands.",https://en.wikipedia.org/wiki/Languages_of_Vanuatu,"The country is known for its active volcano, Mount Yasur, which is one of the most accessible active volcanoes in the world.",https://en.wikipedia.org/wiki/Mount_Yasur,"The country has a tradition of sand drawing, a unique art form recognized by UNESCO as a Masterpiece of the Oral and Intangible Heritage of Humanity.",https://en.wikipedia.org/wiki/Sand_drawing,"The country was the setting for several seasons of the reality TV show Survivor, which brought international attention to its natural beauty.",https://en.wikipedia.org/wiki/Survivor_(American_TV_series)#Filming_locations,"The country has a unique legal system that combines British common law, French civil law, and indigenous customary law.",https://en.wikipedia.org/wiki/Legal_system_of_Vanuatu,"The country is one of the few places where kava, a traditional drink with sedative properties, is consumed socially and ceremonially.",https://en.wikipedia.org/wiki/Kava_culture,"The country has a unique tradition of pig tusk currency, where pig tusks are used as a form of traditional wealth and status symbol.",https://en.wikipedia.org/wiki/Pig_tusk_currency
Venezuela,S. America,Caracas,VEN,"The world's highest uninterrupted waterfall, Angel Falls, is located here and is 15 times higher than Niagara Falls.",https://en.wikipedia.org/wiki/Angel_Falls,"It is home to the Catatumbo Lightning, a unique atmospheric phenomenon that occurs over the Catatumbo River, producing lightning storms up to 160 nights a year.",https://en.wikipedia.org/wiki/Catatumbo_lightning,"The harpy eagle, one of the largest and most powerful eagles in the world, can be found in its rainforests.",https://en.wikipedia.org/wiki/Harpy_eagle,"The Orinoco River, one of the longest rivers in South America, flows through this country and is home to the rare Orinoco crocodile.",https://en.wikipedia.org/wiki/Orinoco_River,"It has a unique tradition called 'Paradura del Niño,' where the baby Jesus figurine is 'walked' around the neighborhood to bless homes.",https://en.wikipedia.org/wiki/Paradura_del_Ni%C3%B1o,"The country is known for its 'tepuis,' which are flat-topped mountains that inspired the movie 'Up.'",https://en.wikipedia.org/wiki/Tepui,It is one of the few places where the endangered giant anteater can still be found in the wild.,https://en.wikipedia.org/wiki/Giant_anteater,"The country has a unique musical style called 'joropo,' which is a lively folk music and dance.",https://en.wikipedia.org/wiki/Joropo,"It is home to the world's largest rodent, the capybara, which is often seen in its wetlands.",https://en.wikipedia.org/wiki/Capybara,The country has a unique Christmas tradition where people roller skate to early morning church services.,https://en.wikipedia.org/wiki/Christmas_traditions#Venezuela
Vietnam,Asia,Hanoi,VNM,"The water puppet show, a traditional art form, originated in the Red River Delta and is performed in a waist-deep pool.",https://en.wikipedia.org/wiki/Water_puppetry,"The world's largest cave, Son Doong, was discovered in 1991 by a local farmer and is so large it has its own weather system.",https://en.wikipedia.org/wiki/S%C6%A1n_%C4%90o%C3%B2ng_Cave,The country is home to the world's largest cashew nut processing industry.,https://en.wikipedia.org/wiki/Agriculture_in_Vietnam#Cashew_nuts,"The traditional dress, Ao Dai, is worn by both men and women and is known for its elegance and grace.",https://en.wikipedia.org/wiki/%C3%81o_d%C3%A0i,"The country has a unique New Year celebration called Tet, which is based on the lunar calendar and includes many traditional customs.",https://en.wikipedia.org/wiki/T%C3%A1t_Ni%C3%AAn,"The country is one of the world's largest exporters of black pepper, accounting for about one-third of the global supply.",https://en.wikipedia.org/wiki/Agriculture_in_Vietnam#Pepper,"The cuisine is known for its use of fresh herbs and vegetables, and the balance of five taste elements: spicy, sour, bitter, salty, and sweet.",https://en.wikipedia.org/wiki/Vietnamese_cuisine,"The country has a unique form of martial arts called Vovinam, which includes the use of weapons and is practiced worldwide.",https://en.wikipedia.org/wiki/Vovinam,"The country has a rich tradition of folk music, with genres like Ca Tru and Quan Ho recognized by UNESCO as intangible cultural heritage.",https://en.wikipedia.org/wiki/Music_of_Vietnam,"The country is home to the world's largest cave fish, which is blind and lives in the dark waters of the Phong Nha-Ke Bang National Park.",https://en.wikipedia.org/wiki/Phong_Nha-K%E1%BA%BB_B%C3%A0ng_National_Park
Yemen,Asia,Sana'a,YEM,The ancient city of Shibam is often referred to as the 'Manhattan of the Desert' due to its unique mudbrick skyscrapers.,https://en.wikipedia.org/wiki/Shibam,"The island of Socotra is home to the dragon's blood tree, which has a unique umbrella shape and red sap.",https://en.wikipedia.org/wiki/Socotra,"The Hadhramaut region is known for its traditional mudbrick architecture, which has been used for thousands of years.",https://en.wikipedia.org/wiki/Hadhramaut,"The Marib Dam, one of the oldest dams in the world, was originally built in the 8th century BC.",https://en.wikipedia.org/wiki/Marib_Dam,"The Rub' al Khali desert, also known as the Empty Quarter, is the largest continuous sand desert in the world.",https://en.wikipedia.org/wiki/Rub%27_al_Khali,The ancient Himyarite Kingdom was known for its advanced irrigation systems and trade networks.,https://en.wikipedia.org/wiki/Himyarite_Kingdom,The city of Aden has a natural harbor that has been used since ancient times and was a key port in the spice trade.,https://en.wikipedia.org/wiki/Aden,The Socotra Archipelago is a UNESCO World Heritage Site due to its unique biodiversity and high number of endemic species.,https://en.wikipedia.org/wiki/Socotra_Archipelago,"The traditional dagger, known as a jambiya, is an important cultural symbol and is often worn by men as a sign of status.",https://en.wikipedia.org/wiki/Jambiya,The ancient city of Zabid was a center of Islamic learning and is a UNESCO World Heritage Site.,https://en.wikipedia.org/wiki/Zabid
Zambia,Africa,Lusaka,ZMB,The termite mounds in this country can be as large as a house.,https://en.wikipedia.org/wiki/Termite_mound,"The country is home to the world's largest man-made lake by volume, Lake Kariba.",https://en.wikipedia.org/wiki/Lake_Kariba,"The currency used is called the Kwacha, which means 'dawn' in the local language.",https://en.wikipedia.org/wiki/Zambian_kwacha,"The country has a unique traditional ceremony called Kuomboka, which involves a royal barge procession.",https://en.wikipedia.org/wiki/Kuomboka,"The Victoria Falls, one of the Seven Natural Wonders of the World, is located on the border with Zimbabwe.",https://en.wikipedia.org/wiki/Victoria_Falls,The country has a bat migration that is considered the largest mammal migration in the world.,https://en.wikipedia.org/wiki/Kasanka_National_Park,"The country has a unique dish called Ifisashi, which is made with peanuts and vegetables.",https://en.wikipedia.org/wiki/Cuisine_of_Zambia,"The country is home to the Big Five game animals, which include the lion, leopard, rhinoceros, elephant, and Cape buffalo.",https://en.wikipedia.org/wiki/Big_five_game,"The country has a national park named after a famous Scottish explorer, David Livingstone.","https://en.wikipedia.org/wiki/Livingstone,_Zambia","The country has a unique traditional dance called the Makishi, which is performed during initiation ceremonies.",https://en.wikipedia.org/wiki/Makishi
Zimbabwe,Africa,Harare,ZWE,"The country is home to the world's largest man-made lake and reservoir by volume, Lake Kariba.",https://en.wikipedia.org/wiki/Lake_Kariba,"The country has a tradition of stone sculpture that dates back to the 11th century, with the Shona people being particularly renowned for their work.",https://en.wikipedia.org/wiki/Shona_sculpture,"The country is one of the few places in the world where you can find the rare and endangered painted hunting dog, also known as the African wild dog.",https://en.wikipedia.org/wiki/African_wild_dog,"The country has a unique form of music called Mbira, which involves playing a thumb piano and is often used in traditional ceremonies.",https://en.wikipedia.org/wiki/Mbira,"The country is home to the Great Zimbabwe ruins, which are the largest collection of ruins in sub-Saharan Africa and a UNESCO World Heritage Site.",https://en.wikipedia.org/wiki/Great_Zimbabwe,"The country has a tradition of using large, colorful, and intricately designed fabrics known as 'Zambia' for various cultural purposes.",https://en.wikipedia.org/wiki/Zambia_(cloth),"The country has a unique form of traditional dance called Jerusarema, which is characterized by acrobatic movements and energetic drumming.",https://en.wikipedia.org/wiki/Jerusarema,"The country is known for its diverse and vibrant birdlife, with over 650 species recorded, making it a popular destination for birdwatchers.",https://en.wikipedia.org/wiki/List_of_birds_of_Zimbabwe,"The country has a unique geological feature known as the Matobo Hills, which are famous for their balancing rock formations and ancient rock art.",https://en.wikipedia.org/wiki/Matobo_Hills,"The country has a national park named after a famous British imperialist, Cecil Rhodes, who is buried there.",https://en.wikipedia.org/wiki/Matobo_National_Park