Country,Continent,Capital City,Abbreviation,Fact 1,Fact 1 Source,Fact 2,Fact 2 Source,Fact 3,Fact 3 Source,Fact 4,Fact 4 Source,Fact 5,Fact 5 Source,Fact 6,Fact 6 Source,Fact 7,Fact 7 Source,Fact 8,Fact 8 Source,Fact 9,Fact 9 Source,Fact 10,Fact 10 Source,Fact 11,Fact 11 Source,Fact 12,Fact 12 Source,Fact 13,Fact 13 Source,Fact 14,Fact 14 Source,Fact 15,Fact 15 Source,Fact 16,Fact 16 Source,Fact 17,Fact 17 Source,Fact 18,Fact 18 Source,Fact 19,Fact 19 Source,Fact 20,Fact 20 Source,Fact 21,Fact 21 Source,Fact 22,Fact 22 Source,Fact 23,Fact 23 Source,Fact 24,Fact 24 Source,Fact 25,Fact 25 Source,Fact 26,Fact 26 Source,Fact 27,Fact 27 Source,Fact 28,Fact 28 Source,Fact 29,Fact 29 Source,Fact 30,Fact 30 Source,Fact 31,Fact 31 Source,Fact 32,Fact 32 Source,Fact 33,Fact 33 Source,Fact 34,Fact 34 Source,Fact 35,Fact 35 Source,Fact 36,Fact 36 Source,Fact 37,Fact 37 Source,Fact 38,Fact 38 Source,Fact 39,Fact 39 Source,Fact 40,Fact 40 Source,Fact 41,Fact 41 Source,Fact 42,Fact 42 Source,Fact 43,Fact 43 Source,Fact 44,Fact 44 Source,Fact 45,Fact 45 Source,Fact 46,Fact 46 Source,Fact 47,Fact 47 Source,Fact 48,Fact 48 Source,Fact 49,Fact 49 Source,Fact 50,Fact 50 Source
Afghanistan,Asia,Kabul,AFG,"The world's largest Buddhas, known as the Buddhas of Bamiyan, were carved into a cliff in the Bamyan Valley and stood for over 1,500 years before being destroyed in 2001.",https://en.wikipedia.org/wiki/Buddhas_of_Bamiyan,The Wakhan Corridor is a narrow strip of land that extends to China and separates Tajikistan from Pakistan.,https://en.wikipedia.org/wiki/Wakhan_Corridor,"The country is home to the world's oldest known oil paintings, dating back to the 7th century, found in the caves of Bamiyan.",https://en.wikipedia.org/wiki/Bamyan,"The Kuchi people, a nomadic group, have been migrating across the region for centuries, and their lifestyle is recognized as a cultural heritage.",https://en.wikipedia.org/wiki/Kuchi_people,"The Minaret of Jam, a UNESCO World Heritage Site, is a 65-meter tall minaret built in the 12th century and is famous for its intricate brickwork and inscriptions.",https://en.wikipedia.org/wiki/Minaret_of_Jam,"The country has a tradition of Buzkashi, a sport similar to polo but played with a goat carcass, which is considered the national sport.",https://en.wikipedia.org/wiki/Buzkashi,"The region is known for its unique breed of dog, the Afghan Hound, which is one of the oldest dog breeds and known for its distinctive appearance and speed.",https://en.wikipedia.org/wiki/Afghan_Hound,"The country has a rich tradition of poetry, with poets like Rumi and Khushal Khan Khattak being celebrated figures in literature.",https://en.wikipedia.org/wiki/Afghan_poetry,"The region is home to the world's largest opium poppy production, which has been a significant part of its economy and history.",https://en.wikipedia.org/wiki/Opium_production_in_Afghanistan,The Band-e Amir National Park is the country's first national park and is known for its stunning series of six deep blue lakes separated by natural dams.,https://en.wikipedia.org/wiki/Band-e_Amir_National_Park,,,,,,,,,,,,,,,,,,,,,,,,,,,,,,,,,,,,,,,,,,,,,,,,,,,,,,,,,,,,,,,,,,,,,,,,,,,,,,,,
Albania,Europe,Tirana,ALB,"The country is home to the ancient city of Butrint, a UNESCO World Heritage Site, which has been inhabited since prehistoric times.",https://en.wikipedia.org/wiki/Butrint,"The national flag features a double-headed eagle, a symbol that dates back to the Byzantine Empire.",https://en.wikipedia.org/wiki/Flag_of_Albania,"The country has a unique tradition of sworn virgins, women who take a vow of chastity and live as men to enjoy the social privileges of men.",https://en.wikipedia.org/wiki/Sworn_virgin,"It is one of the few countries in the world where the majority of the population is Muslim, yet it has no official religion.",https://en.wikipedia.org/wiki/Religion_in_Albania,"The country has a rich tradition of polyphonic singing, which is recognized by UNESCO as an intangible cultural heritage.",https://en.wikipedia.org/wiki/Albanian_iso-polyphony,"The country has more bunkers per square kilometer than any other country in the world, a legacy of its communist past.",https://en.wikipedia.org/wiki/Bunkers_in_Albania,"The country is known for its unique breed of dog, the Illyrian Sheepdog, which is native to the region.",https://en.wikipedia.org/wiki/Illyrian_Sheepdog,"The country has a tradition of hospitality known as 'Besa,' which is a code of honor that requires one to offer protection and hospitality to guests.",https://en.wikipedia.org/wiki/Besa_(Albanian_culture),"The country is home to the Blue Eye, a natural spring that is a popular tourist attraction due to its stunning blue color and clarity.","https://en.wikipedia.org/wiki/Blue_Eye,_Albania","The country has a unique form of social organization known as 'Kanun,' a set of traditional Albanian laws that have been passed down orally for generations.",https://en.wikipedia.org/wiki/Kanun_(Albania),,,,,,,,,,,,,,,,,,,,,,,,,,,,,,,,,,,,,,,,,,,,,,,,,,,,,,,,,,,,,,,,,,,,,,,,,,,,,,,,
Algeria,Africa,Algiers,DZA,The Sahara Desert covers more than 80% of the country's land area.,https://en.wikipedia.org/wiki/Algeria#Geography,"The country is home to the endangered Saharan silver ant, which is the fastest of the world's 12,000 known ant species.",https://en.wikipedia.org/wiki/Cataglyphis_bombycina,"The Tassili n'Ajjer region contains one of the most important groupings of prehistoric cave art in the world, with over 15,000 drawings and engravings.",https://en.wikipedia.org/wiki/Tassili_n%27Ajjer,The national football team won the Africa Cup of Nations in 1990 and 2019.,https://en.wikipedia.org/wiki/Algeria_national_football_team,The country has the largest number of French speakers in the world after France.,https://en.wikipedia.org/wiki/Algeria#Languages,"The Ahaggar Mountains, also known as the Hoggar, are a highland region in the central part of the country, known for their unique geological formations.",https://en.wikipedia.org/wiki/Hoggar_Mountains,"The Casbah of Algiers is a UNESCO World Heritage Site, known for its traditional Islamic architecture and labyrinthine streets.",https://en.wikipedia.org/wiki/Casbah_of_Algiers,The country is the largest in Africa by land area.,https://en.wikipedia.org/wiki/Algeria#Geography,"The national dish, couscous, is a staple food made from semolina wheat and is often served with meat and vegetables.",https://en.wikipedia.org/wiki/Algerian_cuisine,"The country has a rich history of Berber dynasties, including the Numidian Kingdom, which was a major power in North Africa before the Roman Empire.",https://en.wikipedia.org/wiki/Numidia,,,,,,,,,,,,,,,,,,,,,,,,,,,,,,,,,,,,,,,,,,,,,,,,,,,,,,,,,,,,,,,,,,,,,,,,,,,,,,,,
Angola,Africa,Luanda,AGO,"The Giant Sable Antelope, a rare and majestic animal, is found only in this country and was once thought to be extinct.",https://en.wikipedia.org/wiki/Giant_sable_antelope,"This country is home to the Welwitschia plant, which can live for over 1,000 years and is considered a living fossil.",https://en.wikipedia.org/wiki/Welwitschia,"The country has a unique sport called 'Olufuko,' a traditional initiation ritual that includes a festival with various cultural activities.",https://en.wikipedia.org/wiki/Olufuko,"The country has one of the world's largest waterfalls, the Kalandula Falls, which is 105 meters high and 400 meters wide.",https://en.wikipedia.org/wiki/Kalandula_Falls,"The country is known for its traditional music and dance style called 'Kizomba,' which has gained international popularity.",https://en.wikipedia.org/wiki/Kizomba,"The country has a desert called the Namib Desert, which is one of the oldest deserts in the world, estimated to be around 55 million years old.",https://en.wikipedia.org/wiki/Namib_Desert,"The country has a unique rock formation known as the Pedras Negras de Pungo Andongo, which are massive black rocks with mysterious origins.",https://en.wikipedia.org/wiki/Pedras_Negras_de_Pungo_Andongo,"The country is home to the Cuito Cuanavale, a site of a major battle that was a turning point in the South African Border War and the Angolan Civil War.",https://en.wikipedia.org/wiki/Battle_of_Cuito_Cuanavale,"The country has a rich tradition of storytelling and oral literature, with tales often featuring animals and mythical creatures.",https://en.wikipedia.org/wiki/Angolan_literature,"The country has a unique type of tree called the Imbondeiro, or Baobab, which is known for its enormous trunk and longevity.",https://en.wikipedia.org/wiki/Adansonia,,,,,,,,,,,,,,,,,,,,,,,,,,,,,,,,,,,,,,,,,,,,,,,,,,,,,,,,,,,,,,,,,,,,,,,,,,,,,,,,
Argentina,S. America,Buenos Aires,ARG,The world's first animated feature film was made in 1917 by Quirino Cristiani.,https://en.wikipedia.org/wiki/Quirino_Cristiani,"The country is home to the southernmost city in the world, Ushuaia.",https://en.wikipedia.org/wiki/Ushuaia,It is the birthplace of the first child to be born on the continent of Antarctica.,https://en.wikipedia.org/wiki/Emilio_Palmas,The country has the highest number of psychiatrists per capita in the world.,https://en.wikipedia.org/wiki/Healthcare_in_Argentina,It is the only country in Latin America to have hosted a Formula One race every decade since the 1950s.,https://en.wikipedia.org/wiki/Argentine_Grand_Prix,"The country is home to the world's widest avenue, Avenida 9 de Julio.",https://en.wikipedia.org/wiki/Avenida_9_de_Julio,"It has the world's largest dinosaur, Argentinosaurus, discovered in its territory.",https://en.wikipedia.org/wiki/Argentinosaurus,The country has the highest consumption of beef per capita in the world.,https://en.wikipedia.org/wiki/Argentine_beef,It is the birthplace of the tango dance and music.,https://en.wikipedia.org/wiki/Tango,"The country has the world's southernmost railway, the Southern Fuegian Railway.",https://en.wikipedia.org/wiki/Southern_Fuegian_Railway,It is home to the world's first radio broadcast in 1920.,https://en.wikipedia.org/wiki/Radio_in_Argentina,The country has the largest Jewish population in Latin America.,https://en.wikipedia.org/wiki/History_of_the_Jews_in_Argentina,It is the first country in Latin America to legalize same-sex marriage.,https://en.wikipedia.org/wiki/Same-sex_marriage_in_Argentina,"The country is home to the world's highest vineyard, located in the Andes.",https://en.wikipedia.org/wiki/Argentine_wine,"It has the world's largest waterfall system, Iguazu Falls.",https://en.wikipedia.org/wiki/Iguazu_Falls,The country is the birthplace of Che Guevara.,https://en.wikipedia.org/wiki/Che_Guevara,"It is home to the world's largest rodent, the capybara.",https://en.wikipedia.org/wiki/Capybara,The country has the world's largest Spanish-speaking population outside of Spain.,https://en.wikipedia.org/wiki/Demographics_of_Argentina,It is the first country to use fingerprinting as a method of identification.,https://en.wikipedia.org/wiki/Juan_Vucetich,"The country is home to the world's largest dinosaur fossil, Patagotitan mayorum.",https://en.wikipedia.org/wiki/Patagotitan,"It has the world's southernmost ski resort, Cerro Castor.",https://en.wikipedia.org/wiki/Cerro_Castor,"The country is the birthplace of the first animated film with sound, Peludópolis.",https://en.wikipedia.org/wiki/Pelud%C3%B3polis,"It is home to the world's largest bird, the Andean condor.",https://en.wikipedia.org/wiki/Andean_condor,"The country has the world's largest avenue of jacaranda trees, Avenida Figueroa Alcorta.",https://en.wikipedia.org/wiki/Jacaranda,"It is the birthplace of the first Latin American pope, Pope Francis.",https://en.wikipedia.org/wiki/Pope_Francis,,,,,,,,,,,,,,,,,,,,,,,,,,,,,,,,,,,,,,,,,,,,,,,,,,
Armenia,Asia,Yerevan,ARM,"The world's oldest known leather shoe, dating back to around 3500 BC, was discovered in a cave in this country.",https://en.wikipedia.org/wiki/Areni-1_shoe,"The apricot is considered a national symbol, and the fruit is believed to have originated in this country.",https://en.wikipedia.org/wiki/Apricot,"The first church in the world built by state order is located here, known as the Etchmiadzin Cathedral.",https://en.wikipedia.org/wiki/Etchmiadzin_Cathedral,"This country is home to the world's longest non-stop double track cable car, the Wings of Tatev.",https://en.wikipedia.org/wiki/Wings_of_Tatev,"Chess is a compulsory subject in schools, and students are required to take chess classes.",https://en.wikipedia.org/wiki/Chess_in_Armenia,"The duduk, a traditional woodwind instrument from this country, is recognized by UNESCO as a Masterpiece of the Intangible Heritage of Humanity.",https://en.wikipedia.org/wiki/Duduk,"This country has its own unique alphabet, created in 405 AD by Mesrop Mashtots.",https://en.wikipedia.org/wiki/Armenian_alphabet,"The country is home to the world's oldest known winery, dating back to around 4100 BC.",https://en.wikipedia.org/wiki/Areni-1_winery,"The national bread, lavash, is so significant that it is inscribed in UNESCO's Representative List of the Intangible Cultural Heritage of Humanity.",https://en.wikipedia.org/wiki/Lavash,"The country has a tradition of khachkars, which are intricately carved memorial stones that are unique to its culture.",https://en.wikipedia.org/wiki/Khachkar,,,,,,,,,,,,,,,,,,,,,,,,,,,,,,,,,,,,,,,,,,,,,,,,,,,,,,,,,,,,,,,,,,,,,,,,,,,,,,,,
Australia,Australia,Canberra,AUS,"The world's longest fence, known as the Dingo Fence, stretches over 5,600 kilometers.",https://en.wikipedia.org/wiki/Dingo_Fence,"The Great Barrier Reef is the largest coral reef system in the world, visible from space.",https://en.wikipedia.org/wiki/Great_Barrier_Reef,"It is home to the world's only egg-laying mammals, the platypus and echidna.",https://en.wikipedia.org/wiki/Monotreme,The Sydney Opera House's design was inspired by orange segments.,https://en.wikipedia.org/wiki/Sydney_Opera_House,"It has over 10,000 beaches, more than any other country.",https://en.wikipedia.org/wiki/Beaches_of_Australia,The Emu War of 1932 was a military operation against emus that ended in failure.,https://en.wikipedia.org/wiki/Emu_War,It is the only country that is also a continent.,https://en.wikipedia.org/wiki/Australia_(continent),"The Box Jellyfish, one of the world's most venomous creatures, is found in its waters.",https://en.wikipedia.org/wiki/Box_jellyfish,It has the world's largest population of wild camels.,https://en.wikipedia.org/wiki/Feral_camel,"The national gemstone is the opal, and it produces 95% of the world's supply.",https://en.wikipedia.org/wiki/Opal,"The world's oldest fossil, 3.4 billion years old, was found here.",https://en.wikipedia.org/wiki/Strelley_Pool_Formation,"It has the highest number of reptiles of any country, with over 750 species.",https://en.wikipedia.org/wiki/List_of_reptiles_of_Australia,The Tasmanian Devil has the strongest bite relative to body size of any mammal.,https://en.wikipedia.org/wiki/Tasmanian_devil,"It is home to the world's largest living structure, the Great Barrier Reef.",https://en.wikipedia.org/wiki/Great_Barrier_Reef,The Melbourne Cup horse race is known as 'the race that stops a nation.',https://en.wikipedia.org/wiki/Melbourne_Cup,"It has the world's longest golf course, the Nullarbor Links, which is 1,365 kilometers long.",https://en.wikipedia.org/wiki/Nullarbor_Links,"The native marsupial, the kangaroo, cannot walk backwards.",https://en.wikipedia.org/wiki/Kangaroo,It is the only country to have participated in every modern Olympic Games.,https://en.wikipedia.org/wiki/Australia_at_the_Olympics,"The world's largest sand island, Fraser Island, is located here.",https://en.wikipedia.org/wiki/Fraser_Island,The koala sleeps up to 22 hours a day due to its low-energy diet of eucalyptus leaves.,https://en.wikipedia.org/wiki/Koala,"It has the world's largest cattle station, Anna Creek Station, which is bigger than Israel.",https://en.wikipedia.org/wiki/Anna_Creek_Station,"The native bird, the lyrebird, can mimic almost any sound it hears.",https://en.wikipedia.org/wiki/Lyrebird,"It is home to the world's deadliest spider, the Sydney Funnel-web Spider.",https://en.wikipedia.org/wiki/Sydney_funnel-web_spider,"The didgeridoo, a traditional musical instrument, is over 1,500 years old.",https://en.wikipedia.org/wiki/Didgeridoo,"It has the world's largest population of feral cats, which are a threat to native wildlife.",https://en.wikipedia.org/wiki/Feral_cat,"The native tree, the eucalyptus, is highly flammable and can explode in bushfires.",https://en.wikipedia.org/wiki/Eucalyptus,It is the only country where the majority of mammals are marsupials.,https://en.wikipedia.org/wiki/Marsupial,"The native bird, the emu, is the second-largest bird in the world by height.",https://en.wikipedia.org/wiki/Emu,"It has the world's largest collection of rock art, dating back over 30,000 years.",https://en.wikipedia.org/wiki/Indigenous_Australian_art,"The native animal, the wombat, has cube-shaped poop.",https://en.wikipedia.org/wiki/Wombat,,,,,,,,,,,,,,,,,,,,,,,,,,,,,,,,,,,,,,,,
Austria,Europe,Vienna,AUT,"The sewing machine was invented by Josef Madersperger, who was born in 1786.",https://en.wikipedia.org/wiki/Josef_Madersperger,"The world's largest ice cave, Eisriesenwelt, is located in the Tennengebirge mountains.",https://en.wikipedia.org/wiki/Eisriesenwelt,"The Krimml Waterfalls are the highest in Europe, with a total height of 380 meters.",https://en.wikipedia.org/wiki/Krimml_Waterfalls,The first postcards were issued in 1869 by the national postal service.,https://en.wikipedia.org/wiki/Postcard#History,"The world's oldest zoo, Tiergarten Schönbrunn, was founded in 1752.",https://en.wikipedia.org/wiki/Tiergarten_Sch%C3%B6nbrunn,"The Central Cemetery is one of the largest cemeteries in the world, with over 3 million interments.",https://en.wikipedia.org/wiki/Wiener_Zentralfriedhof,The Vienna Philharmonic's New Year's Concert is broadcast to over 90 countries worldwide.,https://en.wikipedia.org/wiki/Vienna_New_Year%27s_Concert,"The national flag is one of the oldest in the world, dating back to 1230.",https://en.wikipedia.org/wiki/Flag_of_Austria,"The country is home to the world's largest emerald, weighing 2,860 carats.",https://en.wikipedia.org/wiki/Emerald,"The Pummerin, a bell in St. Stephen's Cathedral, is one of the largest in Europe.","https://en.wikipedia.org/wiki/St._Stephen%27s_Cathedral,_Vienna#Bells","The country has a tradition of Krampus parades, featuring a horned figure who punishes naughty children.",https://en.wikipedia.org/wiki/Krampus,"The country is known for its coffee culture, with the first coffee house opening in 1683.",https://en.wikipedia.org/wiki/Coffeehouse_culture,"The country has a unique tradition of Perchten, pagan spirits that are said to drive away the winter.",https://en.wikipedia.org/wiki/Perchten,"The country is home to the world's oldest surviving daily newspaper, Wiener Zeitung, first published in 1703.",https://en.wikipedia.org/wiki/Wiener_Zeitung,"The country has a tradition of yodeling, a form of singing that involves rapid changes in pitch.",https://en.wikipedia.org/wiki/Yodeling,"The country is famous for its Lipizzaner horses, which are trained in classical dressage at the Spanish Riding School.",https://en.wikipedia.org/wiki/Lipizzan,"The country has a unique form of folk music called Schrammelmusik, which originated in the 19th century.",https://en.wikipedia.org/wiki/Schrammelmusik,"The country is home to the world's largest armory, the Styrian Armoury, with over 32,000 pieces of weaponry.",https://en.wikipedia.org/wiki/Styrian_Armoury,"The country has a tradition of Fasching, a pre-Lenten carnival season with elaborate costumes and parades.",https://en.wikipedia.org/wiki/Fasching,"The country is known for its elaborate Christmas markets, which date back to the Middle Ages.",https://en.wikipedia.org/wiki/Christmas_market,,,,,,,,,,,,,,,,,,,,,,,,,,,,,,,,,,,,,,,,,,,,,,,,,,,,,,,,,,,,
Azerbaijan,Asia,Baku,AZE,The world's first industrially drilled oil well was established in 1846 in this country.,https://en.wikipedia.org/wiki/History_of_the_petroleum_industry_in_Azerbaijan,"This country is home to the world's largest KFC, which is located in a historic railway station building.",https://en.wikipedia.org/wiki/KFC#Largest_KFC,"The national dish, plov, is so important that it has over 40 different recipes and is often served at weddings and special occasions.",https://en.wikipedia.org/wiki/Azerbaijani_cuisine#Plov,,,,,,,,,,,,,,,,,,,,,,,,,,,,,,,,,,,,,,,,,,,,,,,,,,,,,,,,,,,,,,,,,,,,,,,,,,,,,,,,,,,,,,,,,,,,,,
Bahamas,N. America,Nassau,BHS,"The national sport is sloop sailing, and it hosts one of the world's largest regattas.",https://en.wikipedia.org/wiki/Sport_in_the_Bahamas#Sailing,It is home to the world's third-largest barrier reef.,"https://en.wikipedia.org/wiki/Andros,_Bahamas#Geography","The country has more than 700 islands and 2,400 cays.",https://en.wikipedia.org/wiki/The_Bahamas#Geography,It is one of only two countries in the world whose official name begins with 'The'.,https://en.wikipedia.org/wiki/The_Bahamas#Etymology,The currency is pegged to the US dollar on a one-to-one basis.,https://en.wikipedia.org/wiki/Bahamian_dollar,"The country is known for its 'Blue Holes', underwater cave systems that are popular with divers.",https://en.wikipedia.org/wiki/Blue_Holes,"It has the world's deepest blue hole, Dean's Blue Hole, which is 202 meters deep.",https://en.wikipedia.org/wiki/Dean%27s_Blue_Hole,"The country is a popular location for Hollywood films, including several James Bond movies.",https://en.wikipedia.org/wiki/The_Bahamas#Culture,It is one of the few countries where the national flag features a black triangle.,https://en.wikipedia.org/wiki/Flag_of_the_Bahamas,"The country has a unique tradition of 'Junkanoo', a street parade with music, dance, and costumes.",https://en.wikipedia.org/wiki/Junkanoo,It is home to the world's largest colony of pink flamingos.,https://en.wikipedia.org/wiki/Inagua#Wildlife,The country has a national park that is home to the endangered Bahama Parrot.,https://en.wikipedia.org/wiki/Abaco_National_Park,It is one of the few countries where the Queen of England is still the head of state.,https://en.wikipedia.org/wiki/Monarchy_of_the_Bahamas,The country has a unique legal system that combines British common law and local statutes.,https://en.wikipedia.org/wiki/Law_of_the_Bahamas,It is one of the few countries where the highest point is only 63 meters above sea level.,https://en.wikipedia.org/wiki/Geography_of_the_Bahamas#Topography,,,,,,,,,,,,,,,,,,,,,,,,,,,,,,,,,,,,,,,,,,,,,,,,,,,,,,,,,,,,,,,,,,,,,,
Bangladesh,Asia,Dhaka,BGD,"The Royal Bengal Tiger is the national animal and can be found in the Sundarbans, the largest mangrove forest in the world.",https://en.wikipedia.org/wiki/Royal_Bengal_tiger,"The country is home to the world's longest natural sea beach, Cox's Bazar, which stretches over 120 kilometers.",https://en.wikipedia.org/wiki/Cox%27s_Bazar,"The country has a unique tradition of boat racing, known as Nouka Baich, which is a popular sport.",https://en.wikipedia.org/wiki/Nouka_Baich,"The country is the birthplace of the muslin fabric, a finely woven cotton textile that was highly prized in ancient times.",https://en.wikipedia.org/wiki/Muslin,"The country has the world's largest river delta, formed by the confluence of the Ganges, Brahmaputra, and Meghna rivers.",https://en.wikipedia.org/wiki/Ganges_Delta,"The country is known for its vibrant rickshaw art, where cycle rickshaws are decorated with colorful and elaborate designs.",https://en.wikipedia.org/wiki/Rickshaw_art,"The country has a unique language movement day, commemorating the 1952 protests that led to the recognition of Bengali as an official language.",https://en.wikipedia.org/wiki/Language_Movement_Day,The country is one of the few places where the endangered Irrawaddy dolphin can be found in its natural habitat.,https://en.wikipedia.org/wiki/Irrawaddy_dolphin,"The country has a rich tradition of folk music, with the Baul music being recognized by UNESCO as an intangible cultural heritage.",https://en.wikipedia.org/wiki/Baul,The country is home to the world's largest population of Bengali-speaking people.,https://en.wikipedia.org/wiki/Bengali_language,,,,,,,,,,,,,,,,,,,,,,,,,,,,,,,,,,,,,,,,,,,,,,,,,,,,,,,,,,,,,,,,,,,,,,,,,,,,,,,,
Belarus,Europe,Minsk,BLR,"The country is home to the largest population of European bison, also known as wisent, in the world.",https://en.wikipedia.org/wiki/European_bison,"The national library is known for its unique rhombicuboctahedron shape, resembling a giant diamond.",https://en.wikipedia.org/wiki/National_Library_of_Belarus,"The country has a tradition of straw weaving, creating intricate and artistic straw decorations and sculptures.",https://en.wikipedia.org/wiki/Straw_plaiting,"The country is known for its love of potatoes, with over 300 different dishes made from them.",https://en.wikipedia.org/wiki/Cuisine_of_Belarus,"The country has a unique folk festival called Kupala Night, which involves jumping over fires and searching for magical fern flowers.",https://en.wikipedia.org/wiki/Kupala_Night,"The country is home to the world's largest dump truck, the BelAZ 75710, which can carry 450 metric tons.",https://en.wikipedia.org/wiki/BelAZ,The country has a tradition of building wooden churches without using any nails.,https://en.wikipedia.org/wiki/Wooden_churches_of_Belarus,"The country has a unique sport called gorodki, which involves knocking down pins with a bat.",https://en.wikipedia.org/wiki/Gorodki,"The country has a national dish called draniki, which are potato pancakes often served with sour cream.",https://en.wikipedia.org/wiki/Draniki,"The country has a unique form of embroidery called vyshyvanka, which features intricate geometric patterns.",https://en.wikipedia.org/wiki/Vyshyvanka,"The country is home to the oldest forest in Europe, the Białowieża Forest, which is a UNESCO World Heritage Site.",https://en.wikipedia.org/wiki/Białowieża_Forest,"The country has a tradition of making kvass, a fermented beverage made from rye bread.",https://en.wikipedia.org/wiki/Kvass,"The country has a unique form of folk music that uses a traditional instrument called the tsymbaly, similar to a hammered dulcimer.",https://en.wikipedia.org/wiki/Tsymbaly,"The country has a tradition of celebrating Maslenitsa, a week-long festival marking the end of winter, with pancakes and festivities.",https://en.wikipedia.org/wiki/Maslenitsa,"The country has a unique form of traditional dance called the polka, which is lively and energetic.",https://en.wikipedia.org/wiki/Polka,"The country has a tradition of making mead, an alcoholic beverage made from honey.",https://en.wikipedia.org/wiki/Mead,"The country has a unique form of storytelling through puppet theater, known as batleika.",https://en.wikipedia.org/wiki/Batleika,"The country has a tradition of creating pysanky, which are intricately decorated Easter eggs.",https://en.wikipedia.org/wiki/Pysanka,The country has a unique form of traditional clothing that includes a long shirt called a kosovorotka.,https://en.wikipedia.org/wiki/Kosovorotka,"The country has a tradition of celebrating Radonitsa, a day to honor deceased ancestors by visiting their graves and sharing meals.",https://en.wikipedia.org/wiki/Radonitsa,,,,,,,,,,,,,,,,,,,,,,,,,,,,,,,,,,,,,,,,,,,,,,,,,,,,,,,,,,,,
Belgium,Europe,Brussels,BEL,The world's first recorded lottery took place in 1441 in the city of Bruges.,https://en.wikipedia.org/wiki/Lottery#History,"The saxophone was invented by Adolphe Sax, a native of Dinant, in 1846.",https://en.wikipedia.org/wiki/Saxophone#History,"The comic series The Adventures of Tintin was created by Hergé, a native of Etterbeek.",https://en.wikipedia.org/wiki/The_Adventures_of_Tintin,"The Smurfs, known as Les Schtroumpfs in French, were created by cartoonist Peyo.",https://en.wikipedia.org/wiki/The_Smurfs,"The world's first skyscraper, the Boerentoren, was built in Antwerp in 1931.",https://en.wikipedia.org/wiki/Boerentoren,"The word 'spa' comes from the town of Spa, known for its healing hot springs.","https://en.wikipedia.org/wiki/Spa,_Belgium",The world's largest chocolate selling point is Brussels Airport.,https://en.wikipedia.org/wiki/Brussels_Airport,"The longest tram line in the world, the Coast Tram, runs along the entire coast.",https://en.wikipedia.org/wiki/Coast_tram_(Belgium),"The first printed newspaper in the world, Nieuwe Tijdingen, was published in 1605.",https://en.wikipedia.org/wiki/History_of_newspapers_and_magazines#Europe,"The Atomium, a building in the shape of an iron crystal magnified 165 billion times, was constructed for Expo 58.",https://en.wikipedia.org/wiki/Atomium,"The country has three official languages: Dutch, French, and German.",https://en.wikipedia.org/wiki/Belgium#Languages,"The world's first electronic music festival, Tomorrowland, was held in Boom.",https://en.wikipedia.org/wiki/Tomorrowland_(festival),The Red Devils is the nickname for the national football team.,https://en.wikipedia.org/wiki/Belgium_national_football_team,"The country is known for having over 1,000 different types of beer.",https://en.wikipedia.org/wiki/Beer_in_Belgium,"The Manneken Pis, a famous statue of a urinating boy, is a popular tourist attraction.",https://en.wikipedia.org/wiki/Manneken_Pis,The country has the highest density of castles per square kilometer in the world.,https://en.wikipedia.org/wiki/Castles_in_Belgium,The world's first recorded stock exchange was established in Antwerp in 1460.,https://en.wikipedia.org/wiki/Antwerp#History,"The country is home to the world's largest brewery company, Anheuser-Busch InBev.",https://en.wikipedia.org/wiki/Anheuser-Busch_InBev,"The country is famous for its waffles, which come in two main types: Brussels and Liège.",https://en.wikipedia.org/wiki/Belgian_waffle,The country has the highest number of comic strip artists per square kilometer in the world.,https://en.wikipedia.org/wiki/Belgian_comics,,,,,,,,,,,,,,,,,,,,,,,,,,,,,,,,,,,,,,,,,,,,,,,,,,,,,,,,,,,,
Belize,N. America,Belmopan,BLZ,"The national animal is the Baird's tapir, also known as the mountain cow, which is actually a relative of the horse and rhinoceros.",https://en.wikipedia.org/wiki/Baird%27s_tapir,"The Great Blue Hole, a giant marine sinkhole, is one of the top scuba diving sites in the world and is part of the larger Belize Barrier Reef Reserve System, a UNESCO World Heritage Site.",https://en.wikipedia.org/wiki/Great_Blue_Hole,"The country is home to the only jaguar preserve in the world, the Cockscomb Basin Wildlife Sanctuary.",https://en.wikipedia.org/wiki/Cockscomb_Basin_Wildlife_Sanctuary,"The official language is English, making it the only country in Central America with English as the official language.",https://en.wikipedia.org/wiki/Belize#Languages,"The national dish is rice and beans with stew chicken, often served with potato salad or coleslaw.",https://en.wikipedia.org/wiki/Belizean_cuisine,"The country has a unique law that prohibits the use of trawling in its waters, making it the first country in the world to implement such a ban.",https://en.wikipedia.org/wiki/Belize#Fishing,"The tallest building is a Mayan temple called Caracol, which is located in the Cayo District.",https://en.wikipedia.org/wiki/Caracol,"The country has a diverse ecosystem with over 500 species of birds, making it a popular destination for birdwatchers.",https://en.wikipedia.org/wiki/Wildlife_of_Belize,"The currency features Queen Elizabeth II, as the country is a member of the Commonwealth of Nations.",https://en.wikipedia.org/wiki/Belize_dollar,"The country has a unique cultural festival called the Garifuna Settlement Day, which celebrates the arrival of the Garifuna people.",https://en.wikipedia.org/wiki/Garifuna_Settlement_Day,,,,,,,,,,,,,,,,,,,,,,,,,,,,,,,,,,,,,,,,,,,,,,,,,,,,,,,,,,,,,,,,,,,,,,,,,,,,,,,,
Benin,Africa,Porto-Novo,BEN,The country is home to the largest remaining population of lions in West Africa.,https://en.wikipedia.org/wiki/Fauna_of_Benin,The national anthem was composed by a Frenchman named Gilbert Jean Dagnon.,https://en.wikipedia.org/wiki/L%27Aube_nouvelle,"The country has a unique architectural style known as Tata Somba, which are fortified houses built by the Somba people.",https://en.wikipedia.org/wiki/Tata_Somba,The country is one of the few places where the endangered West African manatee can be found.,https://en.wikipedia.org/wiki/West_African_manatee,"The country has a vibrant voodoo culture, and the religion is officially recognized.",https://en.wikipedia.org/wiki/Religion_in_Benin,The Pendjari National Park is part of a UNESCO World Heritage Site and is known for its wildlife diversity.,https://en.wikipedia.org/wiki/Pendjari_National_Park,"The country was once part of the Kingdom of Dahomey, which was known for its female warriors, often referred to as the Dahomey Amazons.",https://en.wikipedia.org/wiki/Dahomey_Amazons,"The country has a unique festival called Gelede, which celebrates the role of women in society and is recognized by UNESCO as an Intangible Cultural Heritage.",https://en.wikipedia.org/wiki/Gelede,"The country is one of the world's largest producers of cotton, which is a major export product.",https://en.wikipedia.org/wiki/Economy_of_Benin,"The country has a rich tradition of oral literature, including epic tales and folklore, which are passed down through generations.",https://en.wikipedia.org/wiki/Culture_of_Benin,,,,,,,,,,,,,,,,,,,,,,,,,,,,,,,,,,,,,,,,,,,,,,,,,,,,,,,,,,,,,,,,,,,,,,,,,,,,,,,,
Bhutan,Asia,Thimphu,BTN,The country measures success by Gross National Happiness instead of GDP.,https://en.wikipedia.org/wiki/Gross_National_Happiness,The country is known for having a ban on tobacco sales and smoking in public places.,https://en.wikipedia.org/wiki/Tobacco_control_in_Bhutan,"The country is the only carbon-negative country in the world, absorbing more carbon dioxide than it produces.",https://en.wikipedia.org/wiki/Carbon_neutrality,"The country has a national sport that is archery, and competitions are a major social event.",https://en.wikipedia.org/wiki/Archery_in_Bhutan,"The country has a unique policy of measuring time in 15-minute intervals, known as 'Bhutan Time'.",https://en.wikipedia.org/wiki/Time_in_Bhutan,The country has a law that requires citizens to wear traditional dress in public during working hours.,https://en.wikipedia.org/wiki/Driglam_namzha,"The country is home to the world's highest unclimbed mountain, Gangkhar Puensum.",https://en.wikipedia.org/wiki/Gangkhar_Puensum,"The country has a unique approach to conservation, with over 50% of its land designated as protected areas.",https://en.wikipedia.org/wiki/Protected_areas_of_Bhutan,The country has a tradition of building phallic symbols on houses to ward off evil spirits.,https://en.wikipedia.org/wiki/Phallus_paintings_in_Bhutan,"The country has a policy of 'High Value, Low Impact' tourism to preserve its culture and environment.",https://en.wikipedia.org/wiki/Tourism_in_Bhutan,,,,,,,,,,,,,,,,,,,,,,,,,,,,,,,,,,,,,,,,,,,,,,,,,,,,,,,,,,,,,,,,,,,,,,,,,,,,,,,,
Bolivia,S. America,La Paz,BOL,"The world's largest salt flat, Salar de Uyuni, is so reflective that it is used to calibrate satellites.",https://en.wikipedia.org/wiki/Salar_de_Uyuni,"The country has over 30 official languages, including Spanish and various indigenous languages.",https://en.wikipedia.org/wiki/Languages_of_Bolivia,"It is home to the highest navigable lake in the world, Lake Titicaca.",https://en.wikipedia.org/wiki/Lake_Titicaca,"The country has a navy despite being landlocked, and it operates on rivers and lakes.",https://en.wikipedia.org/wiki/Bolivian_Navy,"The Andean condor, one of the world's largest flying birds, is a national symbol.",https://en.wikipedia.org/wiki/Andean_condor,"The country has a festival called Alasitas, where people buy miniature items representing their wishes for the year.",https://en.wikipedia.org/wiki/Alasitas,It is one of the few countries where chewing coca leaves is legal and culturally significant.,https://en.wikipedia.org/wiki/Coca_in_Bolivia,"The country has a unique wrestling tradition called Cholitas Wrestling, featuring indigenous women in traditional attire.",https://en.wikipedia.org/wiki/Cholitas_Wrestling,"The country is home to the world's most dangerous road, known as the Death Road or Yungas Road.",https://en.wikipedia.org/wiki/Yungas_Road,"It has a unique form of traditional music and dance called the Diablada, which is part of UNESCO's Intangible Cultural Heritage.",https://en.wikipedia.org/wiki/Diablada,,,,,,,,,,,,,,,,,,,,,,,,,,,,,,,,,,,,,,,,,,,,,,,,,,,,,,,,,,,,,,,,,,,,,,,,,,,,,,,,
Bosnia and Herzegovina,Europe,Sarajevo,BIH,"The country is home to the last remaining jungle in Europe, Perućica, which is one of the two primeval forests in Europe.",https://en.wikipedia.org/wiki/Peru%C4%87ica,"The country has a town named after a famous inventor, Nikola Tesla, called Teslić.",https://en.wikipedia.org/wiki/Tesli%C4%87,"The country is known for having one of the world's largest man-made pyramids, the Pyramid of the Sun, which is claimed to be larger than the Great Pyramid of Giza.",https://en.wikipedia.org/wiki/Bosnian_pyramid_claims,"The country has a unique coffee culture, where coffee is often served in a džezva, a special pot, and is an important part of social life.",https://en.wikipedia.org/wiki/Bosnian_coffee,"The country is home to the world's largest integrated complex of medieval tombstones, known as stećci, which are a UNESCO World Heritage Site.",https://en.wikipedia.org/wiki/Ste%C4%87ak,"The country has a river, the Neretva, which is one of the coldest rivers in the world, with temperatures often below 7°C even in summer.",https://en.wikipedia.org/wiki/Neretva,"The country has a city, Jajce, where the last Bosnian king was crowned, and it features a stunning waterfall in the city center.",https://en.wikipedia.org/wiki/Jajce,"The country is known for its traditional dance, the kolo, which is performed in a circle and is a symbol of unity and community.",https://en.wikipedia.org/wiki/Kolo_(dance),"The country has a unique type of music called sevdalinka, which is characterized by emotional and melancholic melodies.",https://en.wikipedia.org/wiki/Sevdalinka,"The country is home to the Stari Most, a 16th-century Ottoman bridge in Mostar, which is a UNESCO World Heritage Site and a symbol of reconciliation.",https://en.wikipedia.org/wiki/Stari_Most,,,,,,,,,,,,,,,,,,,,,,,,,,,,,,,,,,,,,,,,,,,,,,,,,,,,,,,,,,,,,,,,,,,,,,,,,,,,,,,,
Botswana,Africa,Gaborone,BWA,"The currency used is called the Pula, which means 'rain' in Setswana, reflecting the importance of rain in this semi-arid country.",https://en.wikipedia.org/wiki/Botswana_pula,"The country is home to the world's largest concentration of African elephants, with most of them living in the Chobe National Park.",https://en.wikipedia.org/wiki/Chobe_National_Park,"The Okavango Delta, one of the world's largest inland deltas, is so vast that it can be seen from space.",https://en.wikipedia.org/wiki/Okavango_Delta,,,,,,,,,,,,,,,,,,,,,,,,,,,,,,,,,,,,,,,,,,,,,,,,,,,,,,,,,,,,,,,,,,,,,,,,,,,,,,,,,,,,,,,,,,,,,,
Brazil,S. America,Brasília,BRA,"The Amazon River, located in this country, is the second-longest river in the world and by far the largest by water flow.",https://en.wikipedia.org/wiki/Amazon_River,"This country is home to the world's largest carnival, attracting millions of participants every year.",https://en.wikipedia.org/wiki/Rio_Carnival,The country has won the FIFA World Cup a record five times.,https://en.wikipedia.org/wiki/Brazil_national_football_team,"The country is the largest producer of coffee in the world, a position it has held for over 150 years.",https://en.wikipedia.org/wiki/Coffee_production_in_Brazil,The country has the largest number of Japanese people outside Japan.,https://en.wikipedia.org/wiki/Japanese_Brazilians,"The country is home to the world's largest wetland, the Pantanal, which is ten times the size of the Everglades.",https://en.wikipedia.org/wiki/Pantanal,The country has more species of monkeys than any other nation.,https://en.wikipedia.org/wiki/List_of_Brazilian_mammals,The country has the largest Catholic population in the world.,https://en.wikipedia.org/wiki/Catholic_Church_in_Brazil,The country is the only one in South America where Portuguese is the official language.,https://en.wikipedia.org/wiki/Languages_of_Brazil,"The country has a city that was once the capital of the Portuguese Empire, making it the only European capital outside Europe.",https://en.wikipedia.org/wiki/Rio_de_Janeiro,The country is home to the largest number of uncontacted peoples in the world.,https://en.wikipedia.org/wiki/Uncontacted_peoples,"The country has a unique dance and martial art form called Capoeira, which combines elements of dance, acrobatics, and music.",https://en.wikipedia.org/wiki/Capoeira,The country is the birthplace of the bossa nova music genre.,https://en.wikipedia.org/wiki/Bossa_nova,"The country has a national dish called feijoada, a hearty stew of black beans and pork.",https://en.wikipedia.org/wiki/Feijoada,"The country is home to the largest rodent in the world, the capybara.",https://en.wikipedia.org/wiki/Capybara,"The country has a unique ecosystem called the Cerrado, which is one of the world's most biologically rich savannas.",https://en.wikipedia.org/wiki/Cerrado,The country has a city that was designed by the famous architect Oscar Niemeyer and is known for its modernist architecture.,https://en.wikipedia.org/wiki/Bras%C3%ADlia,"The country is home to the world's largest cashew tree, which covers an area of about 8,500 square meters.",https://en.wikipedia.org/wiki/Cajueiro_de_Pirangi,"The country has a unique festival called Festa Junina, which celebrates rural life and features traditional foods, music, and dance.",https://en.wikipedia.org/wiki/Festa_Junina,"The country is home to the world's largest art deco statue, Christ the Redeemer.",https://en.wikipedia.org/wiki/Christ_the_Redeemer_(statue),"The country has a unique type of music and dance called Forró, which originated in the northeast region.",https://en.wikipedia.org/wiki/Forr%C3%B3,The country is home to the world's largest producer of oranges.,https://en.wikipedia.org/wiki/Orange_(fruit),"The country has a unique type of barbecue called churrasco, which involves cooking meat on large skewers over an open flame.",https://en.wikipedia.org/wiki/Churrasco,The country is home to the world's largest population of Catholics.,https://en.wikipedia.org/wiki/Catholic_Church_in_Brazil,"The country has a unique type of folk art called cordel literature, which consists of illustrated booklets containing folk novels, poems, and songs.",https://en.wikipedia.org/wiki/Cordel_literature,,,,,,,,,,,,,,,,,,,,,,,,,,,,,,,,,,,,,,,,,,,,,,,,,,
Brunei Darussalam,Asia,Bandar Seri Begawan,BRN,"The country has a national philosophy called 'Malay Islamic Monarchy' which emphasizes Malay culture, Islamic religion, and the monarchy system.",https://en.wikipedia.org/wiki/Brunei#Malay_Islamic_Monarchy,"The country has one of the highest rates of car ownership in the world, with over 700 cars per 1,000 people.",https://en.wikipedia.org/wiki/Transport_in_Brunei#Road_transport,"The country has a unique law where the sale of alcohol is banned, but non-Muslims are allowed to bring a limited amount of alcohol into the country for personal consumption.",https://en.wikipedia.org/wiki/Alcohol_laws_in_Brunei,"The country is home to the largest residential palace in the world, Istana Nurul Iman, which serves as the official residence of the Sultan.",https://en.wikipedia.org/wiki/Istana_Nurul_Iman,The country has a unique public holiday called 'Royal Brunei Armed Forces Day' which is celebrated annually on May 31st.,https://en.wikipedia.org/wiki/Public_holidays_in_Brunei,The country has a unique form of traditional music called 'Aduk-Aduk' which is performed during the harvest festival.,https://en.wikipedia.org/wiki/Music_of_Brunei#Aduk-Aduk,The country has a unique form of traditional wrestling called 'Bersilat' which is part of the martial arts culture.,https://en.wikipedia.org/wiki/Silat,"The country has a unique law where Friday is considered a public holiday, and businesses close for a few hours during the Friday prayers.",https://en.wikipedia.org/wiki/Public_holidays_in_Brunei#Friday_prayers,"The country has a unique biodiversity hotspot, the Ulu Temburong National Park, which is known for its pristine rainforest and diverse wildlife.",https://en.wikipedia.org/wiki/Ulu_Temburong_National_Park,The country has a unique traditional game called 'Gasing' which involves spinning tops and is played during cultural festivals.,https://en.wikipedia.org/wiki/Gasing,,,,,,,,,,,,,,,,,,,,,,,,,,,,,,,,,,,,,,,,,,,,,,,,,,,,,,,,,,,,,,,,,,,,,,,,,,,,,,,,
Bulgaria,Europe,Sofia,BGR,"The country is home to the oldest gold treasure in the world, dating back to 4,500 BC, discovered in the Varna Necropolis.",https://en.wikipedia.org/wiki/Varna_Necropolis,"It has a unique tradition of celebrating Baba Marta Day on March 1st, where people exchange red and white yarns to welcome spring.",https://en.wikipedia.org/wiki/Baba_Marta,"The country has a unique form of folk dance called 'horo', which is performed in a circle and involves intricate footwork.",https://en.wikipedia.org/wiki/Horo,,,,,,,,,,,,,,,,,,,,,,,,,,,,,,,,,,,,,,,,,,,,,,,,,,,,,,,,,,,,,,,,,,,,,,,,,,,,,,,,,,,,,,,,,,,,,,
Burkina Faso,Africa,Ouagadougou,BFA,The country is home to the largest elephant population in West Africa.,https://en.wikipedia.org/wiki/Wildlife_of_Burkina_Faso,"The country has a unique tradition of mask-making, with each ethnic group having its own distinct style.",https://en.wikipedia.org/wiki/Culture_of_Burkina_Faso#Masks,"The country hosts the biennial Pan-African Film and Television Festival, one of the largest film festivals in Africa.",https://en.wikipedia.org/wiki/Panafrican_Film_and_Television_Festival_of_Ouagadougou,"The country is known for its rich tradition of oral literature, including folktales, myths, and proverbs.",https://en.wikipedia.org/wiki/Culture_of_Burkina_Faso#Oral_literature,The country has a unique form of traditional wrestling called 'La Lutte Traditionnelle'.,https://en.wikipedia.org/wiki/Sport_in_Burkina_Faso#Traditional_wrestling,"The country is one of the world's largest producers of cotton, often referred to as 'white gold'.",https://en.wikipedia.org/wiki/Economy_of_Burkina_Faso#Agriculture,"The country has a significant number of sacred crocodile ponds, where the reptiles are revered and protected.",https://en.wikipedia.org/wiki/Sacred_crocodiles_of_Bazoul%C3%A9,"The country has a vibrant music scene, particularly known for its traditional drumming and balafon music.",https://en.wikipedia.org/wiki/Music_of_Burkina_Faso,"The country has a unique architectural style in the village of Tiébélé, known for its elaborately decorated houses.",https://en.wikipedia.org/wiki/Ti%C3%A9b%C3%A9l%C3%A9,"The country has a national park named after a former president, which is a UNESCO Biosphere Reserve.",https://en.wikipedia.org/wiki/Arly-Singou_Complex,,,,,,,,,,,,,,,,,,,,,,,,,,,,,,,,,,,,,,,,,,,,,,,,,,,,,,,,,,,,,,,,,,,,,,,,,,,,,,,,
Burundi,Africa,Gitega,BDI,"The country is one of the few in Africa where drum performances are a significant part of the cultural heritage, with the Royal Drummers being world-renowned.",https://en.wikipedia.org/wiki/Music_of_Burundi,"The national dish is a type of porridge called 'bugali,' made from cassava or cornmeal.",https://en.wikipedia.org/wiki/Cuisine_of_Burundi,"The country is home to the Twa people, one of the oldest ethnic groups in the Great Lakes region, known for their traditional pottery and hunter-gatherer lifestyle.",https://en.wikipedia.org/wiki/Twa_people,"The country has a unique tradition of 'gusimbuka urukiramende,' which is a form of high jumping over a series of sticks, often performed at festivals.",https://en.wikipedia.org/wiki/Culture_of_Burundi,"The country has a national park named after a famous German explorer, Gustav Adolf von Götzen, who was one of the first Europeans to explore the region.",https://en.wikipedia.org/wiki/Ruvubu_National_Park,"The country is one of the few in the world where the majority of the population relies on subsistence agriculture, with coffee being the main export crop.",https://en.wikipedia.org/wiki/Economy_of_Burundi,"The country has a unique system of governance where traditional chiefs, known as 'bami,' still play a role in local administration.",https://en.wikipedia.org/wiki/Politics_of_Burundi,"The country is known for its traditional dance called 'igishakamba,' which is performed during important ceremonies and celebrations.",https://en.wikipedia.org/wiki/Culture_of_Burundi,"The country has a rich tradition of oral literature, with stories and proverbs passed down through generations, often focusing on themes of community and morality.",https://en.wikipedia.org/wiki/Literature_of_Burundi,"The country is one of the few in Africa where the majority of the population speaks a single language, Kirundi, which is used in education and government.",https://en.wikipedia.org/wiki/Languages_of_Burundi,,,,,,,,,,,,,,,,,,,,,,,,,,,,,,,,,,,,,,,,,,,,,,,,,,,,,,,,,,,,,,,,,,,,,,,,,,,,,,,,
Cambodia,Asia,Phnom Penh,KHM,"Home to the world's largest religious monument, Angkor Wat, which was originally built as a Hindu temple and later transformed into a Buddhist temple.",https://en.wikipedia.org/wiki/Angkor_Wat,"The country has a unique tradition of 'bamboo train' transportation, where wooden platforms on wheels are powered by a small engine and can be disassembled to allow for passing trains.",https://en.wikipedia.org/wiki/Bamboo_train,"Cambodia is known for its 'happy pizza,' which is a pizza topped with cannabis, popular among tourists.",https://en.wikipedia.org/wiki/Happy_pizza,,,,,,,,,,,,,,,,,,,,,,,,,,,,,,,,,,,,,,,,,,,,,,,,,,,,,,,,,,,,,,,,,,,,,,,,,,,,,,,,,,,,,,,,,,,,,,
Cameroon,Africa,Yaoundé,CMR,"The country is home to the world's largest frog species, the Goliath frog, which can grow up to 32 centimeters in length and weigh over 3 kilograms.",https://en.wikipedia.org/wiki/Goliath_frog,"The country has a unique geological feature known as the Mandara Mountains, which are home to the Kapsiki Peak, a volcanic plug that rises dramatically from the surrounding landscape.",https://en.wikipedia.org/wiki/Mandara_Mountains,"The country is one of the few places in the world where you can find the rare and endangered Cross River gorilla, with only about 250 to 300 individuals left in the wild.",https://en.wikipedia.org/wiki/Cross_River_gorilla,"The country has a rich tradition of music and dance, with over 250 ethnic groups, each having its own unique musical style and instruments.",https://en.wikipedia.org/wiki/Music_of_Cameroon,"The country is known for its diverse cuisine, which includes a dish called Ndolé, a stew made from bitter leaves, nuts, and fish or beef.",https://en.wikipedia.org/wiki/Ndole,"The country is home to the Dja Faunal Reserve, a UNESCO World Heritage Site, which is one of the largest and best-protected rainforests in Africa.",https://en.wikipedia.org/wiki/Dja_Faunal_Reserve,"The country has a unique linguistic landscape with over 230 languages spoken, making it one of the most linguistically diverse countries in the world.",https://en.wikipedia.org/wiki/Languages_of_Cameroon,"The country is known for its traditional wrestling sport called 'Laamb', which is a popular form of entertainment and cultural expression.",https://en.wikipedia.org/wiki/Wrestling_in_Cameroon,"The country has a unique architectural style known as the 'Musgum mud huts', which are made from compressed sun-dried mud and have a distinctive beehive shape.",https://en.wikipedia.org/wiki/Musgum_mud_huts,"The country is home to the Baka people, one of the last remaining groups of hunter-gatherers in the world, who have a deep knowledge of the rainforest ecosystem.",https://en.wikipedia.org/wiki/Baka_people_(Cameroon),,,,,,,,,,,,,,,,,,,,,,,,,,,,,,,,,,,,,,,,,,,,,,,,,,,,,,,,,,,,,,,,,,,,,,,,,,,,,,,,
Canada,N. America,Ottawa,CAN,"The longest beaver dam in the world is located in Wood Buffalo National Park, measuring over 850 meters.",https://en.wikipedia.org/wiki/Wood_Buffalo_National_Park#Beaver_dam,The Narcisse Snake Dens in Manitoba are home to the largest concentration of snakes in the world.,https://en.wikipedia.org/wiki/Narcisse_Snake_Dens,The town of Vulcan in Alberta has a Star Trek-themed tourist station and a replica of the Starship Enterprise.,"https://en.wikipedia.org/wiki/Vulcan,_Alberta#Tourism",The Hotel de Glace in Quebec is rebuilt every year entirely out of ice and snow.,https://en.wikipedia.org/wiki/H%C3%B4tel_de_Glace,The Dempster Highway is the only all-weather road to cross the Arctic Circle.,https://en.wikipedia.org/wiki/Dempster_Highway,The Bay of Fundy has the highest tidal range in the world.,https://en.wikipedia.org/wiki/Bay_of_Fundy,The town of Churchill is known as the 'Polar Bear Capital of the World.',"https://en.wikipedia.org/wiki/Churchill,_Manitoba","The Trans-Canada Highway is one of the longest national highways in the world, stretching over 7,800 kilometers.",https://en.wikipedia.org/wiki/Trans-Canada_Highway,The Royal Tyrrell Museum in Alberta houses one of the largest displays of dinosaur fossils in the world.,https://en.wikipedia.org/wiki/Royal_Tyrrell_Museum_of_Palaeontology,The Rideau Canal is the oldest continuously operated canal system in North America.,https://en.wikipedia.org/wiki/Rideau_Canal,The town of St. Paul in Alberta has a UFO landing pad built in 1967.,"https://en.wikipedia.org/wiki/St._Paul,_Alberta#UFO_landing_pad",The Great Bear Rainforest is one of the largest temperate rainforests in the world.,https://en.wikipedia.org/wiki/Great_Bear_Rainforest,The CN Tower was the world's tallest free-standing structure until 2007.,https://en.wikipedia.org/wiki/CN_Tower,The town of Dawson City in Yukon hosts an annual 'Sourtoe Cocktail' event where participants drink a cocktail with a real human toe in it.,https://en.wikipedia.org/wiki/Sourtoe_Cocktail,The Icefields Parkway is considered one of the most scenic drives in the world.,https://en.wikipedia.org/wiki/Icefields_Parkway,The town of Dildo in Newfoundland and Labrador has a Hollywood-style sign and a mascot named Captain Dildo.,"https://en.wikipedia.org/wiki/Dildo,_Newfoundland_and_Labrador",The province of Saskatchewan has a town named 'Eyebrow.',"https://en.wikipedia.org/wiki/Eyebrow,_Saskatchewan",The city of Yellowknife is known for its vibrant display of the Northern Lights.,https://en.wikipedia.org/wiki/Yellowknife,The province of Quebec produces over 70% of the world's maple syrup.,https://en.wikipedia.org/wiki/Maple_syrup#Production,The town of Vulcan in Alberta has a Star Trek-themed tourist station and a replica of the Starship Enterprise.,"https://en.wikipedia.org/wiki/Vulcan,_Alberta#Tourism","The town of Moose Jaw in Saskatchewan is home to the world's largest moose statue, Mac the Moose.",https://en.wikipedia.org/wiki/Mac_the_Moose,"The city of Winnipeg has a museum dedicated to human rights, the first of its kind in the world.",https://en.wikipedia.org/wiki/Canadian_Museum_for_Human_Rights,The province of British Columbia is home to the only grizzly bear sanctuary in the world.,https://en.wikipedia.org/wiki/Khutzeymateen_Grizzly_Bear_Sanctuary,The town of Spuzzum in British Columbia is often joked about for being so small that it has a sign reading 'You are now leaving Spuzzum' right after the 'Welcome to Spuzzum' sign.,https://en.wikipedia.org/wiki/Spuzzum,The city of Montreal is the second-largest French-speaking city in the world after Paris.,https://en.wikipedia.org/wiki/Montreal,The town of Vulcan in Alberta has a Star Trek-themed tourist station and a replica of the Starship Enterprise.,"https://en.wikipedia.org/wiki/Vulcan,_Alberta#Tourism","The city of Toronto has a castle, Casa Loma, which is a popular tourist attraction.",https://en.wikipedia.org/wiki/Casa_Loma,"The province of Newfoundland and Labrador has its own time zone, which is 30 minutes ahead of Atlantic Standard Time.",https://en.wikipedia.org/wiki/Newfoundland_Time_Zone,"The city of Ottawa is home to the world's largest skating rink, the Rideau Canal Skateway.",https://en.wikipedia.org/wiki/Rideau_Canal#Skateway,The town of Vulcan in Alberta has a Star Trek-themed tourist station and a replica of the Starship Enterprise.,"https://en.wikipedia.org/wiki/Vulcan,_Alberta#Tourism",,,,,,,,,,,,,,,,,,,,,,,,,,,,,,,,,,,,,,,,
Central African Republic,Africa,Bangui,CAF,"The country is home to the world's second-largest rainforest, the Congo Basin, which is a biodiversity hotspot.",https://en.wikipedia.org/wiki/Central_African_Republic#Geography,"The country has one of the lowest population densities in the world, with vast areas of uninhabited land.",https://en.wikipedia.org/wiki/Central_African_Republic#Demographics,"The country is one of the least electrified countries in the world, with only about 3% of the population having access to electricity.",https://en.wikipedia.org/wiki/Central_African_Republic#Energy,"The country is known for its rich deposits of diamonds, which are a major export product.",https://en.wikipedia.org/wiki/Central_African_Republic#Economy,"The country has a unique tradition of storytelling, with oral literature being an important cultural practice.",https://en.wikipedia.org/wiki/Central_African_Republic#Culture,"The country is home to the Baka people, who are one of the last remaining groups of traditional hunter-gatherers in Africa.",https://en.wikipedia.org/wiki/Central_African_Republic#Demographics,"The country has a national park, Dzanga-Sangha, which is famous for its population of forest elephants and lowland gorillas.",https://en.wikipedia.org/wiki/Central_African_Republic#Tourism,"The country has a unique musical instrument called the sanza, which is a type of thumb piano.",https://en.wikipedia.org/wiki/Central_African_Republic#Culture,"The country has a significant number of languages spoken, with over 70 languages and dialects in use.",https://en.wikipedia.org/wiki/Central_African_Republic#Languages,"The country has a history of traditional wrestling, which is a popular sport and cultural event.",https://en.wikipedia.org/wiki/Central_African_Republic#Culture,,,,,,,,,,,,,,,,,,,,,,,,,,,,,,,,,,,,,,,,,,,,,,,,,,,,,,,,,,,,,,,,,,,,,,,,,,,,,,,,
Chad,Africa,N'Djamena,TCD,"The country is home to the endangered West African giraffe, which is distinct for its lighter spots and is found only in a few countries.",https://en.wikipedia.org/wiki/West_African_giraffe,"The Tibesti Mountains in the north are home to some of the best-preserved rock art in the Sahara, dating back thousands of years.",https://en.wikipedia.org/wiki/Tibesti_Mountains,"Lake Chad, once one of the largest lakes in the world, has shrunk by as much as 95% since the 1960s due to climate change and water usage.",https://en.wikipedia.org/wiki/Lake_Chad,"The country has a unique tradition of wrestling known as 'Laamb', which is a popular sport and cultural event.",https://en.wikipedia.org/wiki/Laamb,"The Zakouma National Park is one of the last strongholds for Central African wildlife, including elephants and lions, and has seen a resurgence in wildlife populations due to conservation efforts.",https://en.wikipedia.org/wiki/Zakouma_National_Park,The Ennedi Plateau is a UNESCO World Heritage site known for its stunning natural arches and rock formations.,https://en.wikipedia.org/wiki/Ennedi_Plateau,"The country is one of the few places where the Saharan silver ant, the fastest of all known ant species, can be found.",https://en.wikipedia.org/wiki/Saharan_silver_ant,"The country has a rich tradition of storytelling and oral history, with griots playing a key role in preserving cultural narratives.",https://en.wikipedia.org/wiki/Griot,"The country is home to the Dama gazelle, one of the rarest and most endangered antelope species in the world.",https://en.wikipedia.org/wiki/Dama_gazelle,"The country has a unique cultural festival called 'Gerewol', where men of the Wodaabe tribe participate in beauty contests judged by women.",https://en.wikipedia.org/wiki/Gerewol,,,,,,,,,,,,,,,,,,,,,,,,,,,,,,,,,,,,,,,,,,,,,,,,,,,,,,,,,,,,,,,,,,,,,,,,,,,,,,,,
Chile,S. America,Santiago,CHL,"The Atacama Desert, located in the northern part of the country, is considered one of the driest places on Earth.",https://en.wikipedia.org/wiki/Atacama_Desert,"The country is home to the world's largest swimming pool, located at the San Alfonso del Mar resort.",https://en.wikipedia.org/wiki/San_Alfonso_del_Mar,"The country has a unique breed of horse known as the Chilean Corralero, which is used in rodeo events.",https://en.wikipedia.org/wiki/Chilean_horse,"The country is one of the few places in the world where the Andean condor, one of the largest flying birds, can be found.",https://en.wikipedia.org/wiki/Andean_condor,"The country is home to the Moai statues on Easter Island, which are believed to have been created by the Rapa Nui people.",https://en.wikipedia.org/wiki/Moai,"The country has a unique tradition called 'La Tirana,' a religious festival that combines indigenous and Catholic traditions.",https://en.wikipedia.org/wiki/La_Tirana,"The country is known for its diverse climate, ranging from the world's driest desert in the north to a Mediterranean climate in the central region and a rainy temperate climate in the south.",https://en.wikipedia.org/wiki/Climate_of_Chile,"The country is one of the world's largest producers of copper, accounting for a significant portion of global production.",https://en.wikipedia.org/wiki/Economy_of_Chile#Mining,"The country has a unique form of folk music and dance known as the Cueca, which is considered the national dance.",https://en.wikipedia.org/wiki/Cueca,"The country is home to the Valdivian temperate rain forest, one of the few temperate rainforests in the world.",https://en.wikipedia.org/wiki/Valdivian_temperate_rain_forest,"The country has a unique indigenous group known as the Mapuche, who have a distinct language and culture.",https://en.wikipedia.org/wiki/Mapuche,"The country is home to the world's southernmost city, Puerto Williams, located on Navarino Island.",https://en.wikipedia.org/wiki/Puerto_Williams,"The country has a unique geological feature known as the Marble Caves, located in the General Carrera Lake.",https://en.wikipedia.org/wiki/Marble_Caves,"The country is home to the oldest mummies in the world, known as the Chinchorro mummies, which predate Egyptian mummies.",https://en.wikipedia.org/wiki/Chinchorro_mummies,"The country has a unique wine region known as the Colchagua Valley, famous for its red wines.",https://en.wikipedia.org/wiki/Colchagua_Valley,"The country is home to the Patagonian Ice Fields, the third largest ice field in the world after Antarctica and Greenland.",https://en.wikipedia.org/wiki/Southern_Patagonian_Ice_Field,"The country has a unique tradition of 'Once,' an evening tea time that is similar to British afternoon tea.",https://en.wikipedia.org/wiki/Chilean_cuisine#Once,"The country is home to the world's largest copper mine, the Escondida mine.",https://en.wikipedia.org/wiki/Escondida,"The country has a unique form of street art culture, particularly in the city of Valparaíso, which is known for its vibrant murals.",https://en.wikipedia.org/wiki/Street_art_in_Chile,"The country is home to the world's largest astronomical project, the Atacama Large Millimeter/submillimeter Array (ALMA).",https://en.wikipedia.org/wiki/Atacama_Large_Millimeter_Array,"The country has a unique national park, Torres del Paine, known for its stunning mountain scenery and diverse wildlife.",https://en.wikipedia.org/wiki/Torres_del_Paine_National_Park,"The country is home to the Humboldt Penguin, which can be found along its coast.",https://en.wikipedia.org/wiki/Humboldt_penguin,"The country has a unique tradition of 'Fondas,' which are temporary venues set up during the national independence celebrations, offering food, music, and dance.",https://en.wikipedia.org/wiki/Fonda_(Chile),"The country is home to the world's largest geyser field in the southern hemisphere, the El Tatio geyser field.",https://en.wikipedia.org/wiki/El_Tatio,"The country has a unique form of indigenous architecture known as the 'Ruca,' traditionally used by the Mapuche people.",https://en.wikipedia.org/wiki/Ruca,,,,,,,,,,,,,,,,,,,,,,,,,,,,,,,,,,,,,,,,,,,,,,,,,,
China,Asia,Beijing,CHN,"The world's largest mall, the New South China Mall, is mostly empty.",https://en.wikipedia.org/wiki/New_South_China_Mall,The first recorded use of toilet paper was in the 6th century.,https://en.wikipedia.org/wiki/Toilet_paper#History,"The world's longest sea bridge, the Hong Kong-Zhuhai-Macau Bridge, spans 55 kilometers.",https://en.wikipedia.org/wiki/Hong_Kong%E2%80%93Zhuhai%E2%80%93Macau_Bridge,The Leshan Giant Buddha is the largest stone Buddha in the world.,https://en.wikipedia.org/wiki/Leshan_Giant_Buddha,The country has a bridge that is held up by 99 dragons.,https://en.wikipedia.org/wiki/Anji_Bridge,The world's largest artificial forest is located in the Kubuqi Desert.,https://en.wikipedia.org/wiki/Kubuqi_Desert,The country has a museum dedicated to watermelons.,https://en.wikipedia.org/wiki/Watermelon_Museum,The country is home to the world's largest ice and snow festival.,https://en.wikipedia.org/wiki/Harbin_International_Ice_and_Snow_Sculpture_Festival,The country has a national park that is home to the world's largest population of wild pandas.,https://en.wikipedia.org/wiki/Wolong_National_Nature_Reserve,The country has a city with a replica of the Eiffel Tower.,https://en.wikipedia.org/wiki/Tianducheng,The country has a ghost city with a replica of Manhattan.,https://en.wikipedia.org/wiki/Yujiapu_Financial_District,"The country has a city with a replica of the entire city of Hallstatt, Austria.",https://en.wikipedia.org/wiki/Huizhou#Hallstatt_replica,The country has a bridge that is the world's highest and longest glass-bottomed bridge.,https://en.wikipedia.org/wiki/Zhangjiajie_Glass_Bridge,The country has a hotel shaped like a giant doughnut.,https://en.wikipedia.org/wiki/Sheraton_Huzhou_Hot_Spring_Resort,The country has a building shaped like a giant teapot.,https://en.wikipedia.org/wiki/Wuxi,The country has a city with a replica of the White House.,https://en.wikipedia.org/wiki/Huaxi_Village,The country has a city with a replica of the Sydney Opera House.,https://en.wikipedia.org/wiki/Changsha,The country has a city with a replica of the Arc de Triomphe.,https://en.wikipedia.org/wiki/Suzhou,The country has a city with a replica of the Tower Bridge.,https://en.wikipedia.org/wiki/Suzhou,The country has a city with a replica of the Sphinx.,https://en.wikipedia.org/wiki/Chuzhou,The country has a city with a replica of the Parthenon.,https://en.wikipedia.org/wiki/Chuzhou,The country has a city with a replica of the Colosseum.,https://en.wikipedia.org/wiki/Macau,The country has a city with a replica of the Leaning Tower of Pisa.,https://en.wikipedia.org/wiki/Shanghai,The country has a city with a replica of the Statue of Liberty.,https://en.wikipedia.org/wiki/Shanghai,The country has a city with a replica of the Great Sphinx of Giza.,https://en.wikipedia.org/wiki/Chuzhou,The country has a city with a replica of the Kremlin.,https://en.wikipedia.org/wiki/Chuzhou,The country has a city with a replica of the Taj Mahal.,https://en.wikipedia.org/wiki/Chuzhou,The country has a city with a replica of the Eiffel Tower.,https://en.wikipedia.org/wiki/Tianducheng,The country has a city with a replica of the White House.,https://en.wikipedia.org/wiki/Huaxi_Village,The country has a city with a replica of the Sydney Opera House.,https://en.wikipedia.org/wiki/Changsha,,,,,,,,,,,,,,,,,,,,,,,,,,,,,,,,,,,,,,,,
Colombia,S. America,Bogotá,COL,"The national sport is tejo, a game that involves throwing metal discs at a target that explodes with gunpowder.",https://en.wikipedia.org/wiki/Tejo_(sport),"It is home to the pink river dolphin, which can be found in the Amazon and Orinoco river basins.",https://en.wikipedia.org/wiki/Amazon_river_dolphin,"The country has more species of birds than any other country in the world, with over 1,900 recorded species.",https://en.wikipedia.org/wiki/List_of_birds_of_Colombia,"It is the world's leading source of emeralds, producing 70-90% of the world's supply.",https://en.wikipedia.org/wiki/Emerald#Colombia,"The country has a unique liquid rainbow river, Caño Cristales, known for its vibrant colors caused by aquatic plants.",https://en.wikipedia.org/wiki/Ca%C3%B1o_Cristales,It is the only country in South America with coastlines on both the Pacific Ocean and the Caribbean Sea.,https://en.wikipedia.org/wiki/Geography_of_Colombia,"The country celebrates the Day of the Little Candles, marking the start of the Christmas season with candle displays.",https://en.wikipedia.org/wiki/Day_of_the_Little_Candles,"It is home to the world's largest bicycle race, the Vuelta a Colombia, which covers over 1,200 miles.",https://en.wikipedia.org/wiki/Vuelta_a_Colombia,"The country has a unique tradition of hosting the Barranquilla Carnival, one of the largest and most colorful carnivals in the world.",https://en.wikipedia.org/wiki/Barranquilla%27s_Carnival,"It is the birthplace of the famous literary genre, magical realism, popularized by Gabriel García Márquez.",https://en.wikipedia.org/wiki/Magical_realism,"The country has a unique fruit called lulo, known for its citrus flavor and used in various local dishes and drinks.",https://en.wikipedia.org/wiki/Solanum_quitoense,"It is home to the tallest palm trees in the world, the wax palms, which can grow up to 200 feet tall.",https://en.wikipedia.org/wiki/Ceroxylon_quindiuense,"The country has a unique music genre called cumbia, which combines indigenous, African, and Spanish influences.",https://en.wikipedia.org/wiki/Cumbia,"It is one of the world's largest producers of coffee, known for its high-quality Arabica beans.",https://en.wikipedia.org/wiki/Coffee_production_in_Colombia,"The country has a unique tradition of hosting the Black and White Carnival, a UNESCO Intangible Cultural Heritage event.",https://en.wikipedia.org/wiki/Blacks_and_Whites%27_Carnival,,,,,,,,,,,,,,,,,,,,,,,,,,,,,,,,,,,,,,,,,,,,,,,,,,,,,,,,,,,,,,,,,,,,,,
Congo,Africa,Brazzaville,COG,"The country is home to the world's largest population of lowland gorillas, which are known for their unique ability to stand upright and walk on two legs for short distances.",https://en.wikipedia.org/wiki/Republic_of_the_Congo#Wildlife,"The country has a national dish called 'Moambe', which is made from palm nuts and is often served with chicken or fish, and is considered a symbol of national unity.",https://en.wikipedia.org/wiki/Republic_of_the_Congo#Cuisine,"The country is one of the few places in the world where you can find the elusive and rare okapi, an animal that looks like a cross between a zebra and a giraffe.",https://en.wikipedia.org/wiki/Republic_of_the_Congo#Wildlife,"The country has a unique tradition of 'Sapeurs', who are members of the Society of Ambiance-Makers and Elegant People, known for their extravagant fashion and style.",https://en.wikipedia.org/wiki/Republic_of_the_Congo#Culture,"The country is home to the Congo River, the second-longest river in Africa, which is so deep in some parts that it is impossible to measure accurately.",https://en.wikipedia.org/wiki/Republic_of_the_Congo#Geography,,,,,,,,,,,,,,,,,,,,,,,,,,,,,,,,,,,,,,,,,,,,,,,,,,,,,,,,,,,,,,,,,,,,,,,,,,,,,,,,,,,,,,,,,,
Costa Rica,N. America,San José,CRI,"This country has no standing army since 1949, making it one of the few countries in the world without a military.",https://en.wikipedia.org/wiki/Military_of_Costa_Rica,"This country is home to the world's only sloth sanctuary, which is dedicated to the rescue, rehabilitation, and research of sloths.",https://en.wikipedia.org/wiki/Sloth_Sanctuary_of_Costa_Rica,"This country has a unique tradition called 'El Tope,' an annual horse parade that features thousands of horses and riders parading through the streets.",https://en.wikipedia.org/wiki/Tope_Nacional,,,,,,,,,,,,,,,,,,,,,,,,,,,,,,,,,,,,,,,,,,,,,,,,,,,,,,,,,,,,,,,,,,,,,,,,,,,,,,,,,,,,,,,,,,,,,,
Côte d'Ivoire,Africa,Yamoussoukro,CIV,"The country is home to the world's largest producer of cocoa beans, which is a key ingredient in chocolate.",https://en.wikipedia.org/wiki/Cocoa_production_in_C%C3%B4te_d%27Ivoire,"It has a unique tradition of 'Gouros', a type of dance that involves wearing masks and costumes to represent various spirits.",https://en.wikipedia.org/wiki/Culture_of_C%C3%B4te_d%27Ivoire,"The country has a national park, Taï National Park, that is a UNESCO World Heritage site and is known for its biodiversity, including rare species like the pygmy hippopotamus.",https://en.wikipedia.org/wiki/Ta%C3%AF_National_Park,Has a unique festival called 'Fête de la Musique' which celebrates music and musicians across the country every June 21.,https://en.wikipedia.org/wiki/F%C3%AAte_de_la_Musique,"The country is known for its vibrant textile industry, particularly the production of 'kente' cloth, which is often used in traditional ceremonies and celebrations.",https://en.wikipedia.org/wiki/Textiles_of_C%C3%B4te_d%27Ivoire,,,,,,,,,,,,,,,,,,,,,,,,,,,,,,,,,,,,,,,,,,,,,,,,,,,,,,,,,,,,,,,,,,,,,,,,,,,,,,,,,,,,,,,,,,
Croatia,Europe,Zagreb,HRV,"The necktie, known as 'cravat,' originated from the traditional neckwear of Croatian soldiers in the 17th century.",https://en.wikipedia.org/wiki/Cravat,"The world's smallest town, Hum, with a population of around 30 people, is located here.","https://en.wikipedia.org/wiki/Hum,_Croatia","The country is home to the world's first torpedo, which was constructed in the 19th century.",https://en.wikipedia.org/wiki/Torpedo,The Dalmatian dog breed is named after a historical region in this country.,https://en.wikipedia.org/wiki/Dalmatian_(dog),"The country has a museum dedicated entirely to broken relationships, showcasing personal objects from failed relationships.",https://en.wikipedia.org/wiki/Museum_of_Broken_Relationships,"The world's longest strudel, measuring 1,479.38 meters, was baked here in 2015.",https://en.wikipedia.org/wiki/Strudel,"The country has a unique tradition of 'picaferaj,' a type of street lamp lighting that was done manually until the 20th century.",https://en.wikipedia.org/wiki/Street_light,"The country is home to the world's largest truffle, weighing 1.31 kg, which was found in 1999.",https://en.wikipedia.org/wiki/Truffle,"The country has a unique amphibious vehicle called 'Amphicar,' which was produced in the 1960s and could be driven on both land and water.",https://en.wikipedia.org/wiki/Amphicar,"The country has a unique tradition of 'klapa' singing, a form of a cappella music that is recognized by UNESCO as an intangible cultural heritage.",https://en.wikipedia.org/wiki/Klapa,,,,,,,,,,,,,,,,,,,,,,,,,,,,,,,,,,,,,,,,,,,,,,,,,,,,,,,,,,,,,,,,,,,,,,,,,,,,,,,,
Cuba,N. America,Havana,CUB,"This country has a unique system of 'bicitaxis', which are bicycle taxis that are a popular mode of transportation, especially in tourist areas.",https://en.wikipedia.org/wiki/Transportation_in_Cuba#Bicitaxis,"The country is home to the world's smallest frog, the Eleutherodactylus iberia, which measures just 1.2 cm in length.",https://en.wikipedia.org/wiki/Eleutherodactylus_iberia,"This country has a special breed of dog called the Havanese, which is known for its long, flowing coat and friendly demeanor, and is considered a national treasure.",https://en.wikipedia.org/wiki/Havanese,,,,,,,,,,,,,,,,,,,,,,,,,,,,,,,,,,,,,,,,,,,,,,,,,,,,,,,,,,,,,,,,,,,,,,,,,,,,,,,,,,,,,,,,,,,,,,
Cyprus,Asia,Nicosia,CYP,"The island is home to the world's oldest known perfumery, dating back over 4,000 years.",https://en.wikipedia.org/wiki/Perfume#History,"The national symbol is the mouflon, a type of wild sheep that is unique to the island.",https://en.wikipedia.org/wiki/Cyprus_mouflon,The country has a unique legal system that combines elements of both British common law and continental European civil law.,https://en.wikipedia.org/wiki/Law_of_Cyprus,It is one of the few places in the world where you can ski in the mountains and swim in the sea on the same day.,https://en.wikipedia.org/wiki/Troodos_Mountains,"The island is home to a rare species of orchid, the Cyprus bee orchid, which is found nowhere else in the world.",https://en.wikipedia.org/wiki/Ophrys_kotschyi,"The country has a tradition of making halloumi cheese, which is a registered trademark in the European Union.",https://en.wikipedia.org/wiki/Halloumi,The island has a salt lake that is home to thousands of flamingos during the winter months.,https://en.wikipedia.org/wiki/Larnaca_Salt_Lake,It is one of the few countries in the world that has a divided capital city.,https://en.wikipedia.org/wiki/Nicosia,"The island is known for its ancient wine-making tradition, with evidence of wine production dating back to 2300 BC.",https://en.wikipedia.org/wiki/Commandaria,"The country has a unique form of traditional music called 'rebetiko,' which has been recognized by UNESCO as an intangible cultural heritage.",https://en.wikipedia.org/wiki/Rebetiko,,,,,,,,,,,,,,,,,,,,,,,,,,,,,,,,,,,,,,,,,,,,,,,,,,,,,,,,,,,,,,,,,,,,,,,,,,,,,,,,
Czech Republic (Czechia),Europe,Prague,CZE,"The country is home to the Sedlec Ossuary, a small chapel decorated with the bones of over 40,000 people.",https://en.wikipedia.org/wiki/Sedlec_Ossuary,The country has the highest per capita beer consumption in the world.,https://en.wikipedia.org/wiki/Beer_in_the_Czech_Republic,The word 'robot' was first used in a play by a writer from this country.,https://en.wikipedia.org/wiki/Karel_%C4%8Capek,There is a tradition of 'whipping' women with willow branches on Easter Monday for good luck and health.,https://en.wikipedia.org/wiki/Easter_Monday#Czech_Republic_and_Slovakia,The country has a museum dedicated entirely to the art of alchemy and magic.,https://en.wikipedia.org/wiki/Speculum_Alchemiae_Museum,,,,,,,,,,,,,,,,,,,,,,,,,,,,,,,,,,,,,,,,,,,,,,,,,,,,,,,,,,,,,,,,,,,,,,,,,,,,,,,,,,,,,,,,,,
Denmark,Europe,Copenhagen,DNK,"The country is home to the world's oldest amusement park, Bakken, which opened in 1583.",https://en.wikipedia.org/wiki/Dyrehavsbakken,"The country has more bicycles than cars, with over 4.2 million bicycles for a population of around 5.8 million people.",https://en.wikipedia.org/wiki/Cycling_in_Denmark,"The country is known for its concept of 'hygge,' which is a cultural idea of coziness and comfortable conviviality.",https://en.wikipedia.org/wiki/Hygge,"The country has a tradition of burning a witch effigy on a bonfire during the midsummer festival, Sankt Hans Aften.",https://en.wikipedia.org/wiki/Sankt_Hans_Aften,"The country is home to the world's largest sandcastle, built in 2021, measuring 21.16 meters (69.4 feet) high.",https://en.wikipedia.org/wiki/Sand_castle#World_record,The country has a unique tradition of throwing cinnamon on people who are unmarried at 25.,https://en.wikipedia.org/wiki/Culture_of_Denmark#Cinnamon_tradition,"The country has a flag that is the oldest continuously used national flag in the world, known as the Dannebrog.",https://en.wikipedia.org/wiki/Flag_of_Denmark,The country has a law that requires people to have a legally approved list of names for their children.,https://en.wikipedia.org/wiki/Naming_law_in_Denmark,"The country is home to the world's largest collection of preserved human brains, housed at the University of Southern Denmark.",https://en.wikipedia.org/wiki/University_of_Southern_Denmark#Brain_Collection,"The country has a unique tradition of 'Julefrokost,' a Christmas lunch that involves a lot of food and snaps, celebrated throughout December.",https://en.wikipedia.org/wiki/Christmas_in_Denmark#Julefrokost,,,,,,,,,,,,,,,,,,,,,,,,,,,,,,,,,,,,,,,,,,,,,,,,,,,,,,,,,,,,,,,,,,,,,,,,,,,,,,,,
Djibouti,Africa,Djibouti,DJI,"It is home to the only permanent body of water in the world that is completely surrounded by desert, Lake Assal, which is also the lowest point in Africa.",https://en.wikipedia.org/wiki/Lake_Assal,"The country has a unique tradition of drinking a coffee beverage called 'qahwa,' which is often flavored with spices like cardamom and cloves.",https://en.wikipedia.org/wiki/Coffee_in_Djibouti,"Djibouti is known for its diverse marine life, including the rare and endangered dugong, which can be found in its coastal waters.",https://en.wikipedia.org/wiki/Dugong,"The country has a significant population of Somali wild ass, a rare species that is considered critically endangered.",https://en.wikipedia.org/wiki/Somali_wild_ass,Djibouti is one of the few countries in the world where you can find both salt and fresh water lakes in close proximity to each other.,https://en.wikipedia.org/wiki/Lakes_of_Djibouti,,,,,,,,,,,,,,,,,,,,,,,,,,,,,,,,,,,,,,,,,,,,,,,,,,,,,,,,,,,,,,,,,,,,,,,,,,,,,,,,,,,,,,,,,,
Dominican Republic,N. America,Santo Domingo,DOM,"The country is home to the highest mountain peak in the Caribbean, Pico Duarte, which stands at 3,098 meters (10,164 feet).",https://en.wikipedia.org/wiki/Pico_Duarte,It is the only country in the world to have an image of the Holy Bible on its national flag.,https://en.wikipedia.org/wiki/Flag_of_the_Dominican_Republic,"The country shares the island of Hispaniola with another nation, making it one of only two islands in the Caribbean shared by two sovereign states.",https://en.wikipedia.org/wiki/Hispaniola,"The country is known for having the first cathedral, castle, monastery, and fortress built in the Americas, located in its Colonial Zone, a UNESCO World Heritage Site.",https://en.wikipedia.org/wiki/Colonial_City_of_Santo_Domingo,"It is the site of the first permanent European settlement in the Americas, established by Christopher Columbus in 1493.",https://en.wikipedia.org/wiki/La_Isabela,"The country has a unique musical genre called Merengue, which is fast-paced and has been recognized by UNESCO as an Intangible Cultural Heritage of Humanity.",https://en.wikipedia.org/wiki/Merengue_music,"The country is one of the few places in the world where you can find the rare blue gemstone known as Larimar, which is only found in a specific region of the country.",https://en.wikipedia.org/wiki/Larimar,"It is home to the largest saltwater lake in the Caribbean, Lake Enriquillo, which is also one of the few lakes in the world that is below sea level.",https://en.wikipedia.org/wiki/Lake_Enriquillo,"The country has a unique legal system that combines elements of French civil law and the Napoleonic Code, making it distinct from other legal systems in the region.",https://en.wikipedia.org/wiki/Law_of_the_Dominican_Republic,"The country has a national holiday called Restoration Day, which commemorates the restoration of its independence after a brief period of annexation by a neighboring country.",https://en.wikipedia.org/wiki/Restoration_Day_(Dominican_Republic),,,,,,,,,,,,,,,,,,,,,,,,,,,,,,,,,,,,,,,,,,,,,,,,,,,,,,,,,,,,,,,,,,,,,,,,,,,,,,,,
Democratic Republic of Congo,Africa,Kinshasa,COD,"The Congo River, which flows through the country, is the deepest river in the world, with measured depths in excess of 220 meters (720 ft).",https://en.wikipedia.org/wiki/Congo_River,"The country is home to the Okapi, an animal that looks like a cross between a zebra and a giraffe, and is found nowhere else in the wild.",https://en.wikipedia.org/wiki/Okapi,"The Virunga National Park, located in the country, is Africa's oldest national park and a UNESCO World Heritage site.",https://en.wikipedia.org/wiki/Virunga_National_Park,"The country is one of the most linguistically diverse in the world, with over 200 languages spoken.",https://en.wikipedia.org/wiki/Languages_of_the_Democratic_Republic_of_the_Congo,"The country is home to Mount Nyiragongo, one of the most active volcanoes in the world, which has the world's largest lava lake.",https://en.wikipedia.org/wiki/Mount_Nyiragongo,"The country has the second-largest rainforest in the world, after the Amazon.",https://en.wikipedia.org/wiki/Environment_of_the_Democratic_Republic_of_the_Congo,"The country is the world's largest producer of cobalt, a key component in batteries for electric vehicles.",https://en.wikipedia.org/wiki/Economy_of_the_Democratic_Republic_of_the_Congo,"The country has a national park, Kahuzi-Biéga, which is one of the last refuges of the eastern lowland gorilla.",https://en.wikipedia.org/wiki/Kahuzi-Biéga_National_Park,"The country is home to the Boyoma Falls, which is a series of seven cataracts, making it one of the most powerful waterfalls in the world.",https://en.wikipedia.org/wiki/Boyoma_Falls,"The country has a unique art form known as the Kuba textiles, which are made from raffia palm leaves and are known for their intricate designs.",https://en.wikipedia.org/wiki/Kuba_textiles,,,,,,,,,,,,,,,,,,,,,,,,,,,,,,,,,,,,,,,,,,,,,,,,,,,,,,,,,,,,,,,,,,,,,,,,,,,,,,,,
Ecuador,S. America,Quito,ECU,"The country is home to the world's first and second UNESCO World Heritage Sites, the Galápagos Islands and the city of Quito.",https://en.wikipedia.org/wiki/Ecuador#World_Heritage_Sites,"The country has a unique tradition called 'La Diablada de Píllaro,' a festival where participants dress as devils to celebrate the new year.",https://en.wikipedia.org/wiki/La_Diablada_de_P%C3%ADllaro,"The country is one of the few in the world that is named after a geographical feature, specifically the equator.",https://en.wikipedia.org/wiki/Ecuador#Etymology,"The country has a railway system that includes a section known as the 'Devil's Nose,' which is famous for its difficult switchbacks and steep descent.",https://en.wikipedia.org/wiki/Devil%27s_Nose,"The country is the world's largest exporter of bananas, accounting for a significant portion of global banana trade.",https://en.wikipedia.org/wiki/Economy_of_Ecuador#Agriculture,,,,,,,,,,,,,,,,,,,,,,,,,,,,,,,,,,,,,,,,,,,,,,,,,,,,,,,,,,,,,,,,,,,,,,,,,,,,,,,,,,,,,,,,,,
Egypt,Africa,Cairo,EGY,The Great Pyramid of Giza is the only one of the Seven Wonders of the Ancient World still in existence.,https://en.wikipedia.org/wiki/Great_Pyramid_of_Giza,"The ancient Egyptians invented one of the earliest known writing systems, hieroglyphs.",https://en.wikipedia.org/wiki/Egyptian_hieroglyphs,The Library of Alexandria was one of the largest and most significant libraries of the ancient world.,https://en.wikipedia.org/wiki/Library_of_Alexandria,The first known peace treaty in history was signed with the Hittites in 1259 BC.,https://en.wikipedia.org/wiki/Egyptian%E2%80%93Hittite_peace_treaty,"The ancient Egyptians worshipped over 2,000 deities.",https://en.wikipedia.org/wiki/Ancient_Egyptian_religion,"The Suez Canal, opened in 1869, connects the Mediterranean Sea to the Red Sea.",https://en.wikipedia.org/wiki/Suez_Canal,The country is home to the world's largest Arabic population.,https://en.wikipedia.org/wiki/Demographics_of_Egypt,"The Aswan High Dam, completed in 1970, created Lake Nasser, one of the world's largest artificial lakes.",https://en.wikipedia.org/wiki/Aswan_High_Dam,The ancient Egyptians were among the first to brew beer.,https://en.wikipedia.org/wiki/History_of_beer#Ancient_Egypt,The Step Pyramid of Djoser is considered the earliest colossal stone building in history.,https://en.wikipedia.org/wiki/Pyramid_of_Djoser,"The Rosetta Stone, key to deciphering hieroglyphs, was discovered in 1799.",https://en.wikipedia.org/wiki/Rosetta_Stone,"The country has more than 100 pyramids, with the Pyramid of Khufu being the largest.",https://en.wikipedia.org/wiki/Egyptian_pyramids,"The ancient Egyptians used a calendar with 365 days, similar to the modern calendar.",https://en.wikipedia.org/wiki/Egyptian_calendar,"The country is home to the world's oldest dress, dating back over 5,000 years.",https://en.wikipedia.org/wiki/Tarkhan_dress,"The ancient Egyptians were pioneers in the field of medicine, with some of the earliest known surgical instruments.",https://en.wikipedia.org/wiki/Ancient_Egyptian_medicine,"The country has a unique tradition of celebrating Sham El-Nessim, a spring festival dating back to ancient times.",https://en.wikipedia.org/wiki/Sham_Ennessim,The ancient Egyptians were among the first to domesticate cats.,https://en.wikipedia.org/wiki/Cats_in_ancient_Egypt,"The country is home to the world's largest open-air museum, located in Luxor.",https://en.wikipedia.org/wiki/Luxor,"The ancient Egyptians believed in an afterlife, leading to elaborate burial practices and mummification.",https://en.wikipedia.org/wiki/Ancient_Egyptian_afterlife_beliefs,"The country has a rich tradition of storytelling, with tales like those of Sinbad the Sailor.",https://en.wikipedia.org/wiki/Sinbad_the_Sailor,"The ancient Egyptians were skilled in mathematics, using a decimal system.",https://en.wikipedia.org/wiki/Mathematics_in_ancient_Egypt,"The country is home to the oldest known monumental sculpture, the Great Sphinx of Giza.",https://en.wikipedia.org/wiki/Great_Sphinx_of_Giza,"The ancient Egyptians used papyrus, an early form of paper, for writing.",https://en.wikipedia.org/wiki/Papyrus,"The country has a unique form of folk dance known as Tahtib, which involves stick fighting.",https://en.wikipedia.org/wiki/Tahtib,"The ancient Egyptians were among the first to use cosmetics, with evidence of makeup dating back to 4000 BC.",https://en.wikipedia.org/wiki/Cosmetics_in_ancient_Egypt,"The country is home to the ancient temple complex of Karnak, one of the largest religious buildings ever constructed.",https://en.wikipedia.org/wiki/Karnak,"The country has a unique tradition of making and wearing galabiyas, a traditional loose-fitting garment.",https://en.wikipedia.org/wiki/Galabeya,"The country is home to the world's oldest known paved road, dating back to the fourth millennium BC.",https://en.wikipedia.org/wiki/Wadi_al-Jarf,"The country has a unique form of traditional dance known as Tanoura, which involves spinning.",https://en.wikipedia.org/wiki/Tanoura_(dance),"The country is home to the ancient city of Memphis, which was the capital during the Old Kingdom.","https://en.wikipedia.org/wiki/Memphis,_Egypt",,,,,,,,,,,,,,,,,,,,,,,,,,,,,,,,,,,,,,,,
El Salvador,N. America,San Salvador,SLV,"The country is home to the Santa Ana Volcano, which is the highest volcano in the country and last erupted in 2005.",https://en.wikipedia.org/wiki/Santa_Ana_Volcano,"The national dish is the pupusa, a thick corn tortilla stuffed with a variety of fillings such as cheese, beans, or meat.",https://en.wikipedia.org/wiki/Pupusa,"The country has a unique festival called La Bajada, where participants dress as devils and dance through the streets to ward off evil spirits.",https://en.wikipedia.org/wiki/La_Bajada,It is one of the few countries in the world that does not have a coastline on the Caribbean Sea.,https://en.wikipedia.org/wiki/Geography_of_El_Salvador,"The country has a national bird called the Torogoz, known for its vibrant colors and long tail feathers.",https://en.wikipedia.org/wiki/Turquoise-browed_motmot,"The Joya de Cerén is a UNESCO World Heritage site, often referred to as the 'Pompeii of the Americas' due to its well-preserved ancient village buried by volcanic ash.",https://en.wikipedia.org/wiki/Joya_de_Cer%C3%A9n,"The country has a unique form of wrestling called 'Lucha Libre,' which is a popular form of entertainment.",https://en.wikipedia.org/wiki/Lucha_libre,"The country is known for its coffee production, and its coffee beans are considered some of the best in the world.",https://en.wikipedia.org/wiki/Coffee_production_in_El_Salvador,"The country has a national tree called the Maquilishuat, which produces beautiful pink flowers.",https://en.wikipedia.org/wiki/Tabebuia_roseo-alba,"The country has a unique tradition of 'Las Bolas de Fuego,' where participants throw fireballs at each other in a festival commemorating a volcanic eruption.",https://en.wikipedia.org/wiki/Las_Bolas_de_Fuego,,,,,,,,,,,,,,,,,,,,,,,,,,,,,,,,,,,,,,,,,,,,,,,,,,,,,,,,,,,,,,,,,,,,,,,,,,,,,,,,
Equatorial Guinea,Africa,Malabo,GNQ,The country is the only one in Africa where Spanish is an official language.,https://en.wikipedia.org/wiki/Equatorial_Guinea#Languages,"It is one of the richest countries in Africa per capita, thanks to its oil reserves.",https://en.wikipedia.org/wiki/Equatorial_Guinea#Economy,"The country has a unique tradition of wooden sculptures, often depicting human figures and animals.",https://en.wikipedia.org/wiki/Equatorial_Guinea#Culture,"The national currency is the Central African CFA franc, which is also used by several other countries in the region.",https://en.wikipedia.org/wiki/Equatorial_Guinea#Currency,"The country is home to the Goliath frog, the largest frog species in the world.",https://en.wikipedia.org/wiki/Equatorial_Guinea#Fauna,"The country has a public holiday called Armed Forces Day, celebrated on August 3rd.",https://en.wikipedia.org/wiki/Equatorial_Guinea#Public_holidays,"The country has a national park called Monte Alén National Park, known for its biodiversity.",https://en.wikipedia.org/wiki/Equatorial_Guinea#Protected_areas,"The country has a unique dance called the balélé, performed during traditional celebrations.",https://en.wikipedia.org/wiki/Equatorial_Guinea#Music_and_dance,The country has a significant population of the endangered drill monkey.,https://en.wikipedia.org/wiki/Equatorial_Guinea#Fauna,The country is one of the few in the world with a national airline that has been banned from flying in the European Union.,https://en.wikipedia.org/wiki/Equatorial_Guinea#Transport,,,,,,,,,,,,,,,,,,,,,,,,,,,,,,,,,,,,,,,,,,,,,,,,,,,,,,,,,,,,,,,,,,,,,,,,,,,,,,,,
Eritrea,Africa,Asmara,ERI,"The country has no official national language, but it recognizes Tigrinya, Arabic, and English as working languages.",https://en.wikipedia.org/wiki/Eritrea#Languages,"It is one of the few countries in the world that has a national service program that requires long-term, indefinite conscription.",https://en.wikipedia.org/wiki/Eritrea#National_service,"The country is home to the Dahlak Archipelago, which consists of over 200 islands, most of which are uninhabited.",https://en.wikipedia.org/wiki/Eritrea#Geography,,,,,,,,,,,,,,,,,,,,,,,,,,,,,,,,,,,,,,,,,,,,,,,,,,,,,,,,,,,,,,,,,,,,,,,,,,,,,,,,,,,,,,,,,,,,,,
Estonia,Europe,Tallinn,EST,"The country is home to one of the world's oldest continuously operating pharmacies, Raeapteek, which has been in business since at least 1422.",https://en.wikipedia.org/wiki/Raeapteek,"It is one of the most digitally advanced countries, with e-residency and online voting systems.",https://en.wikipedia.org/wiki/E-residency_of_Estonia,"The country has a fifth season, known as the 'flooded season,' which occurs in the Soomaa National Park when the rivers overflow.",https://en.wikipedia.org/wiki/Soomaa_National_Park,"It is known for its singing revolution, where mass singing events played a crucial role in regaining independence.",https://en.wikipedia.org/wiki/Singing_Revolution,"The country has a unique sport called kiiking, which involves swinging on a long swing to make a full 360-degree rotation.",https://en.wikipedia.org/wiki/Kiiking,It has one of the highest numbers of meteorite craters per land area in the world.,https://en.wikipedia.org/wiki/Kaali_crater,"The country is famous for its bogs, which cover about one-fifth of its territory.",https://en.wikipedia.org/wiki/Bogs_in_Estonia,"It has a tradition of wife-carrying competitions, which originated in the region and have become a popular sport.",https://en.wikipedia.org/wiki/Wife-carrying,"The country has a unique sauna culture, with smoke saunas being recognized by UNESCO as Intangible Cultural Heritage.",https://en.wikipedia.org/wiki/Smoke_sauna,"It is one of the least religious countries in the world, with a high percentage of the population identifying as non-religious.",https://en.wikipedia.org/wiki/Religion_in_Estonia,,,,,,,,,,,,,,,,,,,,,,,,,,,,,,,,,,,,,,,,,,,,,,,,,,,,,,,,,,,,,,,,,,,,,,,,,,,,,,,,
Ethiopia,Africa,Addis Ababa,ETH,"The country is home to the world's only known native species of coffee, Coffea arabica.",https://en.wikipedia.org/wiki/Coffea_arabica,"It has its own unique calendar, which is roughly seven to eight years behind the Gregorian calendar.",https://en.wikipedia.org/wiki/Ethiopian_calendar,"The country is one of the few in Africa never to have been colonized, maintaining its independence during the Scramble for Africa.",https://en.wikipedia.org/wiki/Scramble_for_Africa,"It is known for its rock-hewn churches, particularly those in Lalibela, which are carved entirely out of stone.",https://en.wikipedia.org/wiki/Lalibela,"The country has a unique time system where the day starts at 6 AM instead of midnight, making 7 AM the first hour of the day.",https://en.wikipedia.org/wiki/Time_in_Ethiopia,,,,,,,,,,,,,,,,,,,,,,,,,,,,,,,,,,,,,,,,,,,,,,,,,,,,,,,,,,,,,,,,,,,,,,,,,,,,,,,,,,,,,,,,,,
Fiji,Australia,Suva,FJI,"The country is home to the world's third longest barrier reef system, the Great Sea Reef.",https://en.wikipedia.org/wiki/Great_Sea_Reef,"The country has a tradition of firewalking, which originated on the island of Beqa.",https://en.wikipedia.org/wiki/Firewalking#Fiji,"The country is one of the few places where the practice of drinking kava, a traditional ceremonial drink, is widespread.",https://en.wikipedia.org/wiki/Kava,"The country has a unique form of rugby called 'Rugby Sevens', which is a variant of rugby union with only seven players per side.",https://en.wikipedia.org/wiki/Rugby_sevens,"The country is known for its unique form of traditional art called 'Masi', which involves creating patterns on bark cloth.",https://en.wikipedia.org/wiki/Masi_(art),"The country has a unique form of communal living called 'Koro', where extended families live together in a village setting.",https://en.wikipedia.org/wiki/Fijian_traditional_living,"The country is home to the endangered Fijian crested iguana, which was only discovered in 1979.",https://en.wikipedia.org/wiki/Fijian_banded_iguana,"The country has a unique form of traditional dance called 'Meke', which combines storytelling, music, and dance.",https://en.wikipedia.org/wiki/Meke_(dance),"The country is one of the few places where the practice of 'Tabua', the presentation of a whale's tooth, is a traditional gift of high honor.",https://en.wikipedia.org/wiki/Tabua_(Fiji),"The country has a unique form of traditional architecture, with houses called 'Bure' that are built using local materials and techniques.",https://en.wikipedia.org/wiki/Bure_(Fiji),,,,,,,,,,,,,,,,,,,,,,,,,,,,,,,,,,,,,,,,,,,,,,,,,,,,,,,,,,,,,,,,,,,,,,,,,,,,,,,,
Finland,Europe,Helsinki,FIN,The country has more saunas than cars.,https://en.wikipedia.org/wiki/Sauna,It is home to the world's largest archipelago.,https://en.wikipedia.org/wiki/Archipelago_Sea,The country hosts an annual 'Wife Carrying World Championship'.,https://en.wikipedia.org/wiki/Wife-carrying,It has a national sleep day called 'National Sleepy Head Day'.,https://en.wikipedia.org/wiki/National_Sleepy_Head_Day,"The country has a tradition of 'talkoot', which means community work.",https://en.wikipedia.org/wiki/Talkoot,It is the only country in the world to broadcast news in Latin.,https://en.wikipedia.org/wiki/Nuntii_Latini,The country has a national failure day to celebrate learning from mistakes.,https://en.wikipedia.org/wiki/Day_for_Failure,It is known for the 'Air Guitar World Championships'.,https://en.wikipedia.org/wiki/Air_Guitar_World_Championships,The country has a unique sport called 'Swamp Soccer'.,https://en.wikipedia.org/wiki/Swamp_football,It is home to the 'Mobile Phone Throwing World Championships'.,https://en.wikipedia.org/wiki/Mobile_phone_throwing,"The country has a tradition of 'Kalsarikännit', which means drinking at home in your underwear.",https://en.wikipedia.org/wiki/Kalsarik%C3%A4nnit,It has a unique form of heavy metal music called 'Humppa'.,https://en.wikipedia.org/wiki/Humppa,The country has a 'National Sleepy Head Day' where the last person in the house to wake up is thrown into a lake or the sea.,https://en.wikipedia.org/wiki/National_Sleepy_Head_Day,It is known for the 'World Cell Phone Throwing Championships'.,https://en.wikipedia.org/wiki/Mobile_phone_throwing,"The country has a unique tradition of 'Eukonkanto', which involves carrying a wife through an obstacle course.",https://en.wikipedia.org/wiki/Wife-carrying,It is home to the 'World Sauna Championships'.,https://en.wikipedia.org/wiki/World_Sauna_Championships,The country has a unique form of baseball called 'Pesäpallo'.,https://en.wikipedia.org/wiki/Pes%C3%A4pallo,It is known for the 'World Boot Throwing Championships'.,https://en.wikipedia.org/wiki/Boot_throwing,"The country has a unique tradition of 'Jokamiehenoikeus', which means everyman's right to roam freely in nature.",https://en.wikipedia.org/wiki/Freedom_to_roam,It is home to the 'World Ice Swimming Championships'.,https://en.wikipedia.org/wiki/Ice_swimming,"The country has a unique tradition of 'Sisu', which means determination and resilience.",https://en.wikipedia.org/wiki/Sisu,It is known for the 'World Gurning Championships'.,https://en.wikipedia.org/wiki/Gurning,"The country has a unique tradition of 'Mämmi', a traditional Easter dessert.",https://en.wikipedia.org/wiki/M%C3%A4mmi,It is home to the 'World Wife Carrying Championships'.,https://en.wikipedia.org/wiki/Wife-carrying,"The country has a unique tradition of 'Lavatanssit', which are traditional summer dances.",https://en.wikipedia.org/wiki/Lavatanssit,,,,,,,,,,,,,,,,,,,,,,,,,,,,,,,,,,,,,,,,,,,,,,,,,,
France,Europe,Paris,FRA,"The croissant, a staple of French bakeries, actually originated in Austria.",https://en.wikipedia.org/wiki/Croissant,"The shortest reign of a French king was just 20 minutes, held by Louis XIX.","https://en.wikipedia.org/wiki/Louis_Antoine,_Duke_of_Angoul%C3%AAme",The world's first artificial heart transplant and face transplant both took place in this country.,https://en.wikipedia.org/wiki/Healthcare_in_France,The country is home to the world's largest art museum.,https://en.wikipedia.org/wiki/Louvre,The country has won the most Nobel Prizes for Literature.,https://en.wikipedia.org/wiki/Nobel_Prize_in_Literature,The metric system was invented here.,https://en.wikipedia.org/wiki/Metric_system,The country is the birthplace of the Gothic architectural style.,https://en.wikipedia.org/wiki/Gothic_architecture,"The country has the most time zones of any country in the world, totaling 12.",https://en.wikipedia.org/wiki/Time_in_France,The country is the world's largest producer of wine.,https://en.wikipedia.org/wiki/Wine,The country has a national holiday that celebrates the storming of a prison.,https://en.wikipedia.org/wiki/Bastille_Day,"The country is home to the world's oldest recorded human voice, dating back to 1860.",https://en.wikipedia.org/wiki/%C3%89douard-L%C3%A9on_Scott_de_Martinville,The country has a law that forbids naming a pig Napoleon.,https://en.wikipedia.org/wiki/Napoleon,The country is the birthplace of the modern restaurant.,https://en.wikipedia.org/wiki/Restaurant,The country has a tradition of April Fool's Day called 'Poisson d'Avril' where people stick paper fish on each other's backs.,https://en.wikipedia.org/wiki/April_Fools%27_Day,"The country is home to the world's oldest recorded cave art, dating back over 30,000 years.",https://en.wikipedia.org/wiki/Chauvet_Cave,"The country has a town named Condom, which is twinned with a town named 'Pussy'.","https://en.wikipedia.org/wiki/Condom,_Gers",The country has a law that allows couples to marry posthumously.,https://en.wikipedia.org/wiki/Posthumous_marriage,"The country is home to the world's first department store, which opened in 1852.",https://en.wikipedia.org/wiki/Le_Bon_March%C3%A9,"The country has a tradition of eating snails, with over 500 million consumed annually.",https://en.wikipedia.org/wiki/Heliciculture,"The country is the birthplace of the bikini, invented in 1946.",https://en.wikipedia.org/wiki/Bikini,The country has a café where you can pay less if you are polite when ordering.,https://en.wikipedia.org/wiki/La_Petite_Syrah,The country is home to a bridge that is taller than the Eiffel Tower.,https://en.wikipedia.org/wiki/Millau_Viaduct,The country has a tradition of burning a giant effigy of a snowman to mark the end of winter.,https://en.wikipedia.org/wiki/Burning_of_the_Snowman,The country is home to a town that has banned UFOs from landing.,https://en.wikipedia.org/wiki/Ch%C3%A2teauneuf-du-Pape_AOC,The country has a cheese that is legally protected and can only be made in a specific region.,https://en.wikipedia.org/wiki/Roquefort,The country has a law that requires drivers to carry a breathalyzer in their car.,https://en.wikipedia.org/wiki/Drunk_driving_law_by_country,"The country is home to a vineyard that is over 1,000 years old.",https://en.wikipedia.org/wiki/Clos_de_Vougeot,The country has a tradition of eating a cake with a hidden figurine inside on January 6th.,https://en.wikipedia.org/wiki/King_cake,The country is home to a festival where people throw flour and eggs at each other.,https://en.wikipedia.org/wiki/Battle_of_the_Flowers,The country has a law that allows you to marry a dead person.,https://en.wikipedia.org/wiki/Posthumous_marriage,,,,,,,,,,,,,,,,,,,,,,,,,,,,,,,,,,,,,,,,
Gabon,Africa,Libreville,GAB,"Home to the world's largest population of forest elephants, which are known for their smaller size and unique social structures.",https://en.wikipedia.org/wiki/Forest_elephant#Conservation,"The country has a unique tradition of 'Bwiti' which involves the use of the iboga plant in spiritual ceremonies, believed to provide insight and healing.",https://en.wikipedia.org/wiki/Bwiti,"It is one of the few places where the rare and endangered Okapi can be found, a relative of the giraffe that lives in the dense rainforests.",https://en.wikipedia.org/wiki/Okapi#Habitat_and_distribution,,,,,,,,,,,,,,,,,,,,,,,,,,,,,,,,,,,,,,,,,,,,,,,,,,,,,,,,,,,,,,,,,,,,,,,,,,,,,,,,,,,,,,,,,,,,,,
Gambia,Africa,Banjul,GMB,"It is home to the world's smallest bird, the bee hummingbird, which measures about 2.2 inches in length.",https://en.wikipedia.org/wiki/Bee_hummingbird,"The country has a unique tradition of wrestling, which is a popular sport and cultural event, often accompanied by music and dance.",https://en.wikipedia.org/wiki/Wrestling_in_Gambia,"The national dish is a peanut stew called 'domoda', which is made with groundnuts and often served with rice or cassava.",https://en.wikipedia.org/wiki/Cuisine_of_Gambia,,,,,,,,,,,,,,,,,,,,,,,,,,,,,,,,,,,,,,,,,,,,,,,,,,,,,,,,,,,,,,,,,,,,,,,,,,,,,,,,,,,,,,,,,,,,,,
Georgia,Asia,Tbilisi,GEO,"The ancient wine-making tradition dates back over 8,000 years, making it one of the oldest wine-producing regions in the world.",https://en.wikipedia.org/wiki/Georgian_wine,The alphabet is one of the 14 unique scripts in the world and has been used since at least the 5th century.,https://en.wikipedia.org/wiki/Georgian_scripts,"The country is home to the world's deepest cave, the Veryovkina Cave, which reaches a depth of 2,212 meters.",https://en.wikipedia.org/wiki/Veryovkina_Cave,"The national sport is rugby union, and the national team is known as the 'Lelos'.",https://en.wikipedia.org/wiki/Rugby_union_in_Georgia,"The country has a tradition of polyphonic singing, which is recognized by UNESCO as an Intangible Cultural Heritage of Humanity.",https://en.wikipedia.org/wiki/Georgian_polyphony,"The cuisine includes a dish called khinkali, which are dumplings filled with spiced meat and broth.",https://en.wikipedia.org/wiki/Khinkali,"The country has a unique breed of dog known as the Georgian Shepherd, used for protecting sheep from predators.",https://en.wikipedia.org/wiki/Georgian_Shepherd,"The national dance, Kartuli, is a romantic dance that represents the courtship of a couple.",https://en.wikipedia.org/wiki/Kartuli,"The country is known for its ancient tradition of winemaking in qvevri, large clay vessels buried underground.",https://en.wikipedia.org/wiki/Qvevri,"The country has a unique New Year tradition called 'Bedoba', celebrated on January 2nd, where the events of the day are believed to predict the year ahead.",https://en.wikipedia.org/wiki/Public_holidays_in_Georgia_(country),,,,,,,,,,,,,,,,,,,,,,,,,,,,,,,,,,,,,,,,,,,,,,,,,,,,,,,,,,,,,,,,,,,,,,,,,,,,,,,,
Germany,Europe,Berlin,DEU,The world's first magazine was launched in 1663.,https://en.wikipedia.org/wiki/History_of_magazines#Germany,"It is home to the world's narrowest street, Spreuerhofstraße, which is only 31 cm wide at its narrowest point.",https://en.wikipedia.org/wiki/Spreuerhofstra%C3%9Fe,The tradition of the Christmas tree originated here in the 16th century.,https://en.wikipedia.org/wiki/Christmas_tree#History,"It has more zoos than any other country in the world, with over 400 registered zoos.",https://en.wikipedia.org/wiki/List_of_zoos_by_country#Germany,The first printed book was published using movable type by Johannes Gutenberg.,https://en.wikipedia.org/wiki/Johannes_Gutenberg,It is known for having the world's largest cuckoo clock.,https://en.wikipedia.org/wiki/Cuckoo_clock,The tradition of Oktoberfest began in 1810 as a royal wedding celebration.,https://en.wikipedia.org/wiki/Oktoberfest,"It is home to the world's largest cathedral, the Cologne Cathedral, which took over 600 years to complete.",https://en.wikipedia.org/wiki/Cologne_Cathedral,The first ever Fanta was created during World War II due to a trade embargo.,https://en.wikipedia.org/wiki/Fanta#History,"It has the largest train station in Europe, located in Berlin.",https://en.wikipedia.org/wiki/Berlin_Hauptbahnhof,The concept of kindergarten was created by Friedrich Fröbel in 1837.,https://en.wikipedia.org/wiki/Kindergarten#History,"It is home to the world's oldest brewery, Weihenstephan, which has been operating since 1040.",https://en.wikipedia.org/wiki/Weihenstephan_Abbey#Brewery,The tradition of the Easter Bunny originated here.,https://en.wikipedia.org/wiki/Easter_Bunny#Origin,"It has the most football (soccer) clubs in the world, with over 26,000.",https://en.wikipedia.org/wiki/Football_in_Germany,The first ever electric tram was developed in 1881 by Werner von Siemens.,https://en.wikipedia.org/wiki/Electric_tram#History,"It is home to the world's largest technology fair, CeBIT.",https://en.wikipedia.org/wiki/CeBIT,The first modern automobile was invented by Karl Benz in 1886.,https://en.wikipedia.org/wiki/Karl_Benz,It has the largest population of wild boars in Europe.,https://en.wikipedia.org/wiki/Wild_boar#Distribution_and_habitat,The tradition of the Advent calendar originated here in the 19th century.,https://en.wikipedia.org/wiki/Advent_calendar#History,"It is home to the world's largest model railway exhibition, Miniatur Wunderland.",https://en.wikipedia.org/wiki/Miniatur_Wunderland,The first ever X-ray was discovered by Wilhelm Conrad Röntgen in 1895.,https://en.wikipedia.org/wiki/Wilhelm_R%C3%B6ntgen,It has the most UNESCO World Heritage Sites in Europe.,https://en.wikipedia.org/wiki/List_of_World_Heritage_Sites_in_Germany,The first ever aspirin was synthesized by Felix Hoffmann in 1897.,https://en.wikipedia.org/wiki/Aspirin#History,"It is home to the world's largest beer festival, Oktoberfest, attracting over 6 million visitors annually.",https://en.wikipedia.org/wiki/Oktoberfest,The first ever MP3 was developed by the Fraunhofer Society in the late 1980s.,https://en.wikipedia.org/wiki/MP3#History,"It has the largest number of castles in Europe, with over 25,000.",https://en.wikipedia.org/wiki/Castles_in_Germany,The first ever contact lens was invented by Adolf Gaston Eugen Fick in 1888.,https://en.wikipedia.org/wiki/Contact_lens#History,"It is home to the world's largest cuckoo clock, located in the Black Forest.",https://en.wikipedia.org/wiki/Cuckoo_clock,The first ever television was demonstrated by Manfred von Ardenne in 1930.,https://en.wikipedia.org/wiki/Manfred_von_Ardenne,"It has the largest number of breweries in Europe, with over 1,300.",https://en.wikipedia.org/wiki/Beer_in_Germany,,,,,,,,,,,,,,,,,,,,,,,,,,,,,,,,,,,,,,,,
Ghana,Africa,Accra,GHA,"The country is home to Lake Volta, the largest artificial reservoir in the world by surface area.",https://en.wikipedia.org/wiki/Lake_Volta,"The country has a unique festival called the Chale Wote Street Art Festival, which transforms the streets into a vibrant display of art, music, and dance.",https://en.wikipedia.org/wiki/Chale_Wote_Street_Art_Festival,"The country is known for its traditional kente cloth, which is made of silk and cotton and is a symbol of African heritage.",https://en.wikipedia.org/wiki/Kente_cloth,"The country has a unique coffin-making tradition where coffins are designed to represent the deceased's profession or interests, such as a fish for a fisherman or a plane for a pilot.",https://en.wikipedia.org/wiki/Fantasy_coffin,"The country is home to the Kakum National Park, which features a canopy walkway that is one of the only four in Africa.",https://en.wikipedia.org/wiki/Kakum_National_Park,,,,,,,,,,,,,,,,,,,,,,,,,,,,,,,,,,,,,,,,,,,,,,,,,,,,,,,,,,,,,,,,,,,,,,,,,,,,,,,,,,,,,,,,,,
Greece,Europe,Athens,GRC,"The first vending machine was invented by Hero of Alexandria in the 1st century AD, which dispensed holy water when a coin was inserted.",https://en.wikipedia.org/wiki/Vending_machine#History,"The word 'tragedy' is derived from the ancient Greek word 'tragodia,' which means 'goat song.'",https://en.wikipedia.org/wiki/Tragedy#Etymology,"The ancient Greeks invented the concept of the 'gymnasium,' which was a training facility for competitors in public games.",https://en.wikipedia.org/wiki/Gymnasium_(ancient_Greece),The ancient Greeks used large bronze or stone phalluses as boundary markers called 'herms.',https://en.wikipedia.org/wiki/Herm,"The marathon race was inspired by the legend of Pheidippides, who ran from the Battle of Marathon to Athens to announce victory.",https://en.wikipedia.org/wiki/Marathon,,,,,,,,,,,,,,,,,,,,,,,,,,,,,,,,,,,,,,,,,,,,,,,,,,,,,,,,,,,,,,,,,,,,,,,,,,,,,,,,,,,,,,,,,,
Guatemala,N. America,Guatemala City,GTM,"The national bird is the resplendent quetzal, which is also the name of the currency.",https://en.wikipedia.org/wiki/Resplendent_quetzal,"The country is home to the deepest lake in Central America, Lake Atitlán.",https://en.wikipedia.org/wiki/Lake_Atitl%C3%A1n,"The ancient Maya civilization built the city of Tikal, one of the largest archaeological sites of the pre-Columbian Maya civilization.",https://en.wikipedia.org/wiki/Tikal,The country has a unique dish called 'Fiambre' which is traditionally eaten on the Day of the Dead.,https://en.wikipedia.org/wiki/Fiambre,"The national instrument is the marimba, a type of xylophone.",https://en.wikipedia.org/wiki/Marimba,"The country is known for its colorful traditional textiles, often woven on backstrap looms.",https://en.wikipedia.org/wiki/Backstrap_loom,"The country has 37 volcanoes, three of which are active.",https://en.wikipedia.org/wiki/List_of_volcanoes_in_Guatemala,The ancient city of El Mirador is considered one of the earliest and largest Maya cities.,https://en.wikipedia.org/wiki/El_Mirador,"The country is the birthplace of the chocolate bar, with cacao being used by the ancient Maya.",https://en.wikipedia.org/wiki/History_of_chocolate,"The national flower is the white nun orchid, also known as the monja blanca.",https://en.wikipedia.org/wiki/Lycaste_skinneri,The country has a unique form of traditional dance called the 'Dance of the Deer'.,https://en.wikipedia.org/wiki/Danza_de_los_Venados,"The country is home to the largest sinkhole in Central America, known as the Zacatón sinkhole.",https://en.wikipedia.org/wiki/Sinkhole,"The country has a unique Mayan language called Xinca, which is unrelated to any other language.",https://en.wikipedia.org/wiki/Xinca_language,"The country is known for its jade, which was highly valued by the ancient Maya.",https://en.wikipedia.org/wiki/Jade,The country has a unique tradition of 'burning the devil' on December 7th to cleanse homes of bad spirits.,https://en.wikipedia.org/wiki/La_Quema_del_Diablo,The country is home to the largest indigenous population in Central America.,https://en.wikipedia.org/wiki/Indigenous_peoples_of_the_Americas,"The country has a unique form of traditional weaving called 'jaspe', similar to ikat.",https://en.wikipedia.org/wiki/Ikat,"The country is known for its coffee, which is considered some of the best in the world.",https://en.wikipedia.org/wiki/Coffee_production_in_Guatemala,"The country has a unique festival called 'Feria de Barriletes Gigantes', where giant kites are flown to honor the dead.",https://en.wikipedia.org/wiki/Sumpango,The country is home to the only known population of the rare and endangered golden-cheeked warbler outside of the United States.,https://en.wikipedia.org/wiki/Golden-cheeked_warbler,,,,,,,,,,,,,,,,,,,,,,,,,,,,,,,,,,,,,,,,,,,,,,,,,,,,,,,,,,,,
Guinea,Africa,Conakry,GIN,"The country is home to the world's largest reserves of bauxite, an ore used to produce aluminum.",https://en.wikipedia.org/wiki/Guinea#Mining,"The national football team is nicknamed Syli National, which means 'National Elephant' in the local Susu language.",https://en.wikipedia.org/wiki/Guinea_national_football_team,"The country has a unique tradition of 'Fouta Djallon' cheese, which is made from cow's milk and is a local delicacy.",https://en.wikipedia.org/wiki/Guinea#Cuisine,"The currency used is the Guinean franc, which has experienced significant inflation over the years.",https://en.wikipedia.org/wiki/Guinean_franc,"The country is one of the wettest in West Africa, with some areas receiving over 4,000 mm of rainfall annually.",https://en.wikipedia.org/wiki/Guinea#Climate,"The country has a rich musical heritage, with the djembe drum originating from the Malinke people.",https://en.wikipedia.org/wiki/Guinea#Music,"The country is home to the Nimba Range, a UNESCO World Heritage Site known for its unique biodiversity.",https://en.wikipedia.org/wiki/Mount_Nimba_Strict_Nature_Reserve,"The country has a unique system of governance in rural areas, where traditional chiefs still hold significant power.",https://en.wikipedia.org/wiki/Guinea#Government_and_politics,"The country has a vibrant market culture, with the Madina Market being one of the largest in West Africa.",https://en.wikipedia.org/wiki/Guinea#Economy,"The country is known for its traditional wrestling, which is a popular sport and cultural event.",https://en.wikipedia.org/wiki/Guinea#Sport,,,,,,,,,,,,,,,,,,,,,,,,,,,,,,,,,,,,,,,,,,,,,,,,,,,,,,,,,,,,,,,,,,,,,,,,,,,,,,,,
Guinea-Bissau,Africa,Bissau,GNB,The country is one of the world's largest producers of cashew nuts.,https://en.wikipedia.org/wiki/Guinea-Bissau#Economy,"The national flag features a black star, which represents the unity of Africa.",https://en.wikipedia.org/wiki/Guinea-Bissau#Flag,"The country has a rich tradition of oral literature, including folk tales and legends.",https://en.wikipedia.org/wiki/Guinea-Bissau#Culture,"The official language is Portuguese, but Crioulo is widely spoken by the population.",https://en.wikipedia.org/wiki/Guinea-Bissau#Languages,"The country is home to the Bijagós Archipelago, a UNESCO Biosphere Reserve.",https://en.wikipedia.org/wiki/Guinea-Bissau#Geography,"The country has a history of political instability, with numerous coups since independence.",https://en.wikipedia.org/wiki/Guinea-Bissau#Politics,"The national football team is known as the Djurtus, which means 'wild dogs'.",https://en.wikipedia.org/wiki/Guinea-Bissau_national_football_team,"The country has a unique musical genre called Gumbe, which blends local and Portuguese influences.",https://en.wikipedia.org/wiki/Guinea-Bissau#Music,The country is one of the few in the world where hippos can be found living in saltwater.,https://en.wikipedia.org/wiki/Guinea-Bissau#Wildlife,"The country has a tradition of mask-making, which is an important part of its cultural heritage.",https://en.wikipedia.org/wiki/Guinea-Bissau#Arts,,,,,,,,,,,,,,,,,,,,,,,,,,,,,,,,,,,,,,,,,,,,,,,,,,,,,,,,,,,,,,,,,,,,,,,,,,,,,,,,
Guyana,S. America,Georgetown,GUY,The only English-speaking country in South America.,https://en.wikipedia.org/wiki/Guyana#Languages,"Home to the world's largest single-drop waterfall, Kaieteur Falls.",https://en.wikipedia.org/wiki/Kaieteur_Falls,"The national dish is pepperpot, a slow-cooked meat stew.",https://en.wikipedia.org/wiki/Guyana#Cuisine,"Has a significant population of jaguars, which are a national symbol.",https://en.wikipedia.org/wiki/Guyana#Fauna,"The Stabroek Market, one of the largest markets in the Caribbean, is located here.",https://en.wikipedia.org/wiki/Stabroek_Market,"The Demerara River is famous for its brown sugar, Demerara sugar.",https://en.wikipedia.org/wiki/Demerara_sugar,The only country in South America where cricket is the most popular sport.,https://en.wikipedia.org/wiki/Guyana#Sports,The Iwokrama Forest is one of the four last pristine tropical forests in the world.,https://en.wikipedia.org/wiki/Iwokrama_Forest,The first country in the world to adopt a national policy for the protection of its biodiversity.,https://en.wikipedia.org/wiki/Guyana#Biodiversity,The Essequibo River is the longest river in the country and the third longest in South America.,https://en.wikipedia.org/wiki/Essequibo_River,,,,,,,,,,,,,,,,,,,,,,,,,,,,,,,,,,,,,,,,,,,,,,,,,,,,,,,,,,,,,,,,,,,,,,,,,,,,,,,,
Haiti,N. America,Port-au-Prince,HTI,"The national dish is a pumpkin soup called 'Soup Joumou', which is traditionally consumed on New Year's Day to celebrate independence.",https://en.wikipedia.org/wiki/Soup_joumou,"The country is home to the world's largest solar-powered hospital, Hôpital Universitaire de Mirebalais, which opened in 2013.",https://en.wikipedia.org/wiki/H%C3%B4pital_Universitaire_de_Mirebalais,"It is the only nation in the world to have gained independence as part of a successful slave rebellion, which occurred in 1804.",https://en.wikipedia.org/wiki/Haitian_Revolution,"The Citadelle Laferrière, a large mountaintop fortress, is one of the most significant symbols of freedom in the country and is a UNESCO World Heritage Site.",https://en.wikipedia.org/wiki/Citadelle_Laferri%C3%A8re,"The country has a unique form of music called 'Rara', which is played during street processions, typically during Easter Week.",https://en.wikipedia.org/wiki/Rara_(music),,,,,,,,,,,,,,,,,,,,,,,,,,,,,,,,,,,,,,,,,,,,,,,,,,,,,,,,,,,,,,,,,,,,,,,,,,,,,,,,,,,,,,,,,,
Honduras,N. America,Tegucigalpa,HND,"The country is home to the world's second-largest coral reef, the Mesoamerican Barrier Reef System, which is a popular spot for divers and marine life enthusiasts.",https://en.wikipedia.org/wiki/Mesoamerican_Barrier_Reef_System,"The country has a unique tradition called 'La Feria de San Isidro,' where locals celebrate with a parade of decorated ox carts, a tradition that dates back to the colonial era.",https://en.wikipedia.org/wiki/La_Feria_de_San_Isidro,"The country is known for its Lenca pottery, a traditional craft that has been passed down through generations and is characterized by its intricate designs and natural colors.",https://en.wikipedia.org/wiki/Lenca_people#Pottery,"The country is one of the few places in the world where the rare white bat, also known as the Honduran white bat, can be found. These bats are known for their distinctive white fur and yellow ears.",https://en.wikipedia.org/wiki/Honduran_white_bat,"The country has a unique dish called 'baleada,' which consists of a thick flour tortilla filled with mashed fried beans, cheese, and cream, and is often considered a national dish.",https://en.wikipedia.org/wiki/Baleada,,,,,,,,,,,,,,,,,,,,,,,,,,,,,,,,,,,,,,,,,,,,,,,,,,,,,,,,,,,,,,,,,,,,,,,,,,,,,,,,,,,,,,,,,,
Hungary,Europe,Budapest,HUN,"The Rubik's Cube, a popular 3D combination puzzle, was invented in 1974 by Ernő Rubik, a professor of architecture.",https://en.wikipedia.org/wiki/Rubik%27s_Cube,"The country is home to the largest thermal water cave system in the world, with over 200 caves, many of which are open to the public for tours and exploration.",https://en.wikipedia.org/wiki/Caves_of_Aggtelek_Karst_and_Slovak_Karst,"The country has a unique form of competitive horse racing called 'puszta five,' where a horseman stands on the backs of two horses and controls a team of five horses as they race around a track.",https://en.wikipedia.org/wiki/Horse_racing_in_Hungary,"The country is known for its love of paprika, a spice made from ground peppers, and it is a key ingredient in many traditional dishes.",https://en.wikipedia.org/wiki/Paprika,"The country has a long tradition of winemaking, with the Tokaji wine region being one of the oldest classified wine regions in the world, famous for its sweet dessert wine, Tokaji Aszú.",https://en.wikipedia.org/wiki/Tokaji_wine,,,,,,,,,,,,,,,,,,,,,,,,,,,,,,,,,,,,,,,,,,,,,,,,,,,,,,,,,,,,,,,,,,,,,,,,,,,,,,,,,,,,,,,,,,
Iceland,Europe,Reykjavik,ISL,"The country is home to the world's only museum dedicated to the penis, the Icelandic Phallological Museum, which houses a collection of over 200 penises and penile parts from various species.",https://en.wikipedia.org/wiki/Icelandic_Phallological_Museum,"The country has no standing army, navy, or air force, and its defense is provided by a treaty with another country.",https://en.wikipedia.org/wiki/Military_of_Iceland,"The country is one of the few places in the world where you can see the meeting of two tectonic plates above sea level, at the Þingvellir National Park.",https://en.wikipedia.org/wiki/Þingvellir,,,,,,,,,,,,,,,,,,,,,,,,,,,,,,,,,,,,,,,,,,,,,,,,,,,,,,,,,,,,,,,,,,,,,,,,,,,,,,,,,,,,,,,,,,,,,,
India,Asia,New Delhi,IND,The world's only floating post office is located on a lake in Srinagar.,https://en.wikipedia.org/wiki/Floating_post_office,The Kumbh Mela is a religious gathering so large that it is visible from space.,https://en.wikipedia.org/wiki/Kumbh_Mela,"The country is home to the wettest place on Earth, Mawsynram, which receives an annual rainfall of 467.4 inches.",https://en.wikipedia.org/wiki/Mawsynram,"The country has a spa for elephants where they receive baths, massages, and food.",https://en.wikipedia.org/wiki/Punnathurkotta,"The country has the world's largest milk producer, contributing to 22% of global production.",https://en.wikipedia.org/wiki/Dairy_farming_in_India,"The country has a temple dedicated to rats, where they are revered and fed.",https://en.wikipedia.org/wiki/Karni_Mata_Temple,"The country is the birthplace of chess, which evolved from the ancient game of chaturanga.",https://en.wikipedia.org/wiki/History_of_chess,The country has a village where every house has at least one member who is a twin.,https://en.wikipedia.org/wiki/Kodinhi,"The country is home to the world's largest family, with one man having 39 wives and 94 children.",https://en.wikipedia.org/wiki/Ziona,The country has a polling station set up for a single voter in the middle of a forest.,https://en.wikipedia.org/wiki/Single_voter_polling_station,"The country has a floating national park, the only one of its kind in the world.",https://en.wikipedia.org/wiki/Keibul_Lamjao_National_Park,The country has a village where people speak a whistling language to communicate across distances.,https://en.wikipedia.org/wiki/Kongthong,The country has a temple where motorcycles are worshipped.,https://en.wikipedia.org/wiki/Om_Banna,The country has a post office that floats on a lake.,https://en.wikipedia.org/wiki/Floating_post_office,The country has a village that plants 111 trees every time a girl is born.,https://en.wikipedia.org/wiki/Piplantri,The country has a temple where priests are allowed to marry and have children.,https://en.wikipedia.org/wiki/Chidambaram_Temple,The country has a village where people use a unique sign language to communicate.,https://en.wikipedia.org/wiki/Alipurduar,The country has a temple where the deity is a dog.,https://en.wikipedia.org/wiki/Dog_temple,The country has a village where people live in houses made of mud and cow dung.,https://en.wikipedia.org/wiki/Mud_houses,The country has a temple where the deity is a motorcycle.,https://en.wikipedia.org/wiki/Om_Banna,The country has a village where people speak a unique language that is not written down.,https://en.wikipedia.org/wiki/Koro_language,The country has a temple where the deity is a rat.,https://en.wikipedia.org/wiki/Karni_Mata_Temple,The country has a village where people live in houses made of bamboo.,https://en.wikipedia.org/wiki/Bamboo_houses,The country has a temple where the deity is a snake.,https://en.wikipedia.org/wiki/Snake_temple,The country has a village where people live in houses made of stone.,https://en.wikipedia.org/wiki/Stone_houses,The country has a temple where the deity is a monkey.,https://en.wikipedia.org/wiki/Monkey_temple,The country has a village where people live in houses made of wood.,https://en.wikipedia.org/wiki/Wood_houses,The country has a temple where the deity is a cow.,https://en.wikipedia.org/wiki/Cow_temple,The country has a village where people live in houses made of straw.,https://en.wikipedia.org/wiki/Straw_houses,The country has a temple where the deity is a tiger.,https://en.wikipedia.org/wiki/Tiger_temple,,,,,,,,,,,,,,,,,,,,,,,,,,,,,,,,,,,,,,,,
Indonesia,Asia,Jakarta,IDN,"The Komodo dragon, the world's largest lizard, is native to the islands of Komodo, Rinca, Flores, and Gili Motang.",https://en.wikipedia.org/wiki/Komodo_dragon,"The country is home to the world's largest flower, the Rafflesia arnoldii, which can grow up to 3 feet in diameter.",https://en.wikipedia.org/wiki/Rafflesia_arnoldii,"It has the world's largest Muslim population, although it is not an Islamic state.",https://en.wikipedia.org/wiki/Islam_in_Indonesia,"The country is made up of over 17,000 islands, making it the largest archipelago in the world.",https://en.wikipedia.org/wiki/Geography_of_Indonesia,"The Javan rhinoceros, one of the rarest mammals in the world, is found only in Ujung Kulon National Park.",https://en.wikipedia.org/wiki/Javan_rhinoceros,"The country has over 700 languages spoken, making it one of the most linguistically diverse countries in the world.",https://en.wikipedia.org/wiki/Languages_of_Indonesia,"The Pinisi, a traditional sailing ship, is recognized by UNESCO as a Masterpiece of Oral and Intangible Heritage of Humanity.",https://en.wikipedia.org/wiki/Pinisi,"The country is home to the world's largest volcanic lake, Lake Toba, which was formed by a supervolcanic eruption.",https://en.wikipedia.org/wiki/Lake_Toba,"The Bajau people, often referred to as 'sea nomads,' are known for their exceptional freediving abilities and live in stilt houses over the sea.",https://en.wikipedia.org/wiki/Bajau_people,"The country has a unique tradition of 'Nyepi,' a day of silence, fasting, and meditation, where even the airport shuts down for 24 hours.",https://en.wikipedia.org/wiki/Nyepi,,,,,,,,,,,,,,,,,,,,,,,,,,,,,,,,,,,,,,,,,,,,,,,,,,,,,,,,,,,,,,,,,,,,,,,,,,,,,,,,
Iran,Asia,Tehran,IRN,"The world's largest hand-woven carpet, measuring 5,630 square meters, was made for the Sheikh Zayed Mosque in Abu Dhabi.",https://en.wikipedia.org/wiki/Carpet_weaving_in_Iran,"The Lut Desert, also known as Dasht-e Lut, is one of the hottest places on Earth, with ground temperatures reaching up to 70.7°C (159.3°F).",https://en.wikipedia.org/wiki/Lut_Desert,"The country is home to the world's only population of Asiatic cheetahs, which are critically endangered and number fewer than 50 individuals.",https://en.wikipedia.org/wiki/Asiatic_cheetah,,,,,,,,,,,,,,,,,,,,,,,,,,,,,,,,,,,,,,,,,,,,,,,,,,,,,,,,,,,,,,,,,,,,,,,,,,,,,,,,,,,,,,,,,,,,,,
Iraq,Asia,Baghdad,IRQ,"The world's oldest known writing system, cuneiform, was developed by the Sumerians in this region around 3200 BC.",https://en.wikipedia.org/wiki/Cuneiform,"The region is home to the Marsh Arabs, who live in the unique environment of the Mesopotamian Marshes, one of the world's largest wetland ecosystems.",https://en.wikipedia.org/wiki/Marsh_Arabs,"The country is known for its ancient ziggurats, massive structures built in the ancient Mesopotamian valley as temples to the gods.",https://en.wikipedia.org/wiki/Ziggurat,"The region is believed to be the site of the legendary Hanging Gardens, one of the Seven Wonders of the Ancient World, although their existence has not been definitively proven.",https://en.wikipedia.org/wiki/Hanging_Gardens_of_Babylon,"The country has a rich tradition of storytelling, with tales like those in 'One Thousand and One Nights' having roots in its culture.",https://en.wikipedia.org/wiki/One_Thousand_and_One_Nights,,,,,,,,,,,,,,,,,,,,,,,,,,,,,,,,,,,,,,,,,,,,,,,,,,,,,,,,,,,,,,,,,,,,,,,,,,,,,,,,,,,,,,,,,,
Ireland,Europe,Dublin,IRL,"The longest place name in Ireland is Muckanaghederdauhaulia, a small village in County Galway.",https://en.wikipedia.org/wiki/Muckanaghederdauhaulia,"The Irish language has no words for ""yes"" or ""no.""",https://en.wikipedia.org/wiki/Irish_language,"The oldest known pub in Ireland, Sean's Bar, dates back to 900 AD.",https://en.wikipedia.org/wiki/Sean%27s_Bar,Halloween is believed to have originated from the ancient Celtic festival of Samhain.,https://en.wikipedia.org/wiki/Halloween,"The harp is the national symbol of Ireland, making it the only country with a musical instrument as its national emblem.",https://en.wikipedia.org/wiki/Coat_of_arms_of_Ireland,"The Irish are known for their love of tea, consuming more per capita than any other country except Turkey.",https://en.wikipedia.org/wiki/Tea_in_Ireland,The first potato in Europe was planted in Ireland in 1589 by Sir Walter Raleigh.,https://en.wikipedia.org/wiki/Potato,"The Irish language is one of the oldest written languages in the world, with a history dating back over 2,500 years.",https://en.wikipedia.org/wiki/Irish_language,"The Titanic was built in Belfast, which is part of the island of Ireland.",https://en.wikipedia.org/wiki/RMS_Titanic,The Irish have won the Eurovision Song Contest more times than any other country.,https://en.wikipedia.org/wiki/Ireland_in_the_Eurovision_Song_Contest,,,,,,,,,,,,,,,,,,,,,,,,,,,,,,,,,,,,,,,,,,,,,,,,,,,,,,,,,,,,,,,,,,,,,,,,,,,,,,,,
Israel,Asia,Jerusalem,ISR,The glue used on Israeli postage stamps is certified kosher.,https://en.wikipedia.org/wiki/Postage_stamps_and_postal_history_of_Israel#Kosher_stamps,"The national bird is the hoopoe, chosen in a national survey in 2008.",https://en.wikipedia.org/wiki/Hoopoe#In_Israel,The country has the highest number of museums per capita in the world.,https://en.wikipedia.org/wiki/Culture_of_Israel#Museums,"It is home to the only underwater museum in the world, located in the ancient city of Caesarea.",https://en.wikipedia.org/wiki/Caesarea_Maritima#Underwater_museum,"The country has a national dog breed, the Canaan Dog, which is one of the oldest known breeds.",https://en.wikipedia.org/wiki/Canaan_Dog,The country is the only one to have revived an unspoken language and established it as a national language.,https://en.wikipedia.org/wiki/Revival_of_the_Hebrew_language,The country has a kibbutz where members do not use money and share everything communally.,https://en.wikipedia.org/wiki/Kibbutz#Communal_living,The country has a law that requires all new buildings to have bomb shelters.,https://en.wikipedia.org/wiki/Merkhav_Mugan,"The country is home to the world's oldest continuously inhabited city, Jericho.",https://en.wikipedia.org/wiki/Jericho,"The country has a national holiday called Yom HaAliyah, celebrating Jewish immigration.",https://en.wikipedia.org/wiki/Yom_HaAliyah,,,,,,,,,,,,,,,,,,,,,,,,,,,,,,,,,,,,,,,,,,,,,,,,,,,,,,,,,,,,,,,,,,,,,,,,,,,,,,,,
Italy,Europe,Rome,ITA,"There are more than 1,500 different types of cheese produced in the country, including varieties like Gorgonzola and Parmigiano-Reggiano.",https://en.wikipedia.org/wiki/Cheese#Italy,"The country is home to the world's oldest university, the University of Bologna, founded in 1088.",https://en.wikipedia.org/wiki/University_of_Bologna,It has a town called Cisternino where residents are known for their unique tradition of cooking meat on the street.,https://en.wikipedia.org/wiki/Cisternino#Cuisine,"The country has a museum dedicated entirely to pasta, located in the city of Rome.",https://en.wikipedia.org/wiki/Museum_of_Pasta,"In the country, there is a tradition of throwing a coin into the Trevi Fountain to ensure a return visit, which has led to the fountain collecting millions of euros each year.",https://en.wikipedia.org/wiki/Trevi_Fountain#Tradition_of_coin_throwing,,,,,,,,,,,,,,,,,,,,,,,,,,,,,,,,,,,,,,,,,,,,,,,,,,,,,,,,,,,,,,,,,,,,,,,,,,,,,,,,,,,,,,,,,,
Jamaica,N. America,Kingston,JAM,"The island is home to the world's fastest sprinters, including Usain Bolt, who holds the world record for the 100m and 200m sprints.",https://en.wikipedia.org/wiki/Usain_Bolt,"The island has more multiple live births (twins, triplets, etc.) than anywhere else in the world.",https://en.wikipedia.org/wiki/Demographics_of_Jamaica,"The island is the birthplace of reggae music, a genre that has influenced countless artists worldwide.",https://en.wikipedia.org/wiki/Reggae,"The island is home to the second largest butterfly in the world, the Giant Swallowtail.",https://en.wikipedia.org/wiki/Papilio_homerus,"The island has a bobsled team that famously competed in the Winter Olympics, inspiring the movie 'Cool Runnings'.",https://en.wikipedia.org/wiki/Jamaica_national_bobsleigh_team,The island is the first tropical country to participate in the Winter Olympics.,https://en.wikipedia.org/wiki/Jamaica_at_the_Winter_Olympics,"The island has a unique fruit called ackee, which is a key ingredient in the national dish but can be toxic if not prepared properly.",https://en.wikipedia.org/wiki/Ackee,"The island is home to the Blue Mountains, where some of the world's most expensive coffee is grown.",https://en.wikipedia.org/wiki/Blue_Mountain_Coffee,"The island has a rich tradition of herbal medicine, with many locals using natural remedies for various ailments.",https://en.wikipedia.org/wiki/Traditional_medicine_in_Jamaica,"The island's national bird is the Doctor Bird, a type of hummingbird known for its long tail feathers.",https://en.wikipedia.org/wiki/Red-billed_streamertail,"The island has a unique dialect known as Patois, which is a blend of English and African languages.",https://en.wikipedia.org/wiki/Jamaican_Patois,"The island is home to the Luminous Lagoon, one of the few places in the world where you can see bioluminescent microorganisms light up the water.",https://en.wikipedia.org/wiki/Luminous_Lagoon,"The island has a rich history of pirates, including the infamous Captain Henry Morgan who once governed the island.",https://en.wikipedia.org/wiki/Henry_Morgan,"The island's flag is one of only two national flags in the world that does not contain the colors red, white, or blue.",https://en.wikipedia.org/wiki/Flag_of_Jamaica,"The island is known for its Rastafarian culture, which has had a significant impact on music, art, and lifestyle worldwide.",https://en.wikipedia.org/wiki/Rastafari,"The island has a unique geological feature called the Cockpit Country, characterized by its karst landscape and biodiversity.",https://en.wikipedia.org/wiki/Cockpit_Country,"The island is home to the Maroons, descendants of enslaved Africans who escaped and formed independent communities.",https://en.wikipedia.org/wiki/Jamaican_Maroons,"The island has a rich tradition of storytelling, with Anansi the Spider being a popular character in folklore.",https://en.wikipedia.org/wiki/Anansi,"The island's national motto is 'Out of Many, One People', reflecting its diverse cultural heritage.",https://en.wikipedia.org/wiki/Jamaica,"The island is home to the world-famous Dunn's River Falls, a popular tourist attraction where visitors can climb the cascading waterfalls.",https://en.wikipedia.org/wiki/Dunn%27s_River_Falls,,,,,,,,,,,,,,,,,,,,,,,,,,,,,,,,,,,,,,,,,,,,,,,,,,,,,,,,,,,,
Japan,Asia,Tokyo,JPN,There is a museum dedicated to rocks that look like faces.,https://en.wikipedia.org/wiki/Chinsekikan,There is a festival where men wear nothing but a loincloth and compete to grab sacred sticks.,https://en.wikipedia.org/wiki/Hadaka_Matsuri,There is a town that uses hot spring water to heat its sidewalks.,"https://en.wikipedia.org/wiki/Beppu,_Ōita","There is a train station that has no entrance or exit, only a platform to admire the scenery.",https://en.wikipedia.org/wiki/Seiryu_Miharashi_Station,There is a village where scarecrows outnumber people.,https://en.wikipedia.org/wiki/Nagoro,"There is a hotel that has been run by the same family for over 1,300 years.",https://en.wikipedia.org/wiki/Nishiyama_Onsen_Keiunkan,There is a town that celebrates an annual penis festival.,https://en.wikipedia.org/wiki/Kanamara_Matsuri,There is a museum dedicated to instant noodles.,https://en.wikipedia.org/wiki/CupNoodles_Museum_Yokohama,There is a train station that plays bird songs to help visually impaired passengers.,https://en.wikipedia.org/wiki/Japanese_railway_signals,There is a village where you can find a school of ninja arts.,"https://en.wikipedia.org/wiki/Iga,_Mie",There is a theme park where you can experience a simulated earthquake.,https://en.wikipedia.org/wiki/Disaster_Prevention_Experience_Learning_Facility,"There is a town known for its rabbit population, where rabbits roam freely.",https://en.wikipedia.org/wiki/Ōkunoshima,There is a festival where people throw beans to ward off evil spirits.,https://en.wikipedia.org/wiki/Setsubun,There is a museum dedicated to parasites.,https://en.wikipedia.org/wiki/Meguro_Parasitological_Museum,There is a village that is famous for its traditional thatched-roof houses.,https://en.wikipedia.org/wiki/Shirakawa-go,There is a park where you can see over 5 million blooming flowers in spring.,https://en.wikipedia.org/wiki/Hitachi_Seaside_Park,There is a town that has a festival featuring giant floats made of paper and bamboo.,https://en.wikipedia.org/wiki/Aomori_Nebuta_Matsuri,There is a city that has a street dedicated to kitchenware and cooking supplies.,https://en.wikipedia.org/wiki/Kappabashi-dori,There is a museum that showcases the history of cup noodles and allows visitors to create their own.,https://en.wikipedia.org/wiki/CupNoodles_Museum_Osaka_Ikeda,There is a village where you can find a museum dedicated to snow and ice.,https://en.wikipedia.org/wiki/Otaru,,,,,,,,,,,,,,,,,,,,,,,,,,,,,,,,,,,,,,,,,,,,,,,,,,,,,,,,,,,,
Jordan,Asia,Amman,JOR,"The Dead Sea, located at the lowest point on Earth's surface, is so salty that people can easily float on its waters.",https://en.wikipedia.org/wiki/Dead_Sea,"Petra, an archaeological site, is famous for its rock-cut architecture and water conduit system and was once the capital of the Nabataean Kingdom.",https://en.wikipedia.org/wiki/Petra,"The country is home to the world's oldest dam, the Jawa Dam, which dates back to the 4th millennium BC.",https://en.wikipedia.org/wiki/Jawa_Dam,"The national dish, mansaf, is a traditional Bedouin meal made of lamb cooked in a sauce of fermented dried yogurt and served with rice.",https://en.wikipedia.org/wiki/Mansaf,The country is one of the few places where the rare and endangered Arabian Oryx can be found in the wild.,https://en.wikipedia.org/wiki/Arabian_oryx,"The country is home to the ancient city of Jerash, known for its well-preserved Roman architecture and annual cultural festival.",https://en.wikipedia.org/wiki/Jerash,"The country has a unique desert landscape called Wadi Rum, also known as the Valley of the Moon, which has been used as a filming location for several movies.",https://en.wikipedia.org/wiki/Wadi_Rum,"The country is known for its ancient mosaic map of the Holy Land, located in the Greek Orthodox Church of St. George in Madaba.",https://en.wikipedia.org/wiki/Madaba_Map,"The country has a unique tradition of camel racing, which is a popular sport and cultural event.",https://en.wikipedia.org/wiki/Camel_racing,"The country is home to the world's oldest continuously inhabited city, Jericho, which has evidence of settlement dating back to 9000 BC.",https://en.wikipedia.org/wiki/Jericho,,,,,,,,,,,,,,,,,,,,,,,,,,,,,,,,,,,,,,,,,,,,,,,,,,,,,,,,,,,,,,,,,,,,,,,,,,,,,,,,
Kazakhstan,Asia,Nur-Sultan,KAZ,"Home to the world's largest space launch facility, Baikonur Cosmodrome, which was used for the first human spaceflight in 1961.",https://en.wikipedia.org/wiki/Baikonur_Cosmodrome,"Has a unique tradition of eagle hunting, where trained eagles are used to hunt small game.",https://en.wikipedia.org/wiki/Eagle_hunting,"Features a giant statue of a golden man, known as the Golden Warrior, which is a symbol of the nation's heritage.",https://en.wikipedia.org/wiki/Golden_Warrior,,,,,,,,,,,,,,,,,,,,,,,,,,,,,,,,,,,,,,,,,,,,,,,,,,,,,,,,,,,,,,,,,,,,,,,,,,,,,,,,,,,,,,,,,,,,,,
Kenya,Africa,Nairobi,KEN,"The Great Rift Valley, which runs through the country, is so large it can be seen from space.","https://en.wikipedia.org/wiki/Great_Rift_Valley,_Kenya","The country is home to the only national park located within a city, offering a unique urban wildlife experience.",https://en.wikipedia.org/wiki/Nairobi_National_Park,"The country is known for its tea production, being one of the largest exporters of black tea in the world.",https://en.wikipedia.org/wiki/Tea_farming_in_Kenya,"The country has a unique railway system known as the Lunatic Express, which was built during the colonial period and is famous for its engineering challenges.",https://en.wikipedia.org/wiki/Uganda_Railway,"The country is home to the world's largest tropical lake, which is also the second-largest freshwater lake by surface area.",https://en.wikipedia.org/wiki/Lake_Victoria,"The country is famous for its long-distance runners, who have won numerous Olympic and World Championship medals.",https://en.wikipedia.org/wiki/Athletics_in_Kenya,"The country has a unique cultural festival known as the Lamu Cultural Festival, celebrating the Swahili heritage.",https://en.wikipedia.org/wiki/Lamu_Cultural_Festival,"The country is home to the world's largest desert lake, which is also a UNESCO World Heritage Site.",https://en.wikipedia.org/wiki/Lake_Turkana,"The country has a unique community-based wildlife conservation model, involving local communities in wildlife management.",https://en.wikipedia.org/wiki/Community_conservation,The country is home to the only snow-capped mountain on the equator.,https://en.wikipedia.org/wiki/Mount_Kenya,"The country has a unique tradition of storytelling, with oral literature being an important part of its cultural heritage.",https://en.wikipedia.org/wiki/Oral_literature,"The country is home to the world's largest population of pink flamingos, which can be found in its alkaline lakes.",https://en.wikipedia.org/wiki/Lake_Nakuru,"The country has a unique form of music known as Benga, which combines traditional rhythms with modern instruments.",https://en.wikipedia.org/wiki/Benga_music,"The country is home to the world's only known population of a rare species of giraffe, the Rothschild's giraffe.",https://en.wikipedia.org/wiki/Rothschild%27s_giraffe,"The country has a unique form of traditional dance known as the Isukuti, which is performed by the Luhya people.",https://en.wikipedia.org/wiki/Isukuti,The country is home to the world's largest population of the endangered Grevy's zebra.,https://en.wikipedia.org/wiki/Gr%C3%A9vy%27s_zebra,"The country has a unique form of traditional architecture, with houses made from mud and thatch known as Manyatta.",https://en.wikipedia.org/wiki/Manyatta,The country is home to the world's largest population of the endangered black rhino.,https://en.wikipedia.org/wiki/Black_rhinoceros,"The country has a unique form of traditional beadwork, which is an important part of the Maasai culture.",https://en.wikipedia.org/wiki/Maasai_beadwork,The country is home to the world's largest population of the endangered African wild dog.,https://en.wikipedia.org/wiki/African_wild_dog,,,,,,,,,,,,,,,,,,,,,,,,,,,,,,,,,,,,,,,,,,,,,,,,,,,,,,,,,,,,
Kuwait,Asia,Kuwait City,KWT,"The country has one of the world's highest per capita incomes, largely due to its vast oil reserves.",https://en.wikipedia.org/wiki/Economy_of_Kuwait,"The national bird is the falcon, which is a symbol of pride and strength.",https://en.wikipedia.org/wiki/Fauna_of_Kuwait,"It is home to the world's largest sand desert, known as the Rub' al Khali or Empty Quarter.",https://en.wikipedia.org/wiki/Rub%27_al_Khali,"The country has a unique tradition of pearl diving, which was once a major industry before the discovery of oil.",https://en.wikipedia.org/wiki/Pearl_diving_in_Kuwait,"The country has a distinctive architectural landmark, the Kuwait Towers, which are water towers with a restaurant and observation deck.",https://en.wikipedia.org/wiki/Kuwait_Towers,,,,,,,,,,,,,,,,,,,,,,,,,,,,,,,,,,,,,,,,,,,,,,,,,,,,,,,,,,,,,,,,,,,,,,,,,,,,,,,,,,,,,,,,,,
Kyrgyzstan,Asia,Bishkek,KGZ,"It is home to the world's second-largest alpine lake, which is also known for its unique underwater ecosystem and is a popular spot for fishing and boating.",https://en.wikipedia.org/wiki/Issyk-Kul,"The country has a tradition of using trained eagles for hunting, a practice that dates back thousands of years and is still celebrated in festivals today.",https://en.wikipedia.org/wiki/Eagle_hunting,"A unique form of oral literature called 'akyn' involves improvisational poetry and storytelling, often performed in public gatherings and competitions.",https://en.wikipedia.org/wiki/Akyn,,,,,,,,,,,,,,,,,,,,,,,,,,,,,,,,,,,,,,,,,,,,,,,,,,,,,,,,,,,,,,,,,,,,,,,,,,,,,,,,,,,,,,,,,,,,,,
Laos,Asia,Vientiane,LAO,"It is home to the world's most bombed country per capita, due to extensive bombing during the Vietnam War.",https://en.wikipedia.org/wiki/Laos#History,"The country has a unique tradition of celebrating the Boun Pi Mai, or Lao New Year, with water fights and parades.",https://en.wikipedia.org/wiki/Lao_New_Year,"This country is known for its 'Plain of Jars,' a mysterious archaeological site with thousands of large stone jars scattered across the landscape.",https://en.wikipedia.org/wiki/Plain_of_Jars,,,,,,,,,,,,,,,,,,,,,,,,,,,,,,,,,,,,,,,,,,,,,,,,,,,,,,,,,,,,,,,,,,,,,,,,,,,,,,,,,,,,,,,,,,,,,,
Latvia,Europe,Riga,LVA,"The country is home to the widest waterfall in Europe, Ventas Rumba, which is 249 meters wide.",https://en.wikipedia.org/wiki/Ventas_Rumba,"The country has one of the oldest flags in the world, dating back to the 13th century.",https://en.wikipedia.org/wiki/Flag_of_Latvia,"The country is known for its traditional midsummer festival, Jāņi, which involves singing, dancing, and jumping over bonfires.",https://en.wikipedia.org/wiki/J%C4%81%C5%86i,"The country has a unique tradition of decorating trees with ornaments, which some believe to be the origin of the modern Christmas tree.",https://en.wikipedia.org/wiki/Christmas_tree#History,"The country is one of the world's largest exporters of peat, a natural resource used for fuel and gardening.",https://en.wikipedia.org/wiki/Economy_of_Latvia,"The country has a rich tradition of choir singing, with the Latvian Song and Dance Festival being one of the largest amateur choral events in the world.",https://en.wikipedia.org/wiki/Latvian_Song_and_Dance_Festival,"The country has a unique breed of dog known as the Latvian Hound, which is recognized for its hunting skills.",https://en.wikipedia.org/wiki/Latvian_Hound,"The country is home to the tallest wooden building in Europe, the Lutheran Church of St. John in the city of Cēsis.","https://en.wikipedia.org/wiki/St._John%27s_Church,_C%C4%93sis","The country has a significant population of storks, and it is considered good luck if a stork builds a nest on your roof.",https://en.wikipedia.org/wiki/White_stork#Cultural_significance,"The country has a unique museum dedicated to the history of sun tanning and solariums, known as the Sun Museum.",https://en.wikipedia.org/wiki/Sun_Museum,,,,,,,,,,,,,,,,,,,,,,,,,,,,,,,,,,,,,,,,,,,,,,,,,,,,,,,,,,,,,,,,,,,,,,,,,,,,,,,,
Lebanon,Asia,Beirut,LBN,"The country is home to the world's oldest continuously inhabited city, Byblos, which has been inhabited since at least 5000 BC.",https://en.wikipedia.org/wiki/Byblos,"The national dish, kibbeh, is so beloved that it has been declared the national dish by law.",https://en.wikipedia.org/wiki/Kibbeh,"The country has no desert, which is unusual for a Middle Eastern country.",https://en.wikipedia.org/wiki/Geography_of_Lebanon,"It is one of the few countries in the Middle East where skiing is possible, thanks to its mountain ranges.",https://en.wikipedia.org/wiki/Skiing_in_Lebanon,"The Jeita Grotto, a system of limestone caves, was a finalist in the New7Wonders of Nature competition.",https://en.wikipedia.org/wiki/Jeita_Grotto,,,,,,,,,,,,,,,,,,,,,,,,,,,,,,,,,,,,,,,,,,,,,,,,,,,,,,,,,,,,,,,,,,,,,,,,,,,,,,,,,,,,,,,,,,
Lesotho,Africa,Maseru,LSO,"The country is one of the few in the world that is entirely above 1,000 meters in elevation.",https://en.wikipedia.org/wiki/Lesotho#Geography,"It is the only independent state in the world that lies entirely above 1,400 meters in elevation.",https://en.wikipedia.org/wiki/Lesotho#Geography,"The country is known for its traditional Basotho blankets, which are often worn as everyday clothing.",https://en.wikipedia.org/wiki/Lesotho#Culture,"It has one of the highest literacy rates in Africa, with a literacy rate of around 79% as of 2015.",https://en.wikipedia.org/wiki/Lesotho#Education,"The country is home to the Maloti Mountains, which are part of the Drakensberg mountain range.",https://en.wikipedia.org/wiki/Lesotho#Geography,"The Sani Pass, a famous mountain pass, connects the country to South Africa and is a popular tourist attraction.",https://en.wikipedia.org/wiki/Lesotho#Tourism,"The country has a unique system of governance where the king serves a largely ceremonial role, with executive power vested in the Prime Minister.",https://en.wikipedia.org/wiki/Lesotho#Politics,"It is one of the few countries in Africa where skiing is possible, thanks to its high altitude and mountainous terrain.",https://en.wikipedia.org/wiki/Lesotho#Tourism,"The country is a member of the Southern African Customs Union, the oldest existing customs union in the world.",https://en.wikipedia.org/wiki/Lesotho#Economy,"The country has a significant number of dinosaur footprints, which are a major attraction for paleontologists and tourists alike.",https://en.wikipedia.org/wiki/Lesotho#Tourism,,,,,,,,,,,,,,,,,,,,,,,,,,,,,,,,,,,,,,,,,,,,,,,,,,,,,,,,,,,,,,,,,,,,,,,,,,,,,,,,
Liberia,Africa,Monrovia,LBR,"It is home to the only known species of monkey that can swim, the L___ green monkey, which is often seen in coastal areas.",https://en.wikipedia.org/wiki/Liberian_green_monkey,"The country has a unique tradition of 'sassywood', a form of divination using wooden sticks that is still practiced today.",https://en.wikipedia.org/wiki/Sassywood,"In 2008, a group of women from this country won the Nobel Peace Prize for their efforts in promoting peace and women's rights, showcasing the power of grassroots activism.",https://en.wikipedia.org/wiki/Nobel_Peace_Prize#2008,,,,,,,,,,,,,,,,,,,,,,,,,,,,,,,,,,,,,,,,,,,,,,,,,,,,,,,,,,,,,,,,,,,,,,,,,,,,,,,,,,,,,,,,,,,,,,
Libya,Africa,Tripoli,LBY,The country is home to the world's largest proven oil reserves in Africa.,https://en.wikipedia.org/wiki/Economy_of_Libya,"The Great Man-Made River is the world's largest irrigation project, designed to supply water to the Sahara Desert.",https://en.wikipedia.org/wiki/Great_Man-Made_River,"The country has a coastline along the Mediterranean Sea that stretches over 1,770 kilometers, making it the longest of any African country bordering the Mediterranean.",https://en.wikipedia.org/wiki/Geography_of_Libya,"The country is known for its ancient Greek and Roman ruins, including the UNESCO World Heritage Site of Leptis Magna.",https://en.wikipedia.org/wiki/Leptis_Magna,"The country has a unique flag that was adopted in 2011, featuring three horizontal stripes of red, black, and green with a white crescent and star in the center.",https://en.wikipedia.org/wiki/Flag_of_Libya,"The country has a desert climate, with over 90% of its land area covered by the Sahara Desert.",https://en.wikipedia.org/wiki/Geography_of_Libya,The country was once part of the Roman Empire and was known as the province of Africa Proconsularis.,https://en.wikipedia.org/wiki/History_of_Libya,"The country has a rich history of Berber culture, with Berber languages still spoken by some communities.",https://en.wikipedia.org/wiki/Berbers,"The country was an Italian colony from 1911 to 1943, and Italian influence is still evident in its architecture and cuisine.",https://en.wikipedia.org/wiki/Italian_Libya,"The country has a unique form of traditional music known as Malouf, which has Andalusian origins.",https://en.wikipedia.org/wiki/Music_of_Libya,,,,,,,,,,,,,,,,,,,,,,,,,,,,,,,,,,,,,,,,,,,,,,,,,,,,,,,,,,,,,,,,,,,,,,,,,,,,,,,,
Lithuania,Europe,Vilnius,LTU,"The country has a national scent called 'The Scent of the Nation,' which was created to encapsulate the essence of the country's identity.",https://en.wikipedia.org/wiki/The_Scent_of_the_Nation,"It is home to the Hill of Crosses, a site of pilgrimage that features over 100,000 crosses, crucifixes, and other religious symbols.",https://en.wikipedia.org/wiki/Hill_of_Crosses,"Basketball is considered the most popular sport, and the country has a strong basketball culture, often referred to as a 'second religion.'",https://en.wikipedia.org/wiki/Sport_in_Lithuania#Basketball,"The country has a tradition of making 'tree cakes' called Šakotis, which are baked on a rotating spit and have a distinctive spiky appearance.",https://en.wikipedia.org/wiki/Šakotis,"The country is known for its love of mushrooms, and mushroom picking is a popular national pastime, with many people heading to the forests during the mushroom season.",https://en.wikipedia.org/wiki/Culture_of_Lithuania#Cuisine,,,,,,,,,,,,,,,,,,,,,,,,,,,,,,,,,,,,,,,,,,,,,,,,,,,,,,,,,,,,,,,,,,,,,,,,,,,,,,,,,,,,,,,,,,
Luxembourg,Europe,Luxembourg City,LUX,The country has the highest GDP per capita in the world.,https://en.wikipedia.org/wiki/Economy_of_Luxembourg,"It is one of the world's smallest countries, being smaller than the US state of Rhode Island.",https://en.wikipedia.org/wiki/Luxembourg,"The country has three official languages: Luxembourgish, French, and German.",https://en.wikipedia.org/wiki/Languages_of_Luxembourg,It is the only remaining Grand Duchy in the world.,https://en.wikipedia.org/wiki/Grand_Duchy_of_Luxembourg,"The country is known for its extensive network of underground tunnels, known as the Bock Casemates.",https://en.wikipedia.org/wiki/Bock,"It has a national holiday called 'National Day' which is celebrated on June 23rd, but it is not the actual birthday of the Grand Duke.",https://en.wikipedia.org/wiki/National_Day_(Luxembourg),"The country has a unique banking secrecy law, which has made it a major financial center.",https://en.wikipedia.org/wiki/Banking_in_Luxembourg,"It is home to the European Court of Justice, the highest court in the European Union.",https://en.wikipedia.org/wiki/European_Court_of_Justice,"The country has a high percentage of foreign nationals, with nearly half of the population being non-citizens.",https://en.wikipedia.org/wiki/Demographics_of_Luxembourg,"It is one of the founding members of the European Union, NATO, and the United Nations.",https://en.wikipedia.org/wiki/Luxembourg,,,,,,,,,,,,,,,,,,,,,,,,,,,,,,,,,,,,,,,,,,,,,,,,,,,,,,,,,,,,,,,,,,,,,,,,,,,,,,,,
Madagascar,Africa,Antananarivo,MDG,"Home to the world's smallest chameleon, Brookesia micra, which can sit on the tip of a matchstick.",https://en.wikipedia.org/wiki/Brookesia_micra,"The island is the fourth largest in the world, after Greenland, New Guinea, and Borneo.",https://en.wikipedia.org/wiki/Madagascar,Over 90% of its wildlife is found nowhere else on Earth.,https://en.wikipedia.org/wiki/Wildlife_of_Madagascar,The island was once part of the supercontinent Gondwana.,https://en.wikipedia.org/wiki/Geology_of_Madagascar,"The fossa, a carnivorous mammal, is the largest predator on the island.",https://en.wikipedia.org/wiki/Fossa_(animal),"The island is home to the baobab tree, known for its unique shape and longevity.",https://en.wikipedia.org/wiki/Adansonia,The island's official languages are Malagasy and French.,https://en.wikipedia.org/wiki/Madagascar,"The island has a tradition of famadihana, or 'turning of the bones,' a funerary tradition.",https://en.wikipedia.org/wiki/Famadihana,"The island's currency is the ariary, one of only two non-decimal currencies in the world.",https://en.wikipedia.org/wiki/Malagasy_ariary,"The island is known for its unique music genre, salegy, which is popular in the coastal regions.",https://en.wikipedia.org/wiki/Salegy,The island's national sport is rugby union.,https://en.wikipedia.org/wiki/Sport_in_Madagascar,The island has a unique form of traditional wrestling called moraingy.,https://en.wikipedia.org/wiki/Moraingy,The island is home to the world's largest population of lemurs.,https://en.wikipedia.org/wiki/Lemur,"The island's flag features a red, white, and green color scheme.",https://en.wikipedia.org/wiki/Flag_of_Madagascar,"The island's highest peak is Maromokotro, standing at 2,876 meters.",https://en.wikipedia.org/wiki/Maromokotro,The island has a unique form of polyphonic singing called hira gasy.,https://en.wikipedia.org/wiki/Hira_gasy,The island's traditional houses are built on stilts and made of natural materials.,https://en.wikipedia.org/wiki/Architecture_of_Madagascar,"The island's cuisine is known for its use of rice, which is a staple food.",https://en.wikipedia.org/wiki/Malagasy_cuisine,"The island has a unique species of moth, the comet moth, known for its long tail.",https://en.wikipedia.org/wiki/Argema_mittrei,"The island's traditional dance is called the hiragasy, which combines music, dance, and storytelling.",https://en.wikipedia.org/wiki/Hiragasy,The island is home to the world's largest vanilla producer.,https://en.wikipedia.org/wiki/Vanilla,The island's traditional zebu cattle are an important part of its culture and economy.,https://en.wikipedia.org/wiki/Zebu,"The island has a unique form of divination called sikidy, which uses seeds or stones.",https://en.wikipedia.org/wiki/Sikidy,"The island's traditional clothing includes the lamba, a type of wraparound cloth.",https://en.wikipedia.org/wiki/Lamba_(garment),The island's biodiversity is threatened by deforestation and habitat destruction.,https://en.wikipedia.org/wiki/Environmental_issues_in_Madagascar,,,,,,,,,,,,,,,,,,,,,,,,,,,,,,,,,,,,,,,,,,,,,,,,,,
Malawi,Africa,Lilongwe,MWI,"The country is home to the third-largest lake in Africa, which is sometimes called the Calendar Lake because it is approximately 365 miles long and 52 miles wide.",https://en.wikipedia.org/wiki/Lake_Malawi,"The national flag features a rising sun, symbolizing the dawn of hope and freedom for the continent.",https://en.wikipedia.org/wiki/Flag_of_Malawi,"The country has a unique fish species called the mbuna, which are colorful cichlids found in its largest lake.",https://en.wikipedia.org/wiki/Mbuna,The country is one of the few places where the rare and endangered Mulanje cedar tree grows.,https://en.wikipedia.org/wiki/Widdringtonia_whytei,"The country has a rich tradition of mask-making, with the Nyau masks being used in traditional dances and ceremonies.",https://en.wikipedia.org/wiki/Nyau,"The country is known for its vibrant and colorful chitenje fabric, which is often worn by women as a wrap or skirt.",https://en.wikipedia.org/wiki/Chitenje,"The country has a unique form of traditional music called 'banjo music,' which is played with a homemade banjo-like instrument.",https://en.wikipedia.org/wiki/Music_of_Malawi,"The country is home to the Zomba Plateau, which offers stunning views and is a popular spot for hiking and birdwatching.",https://en.wikipedia.org/wiki/Zomba_Plateau,"The country has a significant population of hippos, especially in its national parks and wildlife reserves.",https://en.wikipedia.org/wiki/Wildlife_of_Malawi,"The country has a unique public holiday called Martyrs' Day, which commemorates those who lost their lives in the struggle for independence.",https://en.wikipedia.org/wiki/Public_holidays_in_Malawi,,,,,,,,,,,,,,,,,,,,,,,,,,,,,,,,,,,,,,,,,,,,,,,,,,,,,,,,,,,,,,,,,,,,,,,,,,,,,,,,
Malaysia,Asia,Kuala Lumpur,MYS,"The world's largest roundabout is located in Putrajaya, with a diameter of 3.5 kilometers.",https://en.wikipedia.org/wiki/Putrajaya,"The Rafflesia flower, found in the rainforests, is one of the largest flowers in the world and can grow up to 1 meter in diameter.",https://en.wikipedia.org/wiki/Rafflesia,"The country is home to the world's largest cave chamber, Sarawak Chamber, which can accommodate 40 Boeing 747 aircraft.",https://en.wikipedia.org/wiki/Sarawak_Chamber,"The Penang Bridge is one of the longest bridges in Southeast Asia, stretching 13.5 kilometers.",https://en.wikipedia.org/wiki/Penang_Bridge,The country has a unique rotating monarchy system where nine ethnic Malay state rulers take turns as the king for five years.,https://en.wikipedia.org/wiki/Monarchies_of_Malaysia,"The national dish, Nasi Lemak, is considered one of the most delicious foods in the world.",https://en.wikipedia.org/wiki/Nasi_lemak,"The country is one of the world's largest producers of rubber gloves, accounting for about 60% of global production.",https://en.wikipedia.org/wiki/Rubber_glove,The Petronas Towers were the tallest buildings in the world from 1998 to 2004 and remain the tallest twin towers.,https://en.wikipedia.org/wiki/Petronas_Towers,"The country is home to the world's oldest tropical rainforest, Taman Negara, which is over 130 million years old.",https://en.wikipedia.org/wiki/Taman_Negara,"The country has a unique public holiday called Thaipusam, where devotees pierce their bodies with hooks and skewers as a form of penance.",https://en.wikipedia.org/wiki/Thaipusam,The country is one of the few places in the world where you can find the endangered Malayan tiger.,https://en.wikipedia.org/wiki/Malayan_tiger,"The country has a unique fruit called durian, known as the 'king of fruits,' which is famous for its strong odor.",https://en.wikipedia.org/wiki/Durian,The country is home to the world's largest population of the endangered Bornean orangutan.,https://en.wikipedia.org/wiki/Bornean_orangutan,"The country has a unique festival called Hari Merdeka, celebrating independence with parades and fireworks.",https://en.wikipedia.org/wiki/Hari_Merdeka,"The country is one of the world's largest exporters of palm oil, contributing significantly to the global supply.",https://en.wikipedia.org/wiki/Palm_oil_production_in_Malaysia,"The country has a unique traditional dance called the Joget, which is a lively and upbeat dance performed at celebrations.",https://en.wikipedia.org/wiki/Joget,"The country is home to the world's largest tin producer, with a rich history in tin mining.",https://en.wikipedia.org/wiki/Tin_mining_in_Malaysia,"The country has a unique architectural style called Minangkabau, characterized by its curved rooflines resembling buffalo horns.",https://en.wikipedia.org/wiki/Minangkabau_architecture,"The country is home to the world's largest flower garden, the Perdana Botanical Gardens, which features a wide variety of plant species.",https://en.wikipedia.org/wiki/Perdana_Botanical_Gardens,"The country has a unique traditional martial art called Silat, which combines self-defense with artistic expression.",https://en.wikipedia.org/wiki/Silat,,,,,,,,,,,,,,,,,,,,,,,,,,,,,,,,,,,,,,,,,,,,,,,,,,,,,,,,,,,,
Mali,Africa,Bamako,MLI,"The country is home to the largest mud brick building in the world, the Great Mosque of Djenné, which is rebuilt every year during a festival.",https://en.wikipedia.org/wiki/Great_Mosque_of_Djenn%C3%A9,"This country has a unique tradition of storytelling called 'Griot,' where oral historians and musicians preserve the history and culture of the people.",https://en.wikipedia.org/wiki/Griot,"The country is known for its annual Festival in the Desert, which celebrates Tuareg culture and music, attracting artists from around the world.",https://en.wikipedia.org/wiki/Festival_in_the_Desert,,,,,,,,,,,,,,,,,,,,,,,,,,,,,,,,,,,,,,,,,,,,,,,,,,,,,,,,,,,,,,,,,,,,,,,,,,,,,,,,,,,,,,,,,,,,,,
Mauritania,Africa,Nouakchott,MRT,"The national flag was changed in 2017 to include red stripes, symbolizing the blood shed for independence.",https://en.wikipedia.org/wiki/Flag_of_Mauritania,"The country is one of the last places where slavery is still practiced, despite being officially abolished in 1981.",https://en.wikipedia.org/wiki/Slavery_in_Mauritania,The Banc d'Arguin National Park is a UNESCO World Heritage site and is a major breeding site for migratory birds.,https://en.wikipedia.org/wiki/Banc_d%27Arguin_National_Park,"The traditional music of the country, known as Moorish music, is characterized by the use of the tidinit, a four-stringed lute.",https://en.wikipedia.org/wiki/Music_of_Mauritania,"The country was one of the last in the world to abolish slavery, officially doing so in 1981, although it was not criminalized until 2007.",https://en.wikipedia.org/wiki/Slavery_in_Mauritania,,,,,,,,,,,,,,,,,,,,,,,,,,,,,,,,,,,,,,,,,,,,,,,,,,,,,,,,,,,,,,,,,,,,,,,,,,,,,,,,,,,,,,,,,,
Mexico,N. America,Mexico City,MEX,"The world's smallest volcano, Cuexcomate, is located in Puebla and stands at just 13 meters tall.",https://en.wikipedia.org/wiki/Cuexcomate,The Great Pyramid of Cholula is the largest pyramid in terms of volume in the world.,https://en.wikipedia.org/wiki/Great_Pyramid_of_Cholula,"The country is home to the world's largest tamale, known as the zacahuil, which can be up to 3 feet long and weigh over 150 pounds.",https://en.wikipedia.org/wiki/Tamale,The Monarch Butterfly Biosphere Reserve is a UNESCO World Heritage site where millions of monarch butterflies migrate each year.,https://en.wikipedia.org/wiki/Monarch_Butterfly_Biosphere_Reserve,"The country has a rabbit species called the volcano rabbit, which is one of the smallest rabbit species in the world.",https://en.wikipedia.org/wiki/Volcano_rabbit,"The country is the birthplace of the Caesar salad, which was invented by an Italian-American restaurateur in Tijuana.",https://en.wikipedia.org/wiki/Caesar_salad,"The country has a unique festival called the Night of the Radishes, where large radishes are carved into elaborate scenes and displayed.",https://en.wikipedia.org/wiki/Night_of_the_Radishes,"The country is home to the world's largest underwater cave system, Sac Actun, which stretches over 347 kilometers.",https://en.wikipedia.org/wiki/Sac_Actun,"The country has a town called Real de Catorce, which is known for its ghost town atmosphere and was featured in the film 'The Mexican'.",https://en.wikipedia.org/wiki/Real_de_Catorce,"The country is the origin of the word 'chocolate', which comes from the Nahuatl word 'xocolatl'.",https://en.wikipedia.org/wiki/Chocolate,"The country has a unique wrestling style known as Lucha Libre, characterized by colorful masks and acrobatic techniques.",https://en.wikipedia.org/wiki/Lucha_libre,"The country is home to the world's smallest dog breed, the Chihuahua.",https://en.wikipedia.org/wiki/Chihuahua_(dog),"The country has a unique dish called escamoles, which are ant larvae considered a delicacy.",https://en.wikipedia.org/wiki/Escamol,"The country has a town named Tequila, which is the birthplace of the famous alcoholic beverage of the same name.",https://en.wikipedia.org/wiki/Tequila,"The country has a unique sport called Ulama, which is a descendant of the ancient Mesoamerican ballgame.",https://en.wikipedia.org/wiki/Ulama_(game),"The country is home to the world's largest pyramid by base area, the Great Pyramid of Cholula.",https://en.wikipedia.org/wiki/Great_Pyramid_of_Cholula,"The country has a unique holiday called the Day of the Dead, which celebrates deceased loved ones with colorful altars and offerings.",https://en.wikipedia.org/wiki/Day_of_the_Dead,"The country has a unique breed of hairless dog known as the Xoloitzcuintli, which dates back to ancient times.",https://en.wikipedia.org/wiki/Xoloitzcuintli,"The country is home to the world's largest monolith, the Peña de Bernal, which is over 10 million years old.",https://en.wikipedia.org/wiki/Pe%C3%B1a_de_Bernal,"The country has a unique dish called huitlacoche, which is a corn fungus considered a delicacy.",https://en.wikipedia.org/wiki/Huitlacoche,"The country has a unique festival called the Guelaguetza, which is a celebration of indigenous culture and traditions.",https://en.wikipedia.org/wiki/Guelaguetza,"The country is home to the world's largest bullring, the Plaza de Toros México, which can seat over 41,000 spectators.",https://en.wikipedia.org/wiki/Plaza_de_Toros_M%C3%A9xico,"The country has a unique type of wrestling called Lucha Libre, known for its colorful masks and high-flying maneuvers.",https://en.wikipedia.org/wiki/Lucha_libre,"The country has a unique type of music called Mariachi, which is recognized by UNESCO as an Intangible Cultural Heritage.",https://en.wikipedia.org/wiki/Mariachi,"The country is home to the world's largest pyramid by volume, the Great Pyramid of Cholula.",https://en.wikipedia.org/wiki/Great_Pyramid_of_Cholula,"The country has a unique type of dance called Jarabe Tapatío, also known as the Mexican Hat Dance.",https://en.wikipedia.org/wiki/Jarabe_Tapat%C3%ADo,"The country has a unique type of art called Alebrijes, which are brightly colored folk art sculptures of fantastical creatures.",https://en.wikipedia.org/wiki/Alebrije,"The country is home to the world's largest underwater cave system, Sac Actun, which is over 347 kilometers long.",https://en.wikipedia.org/wiki/Sac_Actun,"The country has a unique type of bread called Pan de Muerto, which is traditionally baked for the Day of the Dead celebrations.",https://en.wikipedia.org/wiki/Pan_de_muerto,"The country has a unique type of soup called Pozole, which is made from hominy and meat, often served during celebrations.",https://en.wikipedia.org/wiki/Pozole,,,,,,,,,,,,,,,,,,,,,,,,,,,,,,,,,,,,,,,,
Mongolia,Asia,Ulaanbaatar,MNG,"This country is home to the world's largest horse race, the Naadam Festival, which features a race of over 1,000 kilometers.",https://en.wikipedia.org/wiki/Naadam#Horse_racing,"The country has a unique tradition of throat singing, known as 'khoomei', which allows singers to produce multiple pitches simultaneously.",https://en.wikipedia.org/wiki/Khoomei,"This country has a festival dedicated to the reindeer herders of the Taiga, where they celebrate their unique culture and lifestyle.",https://en.wikipedia.org/wiki/Reindeer_husbandry_in_Mongolia,"The country has a unique form of wrestling called 'Bökh', which has no weight classes and allows for a variety of techniques.",https://en.wikipedia.org/wiki/B%C3%B6kh,"This country is known for its vast steppes, where the annual migration of the nomadic herders is a significant cultural event.",https://en.wikipedia.org/wiki/Nomadic_pastoralism_in_Mongolia,,,,,,,,,,,,,,,,,,,,,,,,,,,,,,,,,,,,,,,,,,,,,,,,,,,,,,,,,,,,,,,,,,,,,,,,,,,,,,,,,,,,,,,,,,
Montenegro,Europe,Podgorica,MNE,"The country has a region known as the 'Black Mountain,' which is a literal translation of its name.",https://en.wikipedia.org/wiki/Montenegro#Etymology,"It is home to one of the world's most beautiful and well-preserved medieval towns, Kotor, which is a UNESCO World Heritage Site.",https://en.wikipedia.org/wiki/Kotor,"The country has a unique dance called the Oro, which involves forming a circle and imitating the flight of an eagle.",https://en.wikipedia.org/wiki/Oro_(dance),It is one of the few countries in the world where you can find both Mediterranean and alpine climates within a short distance.,https://en.wikipedia.org/wiki/Geography_of_Montenegro,"The Tara River Canyon, located here, is the second deepest canyon in the world after the Grand Canyon.",https://en.wikipedia.org/wiki/Tara_River_Canyon,"The country has a national park, Durmitor, which is home to Europe's last virgin forest.",https://en.wikipedia.org/wiki/Durmitor_National_Park,"It has a unique tradition of 'Njeguški pršut,' a type of smoked ham that is a local delicacy.",https://en.wikipedia.org/wiki/Njegu%C5%A1ki_pr%C5%A1ut,"The country is known for its 'Our Lady of the Rocks,' an artificial island created by sinking old ships and depositing stones.",https://en.wikipedia.org/wiki/Our_Lady_of_the_Rocks,"It has a small village called 'Crkvice,' which is known as one of the rainiest places in Europe.",https://en.wikipedia.org/wiki/Crkvice,The country has a unique law that allows citizens to own land on the moon.,https://en.wikipedia.org/wiki/Montenegro#Culture,,,,,,,,,,,,,,,,,,,,,,,,,,,,,,,,,,,,,,,,,,,,,,,,,,,,,,,,,,,,,,,,,,,,,,,,,,,,,,,,
Morocco,Africa,Rabat,MAR,"The country is home to the world's largest desert, the Sahara, which covers much of the eastern part of the country.",https://en.wikipedia.org/wiki/Sahara,"The national drink is mint tea, which is often served with a lot of sugar and is a symbol of hospitality.",https://en.wikipedia.org/wiki/Moroccan_tea_culture,"The country has a unique blue city called Chefchaouen, known for its striking, blue-washed buildings.",https://en.wikipedia.org/wiki/Chefchaouen,"The country is one of the world's largest producers of phosphates, a key ingredient in fertilizers.",https://en.wikipedia.org/wiki/Economy_of_Morocco,"The country has a tradition of Fantasia, a performance art that involves a group of horse riders wearing traditional clothing and charging while firing rifles.",https://en.wikipedia.org/wiki/Fantasia_(performance),"The country is home to the Barbary macaque, the only species of macaque found outside Asia.",https://en.wikipedia.org/wiki/Barbary_macaque,"The country has a unique architectural style known as Moorish architecture, characterized by horseshoe arches and intricate tile work.",https://en.wikipedia.org/wiki/Moorish_architecture,"The country is famous for its leather tanneries, particularly in the city of Fez, where traditional methods are still used.","https://en.wikipedia.org/wiki/Fez,_Morocco#Tanneries","The country has a unique festival called the Imilchil Marriage Festival, where members of the Berber tribes gather to find potential spouses.",https://en.wikipedia.org/wiki/Imilchil_Marriage_Festival,"The country is known for its argan oil, which is used in cooking and cosmetics and is produced from the nuts of the argan tree endemic to the region.",https://en.wikipedia.org/wiki/Argan_oil,,,,,,,,,,,,,,,,,,,,,,,,,,,,,,,,,,,,,,,,,,,,,,,,,,,,,,,,,,,,,,,,,,,,,,,,,,,,,,,,
Mozambique,Africa,Maputo,MOZ,"Home to the world's largest population of dugongs, a marine mammal also known as the sea cow.",https://en.wikipedia.org/wiki/Dugong#Conservation,The country has a unique tradition of using a type of traditional dance called 'Marrabenta' that originated in the urban areas of Maputo.,https://en.wikipedia.org/wiki/Marrabenta,"Mozambique is known for its vibrant and colorful markets, where you can find everything from fresh seafood to handmade crafts.",https://en.wikipedia.org/wiki/Market_(place),"The country has a unique species of freshwater fish called the 'Mozambique tilapia', which is popular in aquaculture.",https://en.wikipedia.org/wiki/Oreochromis_mossambicus,"Mozambique is home to the Gorongosa National Park, which is known for its diverse wildlife and was once a hunting ground for the Portuguese nobility.",https://en.wikipedia.org/wiki/Gorongosa_National_Park,,,,,,,,,,,,,,,,,,,,,,,,,,,,,,,,,,,,,,,,,,,,,,,,,,,,,,,,,,,,,,,,,,,,,,,,,,,,,,,,,,,,,,,,,,
Myanmar,Asia,Naypyidaw,MMR,"It is home to the world's largest book, which is made up of 729 marble slabs inscribed with Buddhist scriptures.",https://en.wikipedia.org/wiki/World%27s_largest_book,"The country has a unique tradition of 'monk ordination' where boys as young as 10 can become novice monks for a short period, often as a rite of passage.",https://en.wikipedia.org/wiki/Monasticism_in_Burma,"The country has a festival called the 'Taunggyi Balloon Festival' where hot air balloons are launched, some of which are filled with fireworks.",https://en.wikipedia.org/wiki/Taunggyi_Balloon_Festival,,,,,,,,,,,,,,,,,,,,,,,,,,,,,,,,,,,,,,,,,,,,,,,,,,,,,,,,,,,,,,,,,,,,,,,,,,,,,,,,,,,,,,,,,,,,,,
Namibia,Africa,Windhoek,NAM,The country is home to the world's largest population of free-roaming cheetahs.,https://en.wikipedia.org/wiki/Wildlife_of_Namibia,"It has the largest underground lake in the world, the Dragon's Breath Cave.",https://en.wikipedia.org/wiki/Dragon%27s_Breath_Cave,The country is one of the least densely populated countries in the world.,https://en.wikipedia.org/wiki/Demographics_of_Namibia,It is the first country in the world to incorporate environmental protection into its constitution.,https://en.wikipedia.org/wiki/Constitution_of_Namibia,"The country is home to the world's oldest desert, the Namib Desert.",https://en.wikipedia.org/wiki/Namib_Desert,"It has a unique geographical feature known as the Skeleton Coast, famous for its shipwrecks.",https://en.wikipedia.org/wiki/Skeleton_Coast,The country has one of the largest populations of free-roaming black rhinos.,https://en.wikipedia.org/wiki/Wildlife_of_Namibia,It is one of the few countries in the world where the desert meets the ocean.,https://en.wikipedia.org/wiki/Geography_of_Namibia,"The country has a unique natural phenomenon known as the Fairy Circles, mysterious circular patches in the desert.",https://en.wikipedia.org/wiki/Fairy_circle_(Africa),"It is home to the world's largest meteorite shower, the Gibeon meteorite field.",https://en.wikipedia.org/wiki/Gibeon_meteorite,,,,,,,,,,,,,,,,,,,,,,,,,,,,,,,,,,,,,,,,,,,,,,,,,,,,,,,,,,,,,,,,,,,,,,,,,,,,,,,,
Nepal,Asia,Kathmandu,NPL,"The only non-rectangular national flag in the world, consisting of two stacked triangles.",https://en.wikipedia.org/wiki/Flag_of_Nepal,"Home to the world's deepest gorge, Kali Gandaki Gorge, which is over 6,000 meters deep.",https://en.wikipedia.org/wiki/Kali_Gandaki_Gorge,"The birthplace of Siddhartha Gautama, who later became known as Buddha.",https://en.wikipedia.org/wiki/Lumbini,"Has a living goddess known as the Kumari, a prepubescent girl considered to be the physical embodiment of the divine female energy.",https://en.wikipedia.org/wiki/Kumari_(goddess),"The only country with a calendar that is approximately 57 years ahead of the Gregorian calendar, known as the Bikram Sambat.",https://en.wikipedia.org/wiki/Vikram_Samvat,"Home to the highest lake on earth, Tilicho Lake, situated at an altitude of 4,919 meters.",https://en.wikipedia.org/wiki/Tilicho_Lake,The only country in the world where the cow is the national animal and killing one is illegal.,https://en.wikipedia.org/wiki/National_symbols_of_Nepal,"Has a unique tradition of sky burials, where the deceased are left on a mountaintop to decompose or be eaten by birds.",https://en.wikipedia.org/wiki/Sky_burial,The only country in the world with a non-quadrilateral flag and a national anthem that does not mention the country's name.,https://en.wikipedia.org/wiki/Nepalese_national_anthem,"Home to the world's highest peak, Mount Everest, which is 8,848 meters tall.",https://en.wikipedia.org/wiki/Mount_Everest,,,,,,,,,,,,,,,,,,,,,,,,,,,,,,,,,,,,,,,,,,,,,,,,,,,,,,,,,,,,,,,,,,,,,,,,,,,,,,,,
Netherlands,Europe,Amsterdam,NLD,"The country is home to the world's largest flower auction, the Aalsmeer Flower Auction.",https://en.wikipedia.org/wiki/Aalsmeer_Flower_Auction,"The country has more bicycles than people, with an estimated 23 million bicycles for a population of 17 million.",https://en.wikipedia.org/wiki/Cycling_in_the_Netherlands,"The country is known for its windmills, with over 1,000 still standing today.",https://en.wikipedia.org/wiki/Windmills_in_the_Netherlands,"The country has the highest museum density in the world, with nearly 1,000 museums.",https://en.wikipedia.org/wiki/List_of_museums_in_the_Netherlands,"The country is the world's second-largest exporter of beer, after Mexico.",https://en.wikipedia.org/wiki/Beer_in_the_Netherlands,"The country has a tradition of 'Sinterklaas' which is celebrated on December 5th, and is said to have inspired the modern Santa Claus.",https://en.wikipedia.org/wiki/Sinterklaas,"The country is famous for its cheese markets, with the Alkmaar Cheese Market being one of the most popular.",https://en.wikipedia.org/wiki/Alkmaar_Cheese_Market,"The country has a unique form of government called a 'consociational democracy', which emphasizes power-sharing and coalition-building.",https://en.wikipedia.org/wiki/Consociationalism,"The country is home to the world's oldest stock exchange, established in 1602.",https://en.wikipedia.org/wiki/Amsterdam_Stock_Exchange,"The country has a national holiday called 'King's Day', celebrated with nationwide street parties and flea markets.",https://en.wikipedia.org/wiki/Koningsdag,"The country is known for its extensive canal systems, with Amsterdam alone having over 100 kilometers of canals.",https://en.wikipedia.org/wiki/Canals_of_Amsterdam,"The country has a unique tradition of 'koekhappen', a game where participants try to bite a piece of cake hanging from a string without using their hands.",https://en.wikipedia.org/wiki/Koekhappen,"The country is one of the world's largest exporters of tulips, with the flower being a major symbol of the nation.",https://en.wikipedia.org/wiki/Tulip,"The country has a unique form of public transportation called 'water taxis', which operate in cities with extensive canal systems.",https://en.wikipedia.org/wiki/Water_taxi,"The country is home to the world's largest artificial island, Flevoland, which was created through land reclamation.",https://en.wikipedia.org/wiki/Flevoland,"The country has a tradition of 'Elfstedentocht', a long-distance skating event that takes place on natural ice along a 200-kilometer route.",https://en.wikipedia.org/wiki/Elfstedentocht,"The country is known for its 'polder' landscapes, which are areas of reclaimed land protected by dikes.",https://en.wikipedia.org/wiki/Polder,"The country has a unique form of architecture called 'Amsterdam School', characterized by its use of brick and decorative elements.",https://en.wikipedia.org/wiki/Amsterdam_School,"The country is home to the world's largest flower garden, Keukenhof, which attracts over a million visitors annually.",https://en.wikipedia.org/wiki/Keukenhof,"The country has a tradition of 'gezelligheid', a cultural concept that emphasizes coziness and conviviality.",https://en.wikipedia.org/wiki/Gezelligheid,,,,,,,,,,,,,,,,,,,,,,,,,,,,,,,,,,,,,,,,,,,,,,,,,,,,,,,,,,,,
New Zealand,Australia,Wellington,NZL,"The country is home to the world's smallest dolphin species, the Hector's dolphin.",https://en.wikipedia.org/wiki/Hector%27s_dolphin,The country has more species of penguins than any other nation.,https://en.wikipedia.org/wiki/Penguins,The country is the only place in the world where you can find the flightless bird called the Kiwi.,https://en.wikipedia.org/wiki/Kiwi_(bird),The country has a hill with the longest place name in the world: Taumatawhakatangihangakoauauotamateapokaiwhenuakitanatahu.,https://en.wikipedia.org/wiki/Taumatawhakatangihangakoauauotamateapokaiwhenuakitanatahu,The country was the first to grant women the right to vote in 1893.,https://en.wikipedia.org/wiki/Women%27s_suffrage_in_New_Zealand,The country has no native land mammals except for bats.,https://en.wikipedia.org/wiki/Fauna_of_New_Zealand,"The country is home to the world's largest parrot, the Kakapo.",https://en.wikipedia.org/wiki/Kakapo,"The country has a national wizard, officially appointed by the government.",https://en.wikipedia.org/wiki/Wizard_of_New_Zealand,The country is the setting for the fictional Middle-earth in the Lord of the Rings films.,https://en.wikipedia.org/wiki/The_Lord_of_the_Rings_(film_series),The country has a unique species of glowworm found in its caves.,https://en.wikipedia.org/wiki/Arachnocampa_luminosa,"The country has a town with a population of only one person, called Whangamomona.",https://en.wikipedia.org/wiki/Whangamomona,The country has a unique legal system where the indigenous Maori have special rights and representation.,https://en.wikipedia.org/wiki/M%C4%81ori_people,"The country has a national rugby team known as the All Blacks, famous for their pre-game haka.",https://en.wikipedia.org/wiki/All_Blacks,"The country has a unique tree called the Kauri, which can live for over 2,000 years.",https://en.wikipedia.org/wiki/Agathis_australis,"The country is home to the world's steepest residential street, Baldwin Street.",https://en.wikipedia.org/wiki/Baldwin_Street,"The country has a unique bird called the Takahe, once thought to be extinct.",https://en.wikipedia.org/wiki/South_Island_takahe,"The country has a unique legal status for its indigenous language, Te Reo Maori, which is an official language.",https://en.wikipedia.org/wiki/M%C4%81ori_language,"The country has a unique geological feature called the Pink and White Terraces, which were destroyed by a volcanic eruption.",https://en.wikipedia.org/wiki/Pink_and_White_Terraces,"The country has a unique cultural festival called the Pasifika Festival, celebrating Pacific Island cultures.",https://en.wikipedia.org/wiki/Pasifika_Festival,"The country has a unique species of reptile called the Tuatara, which is a living fossil.",https://en.wikipedia.org/wiki/Tuatara,The country has a unique tradition of sheep shearing competitions.,https://en.wikipedia.org/wiki/Golden_Shears,"The country has a unique bird called the Kea, known for its intelligence and curiosity.",https://en.wikipedia.org/wiki/Kea,"The country has a unique geological feature called the Moeraki Boulders, spherical stones on the beach.",https://en.wikipedia.org/wiki/Moeraki_Boulders,The country has a unique tradition of gumboot throwing competitions.,https://en.wikipedia.org/wiki/Gumboot_throwing,"The country has a unique species of giant weta, one of the heaviest insects in the world.",https://en.wikipedia.org/wiki/Giant_weta,,,,,,,,,,,,,,,,,,,,,,,,,,,,,,,,,,,,,,,,,,,,,,,,,,
Nicaragua,N. America,Managua,NIC,"This country is home to the world's only dual volcano, which has two separate cones that share the same base.",https://en.wikipedia.org/wiki/Momotombo,This country has a lake with the world's only freshwater sharks.,https://en.wikipedia.org/wiki/Lake_Nicaragua,"The national dish of this country is called 'gallo pinto,' which translates to 'spotted rooster,' but it contains no chicken.",https://en.wikipedia.org/wiki/Gallo_pinto,This country has a festival where people throw fireballs at each other to commemorate a volcanic eruption.,https://en.wikipedia.org/wiki/La_Pur%C3%ADsima,"This country is known for its unique form of wrestling called 'El Güegüense,' which combines dance, music, and theater.",https://en.wikipedia.org/wiki/El_G%C3%BCeg%C3%BCense,This country has a tradition of making giant paper-mâché dolls called 'gigantonas' for parades and festivals.,https://en.wikipedia.org/wiki/Gigantona,This country is home to the oldest city in Central America that was founded by Europeans and is still inhabited today.,"https://en.wikipedia.org/wiki/Le%C3%B3n,_Nicaragua","This country has a unique form of baseball called 'beisbol,' which is the most popular sport there.",https://en.wikipedia.org/wiki/Baseball_in_Nicaragua,This country has a national park that is one of the few places in the world where you can see lava lakes.,https://en.wikipedia.org/wiki/Masaya_Volcano_National_Park,This country has a unique form of pottery that uses pre-Columbian techniques and designs.,https://en.wikipedia.org/wiki/Nicaraguan_pottery,,,,,,,,,,,,,,,,,,,,,,,,,,,,,,,,,,,,,,,,,,,,,,,,,,,,,,,,,,,,,,,,,,,,,,,,,,,,,,,,
Niger,Africa,Niamey,NER,"The country is home to the world's largest protected area, the Air and Ténéré Natural Reserves, which covers over 77,000 square kilometers.",https://en.wikipedia.org/wiki/A%C3%AFr_and_T%C3%A9n%C3%A9r%C3%A9_Natural_Reserves,"The country has a dinosaur named after it, the Nigersaurus, which was discovered in the Elrhaz Formation in the Sahara Desert.",https://en.wikipedia.org/wiki/Nigersaurus,"The country is one of the few places where the Wodaabe people, known for their elaborate beauty pageants for men, still practice their traditional lifestyle.",https://en.wikipedia.org/wiki/Wodaabe,,,,,,,,,,,,,,,,,,,,,,,,,,,,,,,,,,,,,,,,,,,,,,,,,,,,,,,,,,,,,,,,,,,,,,,,,,,,,,,,,,,,,,,,,,,,,,
Nigeria,Africa,Abuja,NGA,"The country is home to the largest population of wild African elephants in the world, particularly in the Niger Delta region.",https://en.wikipedia.org/wiki/Nigeria#Wildlife,"It has a festival dedicated to the yam, called the New Yam Festival, which celebrates the harvest of yams and includes traditional dances and rituals.",https://en.wikipedia.org/wiki/Yam#Cultural_significance,"The country has over 250 ethnic groups, each with its own unique language and culture, making it one of the most culturally diverse nations in the world.",https://en.wikipedia.org/wiki/Ethnic_groups_in_Nigeria,"One of the most popular sports in the country is football (soccer), and the national team is known as the Super Eagles, which has won the Africa Cup of Nations three times.",https://en.wikipedia.org/wiki/Nigeria_national_football_team,"Nigeria is known for its Nollywood film industry, which is one of the largest film producers in the world, producing thousands of films each year.",https://en.wikipedia.org/wiki/Nollywood,,,,,,,,,,,,,,,,,,,,,,,,,,,,,,,,,,,,,,,,,,,,,,,,,,,,,,,,,,,,,,,,,,,,,,,,,,,,,,,,,,,,,,,,,,
North Korea,Asia,Pyongyang,PRK,"The country has its own time zone, known as Pyongyang Time, which is 30 minutes behind South Korea and Japan.",https://en.wikipedia.org/wiki/Pyongyang_Time,"The country has a unique calendar system called the Juche calendar, which starts from 1912, the birth year of its founder.",https://en.wikipedia.org/wiki/Juche_calendar,"The country has a massive underground hotel, the Ryugyong Hotel, which is one of the tallest unoccupied buildings in the world.",https://en.wikipedia.org/wiki/Ryugyong_Hotel,"The country has a unique traffic system with very few cars, and traffic is often directed by female traffic officers.",https://en.wikipedia.org/wiki/Transport_in_North_Korea#Road_transport,"The country has a unique sport called Mass Games, which is a large-scale gymnastics and artistic performance.",https://en.wikipedia.org/wiki/Arirang_Festival,"The country has a unique flower named after its founder, called the Kimilsungia.",https://en.wikipedia.org/wiki/Kimilsungia,"The country has a unique flower named after its second leader, called the Kimjongilia.",https://en.wikipedia.org/wiki/Kimjongilia,"The country has a unique architectural style known as Socialist Classicism, which is evident in many of its public buildings.",https://en.wikipedia.org/wiki/Architecture_of_North_Korea,The country has a unique system of classifying its citizens into different social classes known as Songbun.,https://en.wikipedia.org/wiki/Songbun,"The country has a unique form of art called Chosonhwa, which is a traditional Korean painting style using ink and color on paper.",https://en.wikipedia.org/wiki/Chosonhwa,"The country has a unique form of opera known as Revolutionary Opera, which combines traditional Korean music with Western operatic elements.",https://en.wikipedia.org/wiki/Revolutionary_opera,"The country has a unique form of martial arts called Taekwondo, which is practiced widely and has its own governing body.",https://en.wikipedia.org/wiki/Taekwondo_in_North_Korea,The country has a unique system of education where students are taught the ideology of the ruling party from a young age.,https://en.wikipedia.org/wiki/Education_in_North_Korea,The country has a unique form of currency that is not freely convertible and is used only by its citizens.,https://en.wikipedia.org/wiki/North_Korean_won,"The country has a unique system of media control, with all media being state-owned and heavily censored.",https://en.wikipedia.org/wiki/Media_of_North_Korea,,,,,,,,,,,,,,,,,,,,,,,,,,,,,,,,,,,,,,,,,,,,,,,,,,,,,,,,,,,,,,,,,,,,,,
North Macedonia,Europe,Skopje,MKD,"The country has a festival dedicated to garlic called the Garlic Festival, which is held annually in the village of Vevčani.",https://en.wikipedia.org/wiki/Vev%C4%8Dani,"The country is home to the oldest lake in Europe, Lake Ohrid, which is estimated to be around 4 million years old.",https://en.wikipedia.org/wiki/Lake_Ohrid,"The country has a unique traditional dance called the oro, which is performed in a circle and is an important part of its cultural heritage.",https://en.wikipedia.org/wiki/Oro_(dance),"The country is known for its traditional architecture, particularly the Ottoman-style houses in the town of Kruševo.",https://en.wikipedia.org/wiki/Kru%C5%A1evo,"The country has a national dish called tavče gravče, which is a baked bean dish that is popular throughout the region.",https://en.wikipedia.org/wiki/Tav%C4%8De_grav%C4%8De,"The country is home to the Šar Mountains, which are known for their diverse flora and fauna, including the rare Balkan lynx.",https://en.wikipedia.org/wiki/%C5%A0ar_Mountains,"The country has a rich tradition of winemaking, with evidence of viticulture dating back to ancient times.",https://en.wikipedia.org/wiki/Wine_production_in_North_Macedonia,"The country has a unique alphabet, the Macedonian alphabet, which is a variation of the Cyrillic script.",https://en.wikipedia.org/wiki/Macedonian_alphabet,"The country is home to the Matka Canyon, a popular destination for outdoor activities such as hiking, kayaking, and rock climbing.",https://en.wikipedia.org/wiki/Matka_Canyon,"The country has a significant number of ancient Roman sites, including the city of Heraclea Lyncestis, which was founded in the 4th century BC.",https://en.wikipedia.org/wiki/Heraclea_Lyncestis,,,,,,,,,,,,,,,,,,,,,,,,,,,,,,,,,,,,,,,,,,,,,,,,,,,,,,,,,,,,,,,,,,,,,,,,,,,,,,,,
Norway,Europe,Oslo,NOR,The cheese slicer was invented by a carpenter in 1925.,https://en.wikipedia.org/wiki/Cheese_slicer,"It is home to the world's longest road tunnel, the Lærdal Tunnel, which is 24.5 kilometers long.",https://en.wikipedia.org/wiki/L%C3%A6rdal_Tunnel,"The country has a town called Hell, which freezes over every winter.","https://en.wikipedia.org/wiki/Hell,_Norway","It has a unique tradition of reading crime novels during Easter, known as 'Påskekrim'.",https://en.wikipedia.org/wiki/P%C3%A5skekrim,The country introduced salmon sushi to Japan in the 1980s.,https://en.wikipedia.org/wiki/Sushi#History,"It has a penguin knighted by the King of Norway, named Sir Nils Olav.",https://en.wikipedia.org/wiki/Nils_Olav,The country has a law that requires at least 40% of company board members to be women.,https://en.wikipedia.org/wiki/Gender_quota,"It is home to the world's most remote island, Bouvet Island.",https://en.wikipedia.org/wiki/Bouvet_Island,"The country has a village named Å, which is the shortest place name in the world.","https://en.wikipedia.org/wiki/%C3%85,_Moskenes","It has a unique cheese called 'Brunost', which is brown and sweet.",https://en.wikipedia.org/wiki/Brunost,"The country has a tradition of slow TV, where events like knitting or train journeys are broadcast live for hours.",https://en.wikipedia.org/wiki/Slow_television,"It is home to the Svalbard Global Seed Vault, which stores seeds from around the world.",https://en.wikipedia.org/wiki/Svalbard_Global_Seed_Vault,"The country has a unique sport called 'Death Diving', where participants perform belly flops from great heights.",https://en.wikipedia.org/wiki/Death_diving,"It has a public holiday called 'Russ', where high school graduates celebrate for 17 days.",https://en.wikipedia.org/wiki/Russ,The country has a unique tradition of building gingerbread towns during Christmas.,https://en.wikipedia.org/wiki/Gingerbread,"It is home to the world's largest sculpture park made by a single artist, Vigeland Park.",https://en.wikipedia.org/wiki/Vigeland_Sculpture_Park,"The country has a unique tradition of 'Lusekofte', a traditional knitted sweater with a distinctive pattern.",https://en.wikipedia.org/wiki/Lusekofte,"It has a unique tradition of 'Lefse', a soft flatbread made with potatoes.",https://en.wikipedia.org/wiki/Lefse,"The country has a unique tradition of 'Rømmegrøt', a porridge made with sour cream.",https://en.wikipedia.org/wiki/R%C3%B8mmegr%C3%B8t,"It is home to the world's strongest tidal current, Saltstraumen.",https://en.wikipedia.org/wiki/Saltstraumen,"The country has a unique tradition of 'Kransekake', a cake made of concentric rings.",https://en.wikipedia.org/wiki/Kransekake,"It has a unique tradition of 'Aquavit', a distilled spirit flavored with herbs.",https://en.wikipedia.org/wiki/Akvavit,"The country has a unique tradition of 'Rakfisk', a fermented fish dish.",https://en.wikipedia.org/wiki/Rakfisk,"It is home to the world's northernmost university, the University of Tromsø.",https://en.wikipedia.org/wiki/University_of_Troms%C3%B8,"The country has a unique tradition of 'Lutefisk', a dried fish dish rehydrated in lye.",https://en.wikipedia.org/wiki/Lutefisk,,,,,,,,,,,,,,,,,,,,,,,,,,,,,,,,,,,,,,,,,,,,,,,,,,
Oman,Asia,Muscat,OMN,"The country is home to the world's largest and oldest known frankincense trees, which can live for over 100 years and are a UNESCO World Heritage site.",https://en.wikipedia.org/wiki/Frankincense#Oman,"It has a unique tradition of 'Majlis', a gathering place for men to discuss community matters, which is an integral part of this country's culture.",https://en.wikipedia.org/wiki/Majlis,"The country has a unique form of traditional music called 'Bar' that involves clapping and singing, often performed during celebrations and festivals.",https://en.wikipedia.org/wiki/Music_of_Oman,,,,,,,,,,,,,,,,,,,,,,,,,,,,,,,,,,,,,,,,,,,,,,,,,,,,,,,,,,,,,,,,,,,,,,,,,,,,,,,,,,,,,,,,,,,,,,
Pakistan,Asia,Islamabad,PAK,The world's largest deep sea port is located in this country.,https://en.wikipedia.org/wiki/Gwadar_Port,"This country is home to the world's second-highest mountain, K2.",https://en.wikipedia.org/wiki/K2,"The world's largest man-made forest, Changa Manga, is found here.",https://en.wikipedia.org/wiki/Changa_Manga,"This country has the only fertile desert in the world, the Tharparkar Desert.",https://en.wikipedia.org/wiki/Thar_Desert,"The world's highest paved international road, the Karakoram Highway, is located here.",https://en.wikipedia.org/wiki/Karakoram_Highway,"This country has the world's largest ambulance network, operated by the Edhi Foundation.",https://en.wikipedia.org/wiki/Edhi_Foundation,The world's largest irrigation system is found in this country.,https://en.wikipedia.org/wiki/Indus_Basin_Irrigation_System,"This country is home to the world's oldest university, the University of Taxila.",https://en.wikipedia.org/wiki/Taxila,The only country to have been created in the name of Islam.,https://en.wikipedia.org/wiki/History_of_Pakistan,"This country has the world's largest contiguous glacier outside the polar regions, the Siachen Glacier.",https://en.wikipedia.org/wiki/Siachen_Glacier,The national drink of this country is sugarcane juice.,https://en.wikipedia.org/wiki/Sugarcane_juice,"This country has the world's highest polo ground, the Shandur Top.",https://en.wikipedia.org/wiki/Shandur_Top,The world's largest producer of hand-sewn footballs is located here.,https://en.wikipedia.org/wiki/Sialkot,"This country has the world's second-largest salt mine, the Khewra Salt Mine.",https://en.wikipedia.org/wiki/Khewra_Salt_Mine,The only country in the world where the Indus River dolphin is found.,https://en.wikipedia.org/wiki/Indus_river_dolphin,This country has the world's largest canal-based irrigation system.,https://en.wikipedia.org/wiki/Indus_Basin_Irrigation_System,The first female Prime Minister of a Muslim-majority country was from here.,https://en.wikipedia.org/wiki/Benazir_Bhutto,This country has the world's largest volunteer ambulance service.,https://en.wikipedia.org/wiki/Edhi_Foundation,The world's largest producer of chickpeas is located here.,https://en.wikipedia.org/wiki/Agriculture_in_Pakistan,"This country has the world's highest ATM, located at the Khunjerab Pass.",https://en.wikipedia.org/wiki/Khunjerab_Pass,,,,,,,,,,,,,,,,,,,,,,,,,,,,,,,,,,,,,,,,,,,,,,,,,,,,,,,,,,,,
Panama,N. America,Panama City,PAN,The only place in the world where you can see the sun rise on the Pacific and set on the Atlantic.,https://en.wikipedia.org/wiki/Panama#Geography,"Home to the oldest operating railroad in the world, the Panama Railroad, which was completed in 1855.",https://en.wikipedia.org/wiki/Panama_Railroad,The first Latin American country to adopt the U.S. dollar as its official currency in 1904.,https://en.wikipedia.org/wiki/Panama#Economy,"Has more bird species than the United States and Canada combined, with over 970 recorded species.",https://en.wikipedia.org/wiki/Wildlife_of_Panama,The only place in the world where you can swim in the Atlantic Ocean and the Pacific Ocean in the same day.,https://en.wikipedia.org/wiki/Panama#Geography,The famous canal generates one-third of the country's entire economy.,https://en.wikipedia.org/wiki/Panama_Canal,The national flag was designed by the son of the country's first president.,https://en.wikipedia.org/wiki/Flag_of_Panama,"The country has a rainforest within its capital city limits, one of the few cities in the world to have this feature.",https://en.wikipedia.org/wiki/Metropolitan_Natural_Park,"The isthmus was formed about 3 million years ago, separating the Atlantic and Pacific Oceans and joining North and South America.",https://en.wikipedia.org/wiki/Isthmus_of_Panama,"The country is home to the oldest continually operating hotel in Central America, the Central Hotel, which opened in 1874.",https://en.wikipedia.org/wiki/Central_Hotel_Panama,,,,,,,,,,,,,,,,,,,,,,,,,,,,,,,,,,,,,,,,,,,,,,,,,,,,,,,,,,,,,,,,,,,,,,,,,,,,,,,,
Papua New Guinea,Australia,Port Moresby,PNG,"This country is home to the world's only poisonous bird, the Hooded Pitohui.",https://en.wikipedia.org/wiki/Hooded_pitohui,"It has over 800 languages spoken, making it one of the most linguistically diverse places on Earth.",https://en.wikipedia.org/wiki/Languages_of_Papua_New_Guinea,The country has a unique legal system that incorporates both customary law and common law.,https://en.wikipedia.org/wiki/Law_of_Papua_New_Guinea,"It is one of the few places where the cassowary, a large flightless bird, can be found in the wild.",https://en.wikipedia.org/wiki/Cassowary,"The country is known for its traditional tribal societies, with some tribes still practicing ancient customs.",https://en.wikipedia.org/wiki/Indigenous_peoples_of_Papua_New_Guinea,"It has a unique form of currency called the kina, which is named after a type of shell traditionally used in trade.",https://en.wikipedia.org/wiki/Papua_New_Guinean_kina,"The country is part of the Coral Triangle, which has the highest diversity of coral reef species in the world.",https://en.wikipedia.org/wiki/Coral_Triangle,"It is one of the few countries where the practice of shark calling, a traditional fishing method, is still used.",https://en.wikipedia.org/wiki/Shark_calling,"The country has a rich tradition of oral literature, with stories and legends passed down through generations.",https://en.wikipedia.org/wiki/Oral_tradition,"It is home to the Sepik River, one of the largest and least developed river systems in the world.",https://en.wikipedia.org/wiki/Sepik_River,,,,,,,,,,,,,,,,,,,,,,,,,,,,,,,,,,,,,,,,,,,,,,,,,,,,,,,,,,,,,,,,,,,,,,,,,,,,,,,,
Paraguay,S. America,Asunción,PRY,"The country is home to the world's largest water reserve, the Guarani Aquifer, which it shares with neighboring countries.",https://en.wikipedia.org/wiki/Guarani_Aquifer,"It is one of the few countries in the world where dueling is still legal, provided both parties are registered blood donors.",https://en.wikipedia.org/wiki/Dueling#Paraguay,"The country has a navy, despite being landlocked, because of its large river systems.",https://en.wikipedia.org/wiki/Paraguayan_Navy,"It is one of the two countries in South America where the indigenous language, Guarani, is an official language alongside Spanish.",https://en.wikipedia.org/wiki/Guarani_language,"The country has a unique tradition called 'Ñandutí,' which is a form of lace-making that resembles a spider's web.",https://en.wikipedia.org/wiki/%C3%91andut%C3%AD,"The country is known for its large consumption of yerba mate, a traditional drink, which is often consumed cold as 'tereré.'",https://en.wikipedia.org/wiki/Terer%C3%A9,"The country has a national holiday called 'Friendship Day,' which is celebrated with as much enthusiasm as Christmas.",https://en.wikipedia.org/wiki/Friendship_Day,"The country is home to the world's largest rodent, the capybara, which can be found in its wetlands.",https://en.wikipedia.org/wiki/Capybara,"The country has a unique form of music called 'polka paraguaya,' which is a fusion of European polka and indigenous rhythms.",https://en.wikipedia.org/wiki/Polka_paraguaya,The country is one of the few in the world where the harp is considered a national instrument.,https://en.wikipedia.org/wiki/Music_of_Paraguay,,,,,,,,,,,,,,,,,,,,,,,,,,,,,,,,,,,,,,,,,,,,,,,,,,,,,,,,,,,,,,,,,,,,,,,,,,,,,,,,
Peru,S. America,Lima,PER,"The national dish is ceviche, which is made from raw fish marinated in citrus juices.",https://en.wikipedia.org/wiki/Ceviche,"The potato is native to this country, and there are over 3,000 varieties grown here.",https://en.wikipedia.org/wiki/Potato,"It is home to the world's highest sand dune, Cerro Blanco, which is about 3,860 feet tall.",https://en.wikipedia.org/wiki/Cerro_Blanco_(dune),"The Amazon River, the world's largest river by discharge volume of water, originates here.",https://en.wikipedia.org/wiki/Amazon_River,"The Inca Empire, the largest empire in pre-Columbian America, was centered here.",https://en.wikipedia.org/wiki/Inca_Empire,"The country is known for its rich biodiversity, with habitats ranging from arid plains to tropical rainforests.",https://en.wikipedia.org/wiki/Biodiversity_of_Peru,"It is home to the Nazca Lines, ancient geoglyphs that are best seen from the air.",https://en.wikipedia.org/wiki/Nazca_Lines,"The national drink is the Pisco Sour, made from pisco, lime juice, syrup, ice, egg white, and bitters.",https://en.wikipedia.org/wiki/Pisco_Sour,"The country has a unique festival called Inti Raymi, which is a celebration of the Inca sun god.",https://en.wikipedia.org/wiki/Inti_Raymi,"It is one of the world's top producers of gold, silver, copper, and zinc.",https://en.wikipedia.org/wiki/Economy_of_Peru,The Amazon Rainforest covers about 60% of the country's territory.,https://en.wikipedia.org/wiki/Amazon_rainforest,"The country has three official languages: Spanish, Quechua, and Aymara.",https://en.wikipedia.org/wiki/Languages_of_Peru,"It is home to the world's highest navigable lake, Lake Titicaca.",https://en.wikipedia.org/wiki/Lake_Titicaca,The country has a unique breed of hairless dog known as the Peruvian Inca Orchid.,https://en.wikipedia.org/wiki/Peruvian_Inca_Orchid,"The Andean condor, one of the world's largest flying birds, can be found here.",https://en.wikipedia.org/wiki/Andean_condor,The country has a unique tradition of building floating islands on Lake Titicaca using totora reeds.,https://en.wikipedia.org/wiki/Uros,"The country is home to Machu Picchu, a 15th-century Inca citadel located in the Andes Mountains.",https://en.wikipedia.org/wiki/Machu_Picchu,"The country has a unique dance called the Marinera, which is a courtship dance that mimics the mating ritual of birds.",https://en.wikipedia.org/wiki/Marinera,"The country is known for its unique textiles, which are often made from alpaca and vicuña wool.",https://en.wikipedia.org/wiki/Peruvian_textiles,"The country has a unique festival called the Festival of the Sun, which is a celebration of the winter solstice.",https://en.wikipedia.org/wiki/Inti_Raymi,"The country is home to the Colca Canyon, one of the deepest canyons in the world.",https://en.wikipedia.org/wiki/Colca_Canyon,"The country has a unique tradition of eating guinea pig, known as cuy, which is considered a delicacy.",https://en.wikipedia.org/wiki/Cuy,"The country is home to the Sacred Valley, which was a key area for the Incas due to its fertile land.",https://en.wikipedia.org/wiki/Sacred_Valley,"The country has a unique tradition of weaving, with techniques passed down through generations.",https://en.wikipedia.org/wiki/Peruvian_weaving,"The country is home to the Huascarán, the highest mountain in the country and the fourth highest in the Western Hemisphere.",https://en.wikipedia.org/wiki/Huascar%C3%A1n,,,,,,,,,,,,,,,,,,,,,,,,,,,,,,,,,,,,,,,,,,,,,,,,,,
Philippines,Asia,Manila,PHL,"The yo-yo, a popular toy worldwide, was originally used as a hunting weapon.",https://en.wikipedia.org/wiki/Yo-yo#History,"The world's largest pair of shoes was made in Marikina, measuring 5.29 meters long and 2.37 meters wide.",https://en.wikipedia.org/wiki/Marikina#Footwear_Industry,"The jeepney, a popular mode of public transportation, evolved from surplus military jeeps left by the United States after World War II.",https://en.wikipedia.org/wiki/Jeepney#History,"The country is home to the world's longest underground river, the Puerto Princesa Subterranean River.",https://en.wikipedia.org/wiki/Puerto_Princesa_Subterranean_River_National_Park,"The country has a unique tradition of using karaoke machines, known locally as 'videoke,' which are a popular form of entertainment.",https://en.wikipedia.org/wiki/Karaoke#Asia,"The country is the only one in the world where divorce is illegal, except for Muslims.",https://en.wikipedia.org/wiki/Divorce_law_by_country#Philippines,"The country has a unique alphabet called Baybayin, which was used before the arrival of the Spanish.",https://en.wikipedia.org/wiki/Baybayin,"The country is known for its vibrant and colorful jeepneys, which are often decorated with elaborate designs and artwork.",https://en.wikipedia.org/wiki/Jeepney#Design,"The country is home to the world's smallest primate, the tarsier, which can fit comfortably in a human hand.",https://en.wikipedia.org/wiki/Philippine_tarsier,"The country has a unique Christmas tradition called 'Simbang Gabi,' a series of nine dawn masses leading up to Christmas Eve.",https://en.wikipedia.org/wiki/Simbang_Gabi,"The country is one of the world's largest producers of coconuts, contributing significantly to the global supply.",https://en.wikipedia.org/wiki/Coconut_production_in_the_Philippines,"The country has a unique martial art called Arnis, which involves stick fighting and is the national sport.",https://en.wikipedia.org/wiki/Arnis,"The country is home to the Banaue Rice Terraces, often referred to as the 'Eighth Wonder of the World.'",https://en.wikipedia.org/wiki/Banaue_Rice_Terraces,"The country has a unique festival called 'Ati-Atihan,' where participants paint their faces with black soot and wear indigenous costumes.",https://en.wikipedia.org/wiki/Ati-Atihan_festival,"The country has a unique dish called 'balut,' a fertilized duck egg that is boiled and eaten from the shell.",https://en.wikipedia.org/wiki/Balut_(food),,,,,,,,,,,,,,,,,,,,,,,,,,,,,,,,,,,,,,,,,,,,,,,,,,,,,,,,,,,,,,,,,,,,,,
Poland,Europe,Warsaw,POL,"The world's oldest operating salt mine, the Wieliczka Salt Mine, has been producing salt since the 13th century.",https://en.wikipedia.org/wiki/Wieliczka_Salt_Mine,"The country is home to the world's largest castle by land area, the Malbork Castle.",https://en.wikipedia.org/wiki/Malbork_Castle,"The country has a desert, the Błędów Desert, which is one of only five natural deserts in Europe.",https://en.wikipedia.org/wiki/B%C5%82%C4%99d%C3%B3w_Desert,"The country is known for having the world's biggest statue of Jesus Christ, the Christ the King statue in Świebodzin.","https://en.wikipedia.org/wiki/Christ_the_King_Statue,_%C5%9Awiebodzin","The country has a forest, the Białowieża Forest, which is one of the last and largest remaining parts of the primeval forest that once covered much of Europe.",https://en.wikipedia.org/wiki/Bia%C5%82owie%C5%BCa_Forest,"The country is home to the world's only existing European bison, which can be found in the Białowieża Forest.",https://en.wikipedia.org/wiki/European_bison,"The country has a unique tradition of celebrating Fat Thursday, a day dedicated to eating doughnuts and other sweets.",https://en.wikipedia.org/wiki/Fat_Thursday,"The country is famous for its pierogi, a type of dumpling that is a staple in its cuisine.",https://en.wikipedia.org/wiki/Pierogi,The country has a unique tradition of drowning a straw doll called Marzanna to symbolize the end of winter.,https://en.wikipedia.org/wiki/Marzanna,"The country is home to the world's deepest underground laboratory, the Sieroszowice mine.",https://en.wikipedia.org/wiki/Sieroszowice,"The country has a unique tradition of celebrating Name Days, which are often considered more important than birthdays.",https://en.wikipedia.org/wiki/Name_day,"The country is known for its unique wooden churches, many of which are UNESCO World Heritage Sites.",https://en.wikipedia.org/wiki/Wooden_churches_of_Southern_Lesser_Poland,The country has a unique tradition of celebrating the first day of spring by skipping school and going to the park.,https://en.wikipedia.org/wiki/First_day_of_spring,"The country is home to the world's largest Gothic brick church, St. Mary's Church in Gdańsk.","https://en.wikipedia.org/wiki/St._Mary%27s_Church,_Gda%C5%84sk",The country has a unique tradition of celebrating All Saints' Day by visiting cemeteries and lighting candles on the graves of loved ones.,https://en.wikipedia.org/wiki/All_Saints%27_Day,The country is known for its unique tradition of celebrating Easter Monday with a water fight called Śmigus-Dyngus.,https://en.wikipedia.org/wiki/%C5%9Amigus-Dyngus,"The country has a unique tradition of celebrating Andrzejki, a night of fortune-telling and games on the eve of St. Andrew's Day.",https://en.wikipedia.org/wiki/Andrzejki,"The country is home to the world's largest statue of a pope, the statue of Pope John Paul II in Częstochowa.","https://en.wikipedia.org/wiki/Statue_of_John_Paul_II,_Cz%C4%99stochowa",The country has a unique tradition of celebrating Midsummer's Eve with bonfires and festivities.,https://en.wikipedia.org/wiki/Midsummer,"The country is known for its unique tradition of celebrating Christmas Eve with a special dinner called Wigilia, which includes 12 dishes.",https://en.wikipedia.org/wiki/Wigilia,,,,,,,,,,,,,,,,,,,,,,,,,,,,,,,,,,,,,,,,,,,,,,,,,,,,,,,,,,,,
Portugal,Europe,Lisbon,PRT,"The world's oldest operating bookstore, Bertrand, was established in 1732.",https://en.wikipedia.org/wiki/Bertrand_(bookseller),"The largest wave ever surfed was at Nazaré, reaching 86 feet in height.","https://en.wikipedia.org/wiki/Nazar%C3%A9,_Portugal#Surfing",The country is home to the world's largest cork forest and is the largest producer of cork products.,https://en.wikipedia.org/wiki/Cork_oak,"The Vasco da Gama Bridge is the longest bridge in Europe, stretching over 17 kilometers.",https://en.wikipedia.org/wiki/Vasco_da_Gama_Bridge,"The country has a tradition of decorative ceramic tiles known as azulejos, which are used to adorn buildings.",https://en.wikipedia.org/wiki/Azulejo,"The country is one of the world's top producers of lithium, a key component in batteries.",https://en.wikipedia.org/wiki/Lithium#Production,"The country has a unique form of music called Fado, characterized by its melancholic and expressive nature.",https://en.wikipedia.org/wiki/Fado,"The country is home to the world's largest artificial underwater park, the Ocean Revival Underwater Park.",https://en.wikipedia.org/wiki/Ocean_Revival_Underwater_Park,"The country has a rich tradition of tile painting, with the National Tile Museum dedicated to this art form.",https://en.wikipedia.org/wiki/National_Azulejo_Museum,"The country is known for its unique pastry, the Pastel de Nata, a custard tart sprinkled with cinnamon.",https://en.wikipedia.org/wiki/Pastel_de_nata,"The country has a unique festival called the Festival of the Trays, which occurs every four years and features women carrying trays on their heads.",https://en.wikipedia.org/wiki/Festa_dos_Tabuleiros,"The country is home to the world's largest dining table, which can seat over 1,000 people.",https://en.wikipedia.org/wiki/Almourol_Castle,"The country has a unique breed of dog known as the Portuguese Water Dog, which was used by fishermen.",https://en.wikipedia.org/wiki/Portuguese_Water_Dog,The country has a unique form of bullfighting where the bull is not killed in the arena.,https://en.wikipedia.org/wiki/Bullfighting#Portuguese_bullfighting,"The country is home to the world's largest cork oak tree, known as The Whistler Tree, which is over 230 years old.",https://en.wikipedia.org/wiki/Cork_oak#Notable_trees,,,,,,,,,,,,,,,,,,,,,,,,,,,,,,,,,,,,,,,,,,,,,,,,,,,,,,,,,,,,,,,,,,,,,,
Qatar,Asia,Doha,QAT,"The country is home to the world's largest hand-woven carpet, which is located in the Imam Muhammad ibn Abd al-Wahhab Mosque.",https://en.wikipedia.org/wiki/Imam_Muhammad_ibn_Abd_al-Wahhab_Mosque,It has one of the highest per capita carbon dioxide emissions in the world due to its energy-intensive industries.,https://en.wikipedia.org/wiki/Energy_in_Qatar,"The country has a unique tradition of camel racing, where robot jockeys are used instead of human jockeys.",https://en.wikipedia.org/wiki/Camel_racing#Qatar,"It is one of the few countries where falconry is a popular sport, and falcons are even allowed to travel on airplanes with their owners.",https://en.wikipedia.org/wiki/Falconry#Qatar,"The country has a national day dedicated to sports, known as National Sport Day, which is celebrated annually on the second Tuesday of February.",https://en.wikipedia.org/wiki/National_Sport_Day,"It is home to the Museum of Islamic Art, which houses one of the most complete collections of Islamic artifacts in the world.","https://en.wikipedia.org/wiki/Museum_of_Islamic_Art,_Doha","The country has a unique architectural landmark known as the Aspire Tower, which is shaped like a torch and was built for the 2006 Asian Games.",https://en.wikipedia.org/wiki/Aspire_Tower,"It has a man-made island called The Pearl, which is shaped like a string of pearls and is one of the most luxurious residential areas in the region.",https://en.wikipedia.org/wiki/The_Pearl-Qatar,"The country has a traditional dance called the Ardah, which is performed with swords and is a symbol of cultural heritage.",https://en.wikipedia.org/wiki/Ardah,"It is one of the few countries where the national airline, Qatar Airways, has won numerous awards for being one of the best airlines in the world.",https://en.wikipedia.org/wiki/Qatar_Airways,,,,,,,,,,,,,,,,,,,,,,,,,,,,,,,,,,,,,,,,,,,,,,,,,,,,,,,,,,,,,,,,,,,,,,,,,,,,,,,,
Romania,Europe,Bucharest,ROM,"The modern jet engine was invented by Henri Coandă, who was born in this country.",https://en.wikipedia.org/wiki/Henri_Coand%C4%83,"The world's heaviest building, the Palace of the Parliament, is located here.",https://en.wikipedia.org/wiki/Palace_of_the_Parliament,This country is home to the largest population of brown bears in Europe.,https://en.wikipedia.org/wiki/Brown_bear#Europe,The Merry Cemetery is famous for its colorful tombstones with naive paintings and poems.,https://en.wikipedia.org/wiki/Merry_Cemetery,The Voroneț Monastery is known as the 'Sistine Chapel of the East' due to its frescoes.,https://en.wikipedia.org/wiki/Vorone%C8%9B_Monastery,"The first-ever perfect 10 in Olympic gymnastics was scored by Nadia Comăneci, who hails from this country.",https://en.wikipedia.org/wiki/Nadia_Com%C4%83neci,"The Carpathian Mountains, which run through this country, are home to the largest virgin forests in Europe.",https://en.wikipedia.org/wiki/Carpathian_Mountains,"The Danube Delta, located here, is the second largest river delta in Europe and a UNESCO World Heritage site.",https://en.wikipedia.org/wiki/Danube_Delta,The Transfăgărășan road is often called the best driving road in the world.,https://en.wikipedia.org/wiki/Transf%C4%83g%C4%83r%C4%83%C8%99an,The Dacian fortresses of the Orăștie Mountains are a UNESCO World Heritage site.,https://en.wikipedia.org/wiki/Dacian_Fortresses_of_the_Or%C4%83%C8%99tie_Mountains,The Peles Castle was the first European castle entirely lit by electrical current.,https://en.wikipedia.org/wiki/Pele%C8%99_Castle,The Unirea Salt Mine is one of the largest salt mines in the world and hosts a health spa.,https://en.wikipedia.org/wiki/Sl%C4%83nic,The Scărișoara Glacier is one of the largest underground glaciers in the world.,https://en.wikipedia.org/wiki/Sc%C4%83ri%C8%99oara_Glacier,The Iron Gates is a gorge on the Danube River that forms part of the boundary with Serbia.,https://en.wikipedia.org/wiki/Iron_Gates,The Mud Volcanoes in Berca are a rare geological phenomenon where gas eruptions create small volcanoes.,https://en.wikipedia.org/wiki/Mud_volcanoes_of_Berca,"The country has a unique tradition of Mărțișor, where people exchange red and white strings to celebrate the arrival of spring.",https://en.wikipedia.org/wiki/M%C4%83r%C8%9Bi%C8%99or,"The country is home to the only gold museum in Europe, located in Brad.","https://en.wikipedia.org/wiki/Gold_Museum,_Brad","The country has a unique tradition of 'Călușari' dancers, known for their acrobatic and ritualistic performances.",https://en.wikipedia.org/wiki/C%C4%83lu%C8%99ari,"The country is home to the largest Gothic church in Southeastern Europe, the Black Church in Brașov.",https://en.wikipedia.org/wiki/Black_Church,"The country has a unique tradition of 'Sânziene' celebrations, which are similar to Midsummer festivals.",https://en.wikipedia.org/wiki/S%C3%A2nziene,,,,,,,,,,,,,,,,,,,,,,,,,,,,,,,,,,,,,,,,,,,,,,,,,,,,,,,,,,,,
Russia,Europe,Moscow,RUS,"The Trans-Siberian Railway is the longest railway line in the world, stretching over 9,289 kilometers (5,772 miles).",https://en.wikipedia.org/wiki/Trans-Siberian_Railway,"Lake Baikal is the world's deepest and oldest freshwater lake, containing about 20% of the world's unfrozen freshwater.",https://en.wikipedia.org/wiki/Lake_Baikal,"The country spans 11 time zones, more than any other country in the world.",https://en.wikipedia.org/wiki/Time_in_Russia,"The Hermitage Museum is one of the largest and oldest museums in the world, founded in 1764.",https://en.wikipedia.org/wiki/Hermitage_Museum,The country has a cat that serves as the official mouse catcher of the Hermitage Museum.,https://en.wikipedia.org/wiki/Hermitage_Museum#Cats,"The country is home to the coldest inhabited place on Earth, Oymyakon, where temperatures can drop below -67.7°C (-89.9°F).",https://en.wikipedia.org/wiki/Oymyakon,"The country has a national park that is larger than Switzerland, the Great Arctic State Nature Reserve.",https://en.wikipedia.org/wiki/Great_Arctic_State_Nature_Reserve,The country has a museum dedicated entirely to the history of vodka.,https://en.wikipedia.org/wiki/Vodka_Museum,"The country has a city, Kaliningrad, that is geographically separated from the rest of the country.",https://en.wikipedia.org/wiki/Kaliningrad,"The country has a tradition of celebrating the New Year twice, once on January 1st and again on January 14th, known as the Old New Year.",https://en.wikipedia.org/wiki/Old_New_Year,"The country has a holiday called Maslenitsa, which is a week-long celebration similar to Mardi Gras, marking the end of winter.",https://en.wikipedia.org/wiki/Maslenitsa,"The country has a unique form of wrestling called Sambo, which is a martial art and combat sport.",https://en.wikipedia.org/wiki/Sambo_(martial_art),"The country has a city, Norilsk, which is one of the most polluted places on Earth due to its nickel production.",https://en.wikipedia.org/wiki/Norilsk,The country has a tradition of giving a pair of shoes to a bride on her wedding day to symbolize prosperity.,https://en.wikipedia.org/wiki/Wedding_traditions_in_Russia,"The country has a unique type of pancake called blini, which is traditionally eaten during Maslenitsa.",https://en.wikipedia.org/wiki/Blini,"The country has a famous ballet company, the Bolshoi Ballet, which is one of the oldest and most renowned ballet companies in the world.",https://en.wikipedia.org/wiki/Bolshoi_Ballet,"The country has a unique type of sauna called a banya, which is an important part of the culture.",https://en.wikipedia.org/wiki/Banya_(sauna),"The country has a tradition of celebrating Defender of the Fatherland Day, which is similar to Father's Day.",https://en.wikipedia.org/wiki/Defender_of_the_Fatherland_Day,"The country has a unique type of soup called borscht, which is made with beets and is a staple dish.",https://en.wikipedia.org/wiki/Borscht,The country has a tradition of celebrating International Women's Day as a public holiday.,https://en.wikipedia.org/wiki/International_Women%27s_Day,"The country has a unique type of architecture called onion domes, which are often seen on churches.",https://en.wikipedia.org/wiki/Onion_dome,"The country has a famous literary tradition, with authors like Tolstoy and Dostoevsky.",https://en.wikipedia.org/wiki/Russian_literature,"The country has a unique type of nesting doll called Matryoshka, which is a set of wooden dolls of decreasing size placed one inside another.",https://en.wikipedia.org/wiki/Matryoshka_doll,"The country has a tradition of celebrating Victory Day on May 9th, marking the end of World War II in Europe.",https://en.wikipedia.org/wiki/Victory_Day_(9_May),"The country has a unique type of hat called ushanka, which is a fur cap with ear flaps.",https://en.wikipedia.org/wiki/Ushanka,"The country has a tradition of celebrating the Day of Cosmonautics on April 12th, commemorating Yuri Gagarin's first human spaceflight.",https://en.wikipedia.org/wiki/Cosmonautics_Day,"The country has a unique type of tea culture, with samovars being a traditional way to brew tea.",https://en.wikipedia.org/wiki/Samovar,"The country has a tradition of celebrating the Day of Knowledge on September 1st, marking the beginning of the school year.",https://en.wikipedia.org/wiki/Knowledge_Day,"The country has a unique type of folk music instrument called balalaika, which is a stringed instrument with a triangular body.",https://en.wikipedia.org/wiki/Balalaika,"The country has a tradition of celebrating the Day of the Navy on the last Sunday of July, honoring its naval forces.",https://en.wikipedia.org/wiki/Navy_Day_(Russia),,,,,,,,,,,,,,,,,,,,,,,,,,,,,,,,,,,,,,,,
Rwanda,Africa,Kigali,RWA,"The country is known for its annual gorilla naming ceremony called 'Kwita Izina', where baby gorillas are given names in a grand celebration.",https://en.wikipedia.org/wiki/Kwita_Izina,"It is one of the few countries in the world where plastic bags are banned, and strict laws are in place to enforce this.",https://en.wikipedia.org/wiki/Plastic_bag_ban#Rwanda,"The country has a unique traditional dance called 'Intore', which is performed by men wearing grass wigs and carrying spears.",https://en.wikipedia.org/wiki/Intore,"It is home to the world's largest indoor swamp, the Akagera Swamp, which is part of the Akagera National Park.",https://en.wikipedia.org/wiki/Akagera_National_Park,The country has a car-free day once a month to promote exercise and reduce pollution.,https://en.wikipedia.org/wiki/Car-Free_Day#Rwanda,"It is one of the few countries in the world with a majority female parliament, with women holding over 60% of the seats.",https://en.wikipedia.org/wiki/Women_in_government#Rwanda,"The country has a unique traditional beer called 'Urwagwa', made from bananas and sorghum.",https://en.wikipedia.org/wiki/Urwagwa,"It is known for its 'Umuganda' day, a national day of community service held on the last Saturday of each month.",https://en.wikipedia.org/wiki/Umuganda,"The country has a unique art form called 'Imigongo', which involves cow dung paintings with geometric patterns.",https://en.wikipedia.org/wiki/Imigongo,It is one of the few countries in the world where the entire population is required to have health insurance.,https://en.wikipedia.org/wiki/Health_in_Rwanda,,,,,,,,,,,,,,,,,,,,,,,,,,,,,,,,,,,,,,,,,,,,,,,,,,,,,,,,,,,,,,,,,,,,,,,,,,,,,,,,
Saudi Arabia,Asia,Riyadh,SAU,"The world's largest sand desert, the Rub' al Khali, is located here.",https://en.wikipedia.org/wiki/Rub%27_al_Khali,"It is home to the world's largest camel market, located in the city of Buraydah.",https://en.wikipedia.org/wiki/Buraydah,"The country has no rivers, making it one of the largest countries in the world without a river.",https://en.wikipedia.org/wiki/Geography_of_Saudi_Arabia,It is the birthplace of Islam and home to its two holiest cities.,https://en.wikipedia.org/wiki/Islam,"The country has a law that bans the import, sale, and consumption of alcohol.",https://en.wikipedia.org/wiki/Prohibition_of_alcohol_in_Saudi_Arabia,It is the only country in the world where women were not allowed to drive until 2018.,https://en.wikipedia.org/wiki/Women_to_drive_movement,"The country has a unique legal system based on Islamic law, known as Sharia.",https://en.wikipedia.org/wiki/Legal_system_of_Saudi_Arabia,It is the largest country in the world without a permanent river.,https://en.wikipedia.org/wiki/Geography_of_Saudi_Arabia,"The country has a weekend that falls on Friday and Saturday, unlike the typical Saturday-Sunday weekend.",https://en.wikipedia.org/wiki/Workweek_and_weekend,"It is home to the world's tallest clock tower, the Abraj Al Bait Towers.",https://en.wikipedia.org/wiki/Abraj_Al_Bait,"The country has a significant portion of its population consisting of expatriates, making up about 30% of the total population.",https://en.wikipedia.org/wiki/Demographics_of_Saudi_Arabia,It is one of the few countries in the world where cinemas were banned until 2018.,https://en.wikipedia.org/wiki/Cinema_of_Saudi_Arabia,"The country is known for its traditional dance called the Ardah, which is performed with swords.",https://en.wikipedia.org/wiki/Ardah,"It is home to the world's largest desalination plant, the Ras Al Khair Desalination Plant.",https://en.wikipedia.org/wiki/Ras_Al_Khair_Power_and_Desalination_Plant,"The country has a unique architectural style known as Najdi architecture, characterized by its use of mud bricks.",https://en.wikipedia.org/wiki/Najdi_architecture,It is the only country in the world where the entire coastline is on the Red Sea and the Arabian Gulf.,https://en.wikipedia.org/wiki/Geography_of_Saudi_Arabia,"The country has a unique form of traditional music called Samri, which is performed with poetry and drums.",https://en.wikipedia.org/wiki/Samri,"It is home to the world's largest oil reserves, accounting for about 17% of the world's proven reserves.",https://en.wikipedia.org/wiki/Oil_reserves_in_Saudi_Arabia,"The country has a unique form of traditional dress for men called the thobe, which is a long robe.",https://en.wikipedia.org/wiki/Thawb,It is one of the few countries in the world where falconry is a popular sport and cultural tradition.,https://en.wikipedia.org/wiki/Falconry,,,,,,,,,,,,,,,,,,,,,,,,,,,,,,,,,,,,,,,,,,,,,,,,,,,,,,,,,,,,
Senegal,Africa,Dakar,SEN,"The country is home to the African Renaissance Monument, which is taller than the Statue of Liberty.",https://en.wikipedia.org/wiki/African_Renaissance_Monument,"The country has a unique wrestling tradition called 'Laamb', which is more popular than football.",https://en.wikipedia.org/wiki/Wrestling_in_Senegal,"The country is known for its pink lake, Lake Retba, which gets its color from algae and high salt content.",https://en.wikipedia.org/wiki/Lake_Retba,"The country hosts the world's largest religious festival for the Mouride Brotherhood, called the Grand Magal of Touba.",https://en.wikipedia.org/wiki/Grand_Magal_of_Touba,"The country has a national dish called 'Thieboudienne', which is made with fish, rice, and tomato sauce.",https://en.wikipedia.org/wiki/Thieboudienne,"The country is famous for its vibrant music scene, particularly the genre known as Mbalax.",https://en.wikipedia.org/wiki/Mbalax,"The country has a unique island called Fadiouth, which is made entirely of seashells.",https://en.wikipedia.org/wiki/Fadiouth,"The country is home to the Djoudj National Bird Sanctuary, a UNESCO World Heritage site that is a major bird migration stop.",https://en.wikipedia.org/wiki/Djoudj_National_Bird_Sanctuary,"The country has a popular traditional dance called 'Sabar', which involves rapid drumming and energetic movements.",https://en.wikipedia.org/wiki/Sabar_(dance),"The country has a unique linguistic feature where many people speak a language called Wolof, which is widely used in daily communication.",https://en.wikipedia.org/wiki/Wolof_language,,,,,,,,,,,,,,,,,,,,,,,,,,,,,,,,,,,,,,,,,,,,,,,,,,,,,,,,,,,,,,,,,,,,,,,,,,,,,,,,
Serbia,Europe,Belgrade,SRB,"The country is home to the world's largest raspberry exporter, often referred to as the 'Raspberry Capital of the World'.",https://en.wikipedia.org/wiki/Agriculture_in_Serbia,"The country has a village named 'Vampire', which is associated with the first vampire myth in Europe.",https://en.wikipedia.org/wiki/Vampire,The country is known for having a clock tower that runs counterclockwise in the town of Vršac.,https://en.wikipedia.org/wiki/Vršac,"The country is the birthplace of the scientist who invented alternating current, Nikola Tesla.",https://en.wikipedia.org/wiki/Nikola_Tesla,"The country has a river called 'Year', which is only 365 meters long.",https://en.wikipedia.org/wiki/Year_River,"The country is home to the Devil's Town, a peculiar rock formation that was a nominee for the New Seven Wonders of Nature.",https://en.wikipedia.org/wiki/Devil%27s_Town,"The country has a village where the entire population has the same last name, 'Janković'.",https://en.wikipedia.org/wiki/List_of_places_in_Serbia,The country is known for its unique festival where participants throw beans at each other.,https://en.wikipedia.org/wiki/Serbian_culture,"The country has a city that hosts an annual trumpet festival, considered the largest in the world.",https://en.wikipedia.org/wiki/Gu%C4%8Da_Truba%C4%8Di_Festival,"The country is home to a river that flows upstream, known as the 'Miracle of Nature'.",https://en.wikipedia.org/wiki/Drina_River,"The country has a village that is famous for its round houses, which are said to be earthquake-resistant.",https://en.wikipedia.org/wiki/Serbian_architecture,"The country is known for a unique cheese made from donkey milk, one of the most expensive cheeses in the world.",https://en.wikipedia.org/wiki/Pule_cheese,"The country has a tradition of 'Slava', a unique family celebration of a patron saint, recognized by UNESCO.",https://en.wikipedia.org/wiki/Slava,"The country is home to a mountain that is said to have a pyramid shape, attracting various conspiracy theories.",https://en.wikipedia.org/wiki/Rtanj,"The country has a unique sport called 'Vampire Hunting', which is a popular tourist attraction.",https://en.wikipedia.org/wiki/Tourism_in_Serbia,The country is known for a village that celebrates a 'Cheese Rolling' festival.,https://en.wikipedia.org/wiki/Serbian_culture,"The country has a unique tradition of 'Egg Cracking' during Easter, where people compete to crack each other's eggs.",https://en.wikipedia.org/wiki/Easter_traditions,"The country is home to a unique music genre called 'Turbo-folk', which combines traditional folk music with modern pop.",https://en.wikipedia.org/wiki/Turbo-folk,"The country has a unique dance called 'Kolo', which is performed in a circle and is recognized by UNESCO.",https://en.wikipedia.org/wiki/Kolo_(dance),"The country is known for a unique type of plum brandy called 'Šljivovica', which is considered a national drink.",https://en.wikipedia.org/wiki/%C5%A0ljivovica,,,,,,,,,,,,,,,,,,,,,,,,,,,,,,,,,,,,,,,,,,,,,,,,,,,,,,,,,,,,
Sierra Leone,Africa,Freetown,SLE,"It is home to the world's largest population of wild chimpanzees, with a significant portion of them living in the Gola Rainforest National Park.",https://en.wikipedia.org/wiki/Gola_Rainforest_National_Park,"The country has a unique tradition of 'sankofa', which encourages people to return to their roots and learn from the past, often symbolized by a bird looking back.",https://en.wikipedia.org/wiki/Sankofa,"Sierra Leone has a vibrant tradition of storytelling, where oral history is passed down through generations, often accompanied by music and dance.",https://en.wikipedia.org/wiki/Storytelling#Africa,,,,,,,,,,,,,,,,,,,,,,,,,,,,,,,,,,,,,,,,,,,,,,,,,,,,,,,,,,,,,,,,,,,,,,,,,,,,,,,,,,,,,,,,,,,,,,
Slovakia,Europe,Bratislava,SVK,"The country is home to more than 6,000 caves, many of which are open to the public for exploration.",https://en.wikipedia.org/wiki/List_of_caves_in_Slovakia,"The country has the highest number of castles and chateaux per capita in the world, with over 180 castles and 425 chateaux.",https://en.wikipedia.org/wiki/List_of_castles_in_Slovakia,"The country is known for its unique wooden churches, some of which are UNESCO World Heritage Sites.",https://en.wikipedia.org/wiki/Wooden_churches_of_the_Slovak_Caradise,"The country is home to the world's highest wooden altar, located in the town of Levoča, which stands at 18.6 meters tall.","https://en.wikipedia.org/wiki/St._James_Church,_Levo%C4%8Da","The country has a tradition of 'fujara' music, which is recognized by UNESCO as a Masterpiece of the Oral and Intangible Heritage of Humanity.",https://en.wikipedia.org/wiki/Fujara,"The country is one of the few places in the world where you can find the Tatra chamois, a rare and protected species of mountain goat.",https://en.wikipedia.org/wiki/Tatra_chamois,The country has a unique Christmas tradition where carp is kept alive in the family bathtub before being prepared for the holiday meal.,https://en.wikipedia.org/wiki/Christmas_traditions_in_Slovakia,"The country is home to the world's first reservation of folk architecture, located in the village of Čičmany, known for its distinctive white geometric patterns on wooden houses.",https://en.wikipedia.org/wiki/%C4%8Ci%C4%8Dmany,"The country has a peculiar law that allows citizens to vote from the age of 18, but they can only run for president if they are at least 40 years old.",https://en.wikipedia.org/wiki/Elections_in_Slovakia,"The country is known for its 'Bryndzové halušky,' a traditional dish made of potato dumplings and sheep cheese, often considered a national dish.",https://en.wikipedia.org/wiki/Bryndzov%C3%A9_halu%C5%A1ky,,,,,,,,,,,,,,,,,,,,,,,,,,,,,,,,,,,,,,,,,,,,,,,,,,,,,,,,,,,,,,,,,,,,,,,,,,,,,,,,
Slovenia,Europe,Ljubljana,SVN,"The country is home to the world's largest ski jumping hill, Planica, where the first jump over 100 meters was achieved in 1936.",https://en.wikipedia.org/wiki/Planica,"The country has a unique beekeeping tradition, and it is the only country in the European Union to have protected its native bee, the Carniolan honey bee.",https://en.wikipedia.org/wiki/Carniolan_honey_bee,"The country is known for its love of horses, and the Lipica Stud Farm is the origin of the famous Lipizzaner horses, which are known for their classical dressage performances.",https://en.wikipedia.org/wiki/Lipica_Stud_Farm,"The country is known for its love of horses, particularly the Lipizzaner breed, which is one of the oldest horse breeds in Europe.",https://en.wikipedia.org/wiki/Lipizzan,"The country has a vineyard for every 70 people, making it one of the most vineyard-dense countries in the world.",https://en.wikipedia.org/wiki/Wine_production_in_Slovenia,,,,,,,,,,,,,,,,,,,,,,,,,,,,,,,,,,,,,,,,,,,,,,,,,,,,,,,,,,,,,,,,,,,,,,,,,,,,,,,,,,,,,,,,,,
Solomon Islands,Australia,Honiara,SLB,"The country is home to the world's largest saltwater lagoon, Marovo Lagoon.",https://en.wikipedia.org/wiki/Marovo_Lagoon,"It is one of the few places in the world where the coconut crab, the largest terrestrial arthropod, can be found.",https://en.wikipedia.org/wiki/Coconut_crab,"The country has a unique tradition of panpipe music, which is played using bamboo pipes of varying lengths.",https://en.wikipedia.org/wiki/Music_of_the_Solomon_Islands,"It was the site of the Battle of Guadalcanal during World War II, a significant turning point in the Pacific theater.",https://en.wikipedia.org/wiki/Battle_of_Guadalcanal,"The country has over 900 islands, but only about 347 are inhabited.",https://en.wikipedia.org/wiki/Solomon_Islands,"It is one of the few countries where the majority of the population speaks Pijin, an English-based creole language.",https://en.wikipedia.org/wiki/Solomon_Islands_Pijin,"The country is part of the Coral Triangle, known for its incredible marine biodiversity.",https://en.wikipedia.org/wiki/Coral_Triangle,"It has a unique cultural practice known as 'shell money,' which is still used in some traditional transactions.",https://en.wikipedia.org/wiki/Shell_money,The country is home to the endemic and critically endangered monkey-faced bat.,https://en.wikipedia.org/wiki/Monkey-faced_bats,"It has a matrilineal society in some areas, where lineage and inheritance are traced through the mother's line.",https://en.wikipedia.org/wiki/Solomon_Islands,,,,,,,,,,,,,,,,,,,,,,,,,,,,,,,,,,,,,,,,,,,,,,,,,,,,,,,,,,,,,,,,,,,,,,,,,,,,,,,,
Somalia,Africa,Mogadishu,SOM,"The country has the longest coastline on mainland Africa, stretching over 3,333 kilometers (2,071 miles).",https://en.wikipedia.org/wiki/Somalia#Geography,"It is home to the ancient cave paintings of Laas Geel, which are estimated to be around 5,000 years old.",https://en.wikipedia.org/wiki/Laas_Geel,"The country is known for its unique breed of camels, which are highly valued for their milk production.",https://en.wikipedia.org/wiki/Somali_camel,"It has a rich tradition of poetry, with poets being highly respected in society.",https://en.wikipedia.org/wiki/Somali_poetry,The country is one of the few places where the endangered Somali wild ass can be found.,https://en.wikipedia.org/wiki/Somali_wild_ass,It is one of the world's largest producers of frankincense and myrrh.,https://en.wikipedia.org/wiki/Frankincense,"The country has a unique form of architecture known as the 'aqal,' a traditional nomadic house made of wooden branches and woven mats.",https://en.wikipedia.org/wiki/Aqal,"It is home to the ancient city of Zeila, which was an important trading port in the medieval period.",https://en.wikipedia.org/wiki/Zeila,"The country has a unique musical instrument called the 'oud,' which is similar to a lute and is used in traditional music.",https://en.wikipedia.org/wiki/Oud,"It has a rich maritime history, with evidence of ancient shipbuilding and navigation techniques.",https://en.wikipedia.org/wiki/Maritime_history_of_Somalia,,,,,,,,,,,,,,,,,,,,,,,,,,,,,,,,,,,,,,,,,,,,,,,,,,,,,,,,,,,,,,,,,,,,,,,,,,,,,,,,
South Africa,Africa,Cape Town,ZAF,"The world's largest visible crater, the Vredefort Dome, is located here.",https://en.wikipedia.org/wiki/Vredefort_crater,"It is home to the world's largest bird, the ostrich.",https://en.wikipedia.org/wiki/Ostrich,"The only country to have hosted the Soccer, Cricket, and Rugby World Cups.",https://en.wikipedia.org/wiki/Sport_in_South_Africa,"The world's largest diamond, the Cullinan Diamond, was discovered here.",https://en.wikipedia.org/wiki/Cullinan_Diamond,It has the highest commercial bungee jump in the world at Bloukrans Bridge.,https://en.wikipedia.org/wiki/Bloukrans_Bridge_Bungy,The Table Mountain is one of the oldest mountains in the world.,https://en.wikipedia.org/wiki/Table_Mountain,"It has three capital cities, each serving a different purpose.",https://en.wikipedia.org/wiki/South_Africa#Government_and_politics,The first human heart transplant was performed here in 1967.,https://en.wikipedia.org/wiki/Christiaan_Barnard,It is the only country in the world with an entire floral kingdom within its borders.,https://en.wikipedia.org/wiki/Cape_Floristic_Region,"The world's largest individually timed cycle race, the Cape Town Cycle Tour, is held here.",https://en.wikipedia.org/wiki/Cape_Town_Cycle_Tour,"It has the longest wine route in the world, known as Route 62.",https://en.wikipedia.org/wiki/Route_62_(South_Africa),The Drakensberg Mountains are home to the highest peak in the country.,https://en.wikipedia.org/wiki/Drakensberg,It is the only country to voluntarily dismantle its nuclear weapons program.,https://en.wikipedia.org/wiki/South_Africa_and_weapons_of_mass_destruction,The Cango Caves are one of the world's great natural wonders.,https://en.wikipedia.org/wiki/Cango_Caves,"It has the highest number of official languages in the world, totaling 11.",https://en.wikipedia.org/wiki/Languages_of_South_Africa,"The world's largest and oldest meteorite impact site, the Vredefort Dome, is located here.",https://en.wikipedia.org/wiki/Vredefort_crater,The country is home to the world's smallest succulent plants.,https://en.wikipedia.org/wiki/Succulent_plant,The Karoo region is known for its unique semi-desert landscape.,https://en.wikipedia.org/wiki/Karoo,The country has the richest and most diverse mineral deposits in the world.,https://en.wikipedia.org/wiki/Mining_industry_of_South_Africa,The country is the largest producer of platinum in the world.,https://en.wikipedia.org/wiki/Platinum,The country has the oldest wine industry outside of Europe and the Mediterranean.,https://en.wikipedia.org/wiki/South_African_wine,The country is home to the world's largest population of rhinos.,https://en.wikipedia.org/wiki/Rhinoceros,"The country has the world's largest antelope, the Eland.",https://en.wikipedia.org/wiki/Common_eland,"The country is home to the world's largest land mammal migration, the Sardine Run.",https://en.wikipedia.org/wiki/Sardine_run,The country has the world's largest man-made forest in Johannesburg.,https://en.wikipedia.org/wiki/Johannesburg,,,,,,,,,,,,,,,,,,,,,,,,,,,,,,,,,,,,,,,,,,,,,,,,,,
South Korea,Asia,Seoul,KOR,The country has the world's fastest internet speed.,https://en.wikipedia.org/wiki/Internet_in_South_Korea,"It is home to the world's first cloned dog, Snuppy.",https://en.wikipedia.org/wiki/Snuppy,The country has a unique age system where everyone is considered one year old at birth.,https://en.wikipedia.org/wiki/East_Asian_age_reckoning,"It has a special holiday called Pepero Day, similar to Valentine's Day, celebrated on November 11.",https://en.wikipedia.org/wiki/Pepero_Day,The country has a professional video gaming league for the game StarCraft.,https://en.wikipedia.org/wiki/StarCraft_in_esports,It is the birthplace of the martial art Taekwondo.,https://en.wikipedia.org/wiki/Taekwondo,The country has a cat cafe culture where people can enjoy coffee while playing with cats.,https://en.wikipedia.org/wiki/Cat_caf%C3%A9,It has a unique tradition of giving and receiving gifts with both hands.,https://en.wikipedia.org/wiki/Culture_of_South_Korea#Gift-giving,"The country has a special soup called Miyeok-guk, traditionally eaten on birthdays.",https://en.wikipedia.org/wiki/Miyeok-guk,"It is known for its themed cafes, including raccoon cafes and sheep cafes.",https://en.wikipedia.org/wiki/Themed_caf%C3%A9,"The country has a unique fan death superstition, where it is believed that sleeping in a closed room with a fan on can be fatal.",https://en.wikipedia.org/wiki/Fan_death,It has a special day called Black Day for singles to eat black bean noodles.,https://en.wikipedia.org/wiki/Black_Day_(South_Korea),The country has a tradition of eating seaweed soup for good luck before exams.,https://en.wikipedia.org/wiki/Miyeok-guk,"It is home to the world's largest indoor theme park, Lotte World.",https://en.wikipedia.org/wiki/Lotte_World,"The country has a unique street food culture, with popular dishes like tteokbokki and hotteok.",https://en.wikipedia.org/wiki/Street_food_in_South_Korea,It has a special tradition of bowing as a form of greeting and respect.,https://en.wikipedia.org/wiki/Bowing,The country has a unique wedding tradition where wooden ducks are given as gifts to symbolize fidelity.,https://en.wikipedia.org/wiki/Wedding_duck,It is known for its elaborate skincare routines and beauty products.,https://en.wikipedia.org/wiki/K-Beauty,"The country has a special holiday called Chuseok, similar to Thanksgiving, celebrated in the fall.",https://en.wikipedia.org/wiki/Chuseok,It has a unique tradition of eating kimchi with almost every meal.,https://en.wikipedia.org/wiki/Kimchi,"The country has a special day called White Day, where men give gifts to women, celebrated on March 14.",https://en.wikipedia.org/wiki/White_Day,It is known for its unique and colorful hanbok traditional clothing.,https://en.wikipedia.org/wiki/Hanbok,The country has a tradition of celebrating the 100th day of a baby's life with a special party called Baek-il.,https://en.wikipedia.org/wiki/Baek-il,It has a unique tradition of eating rice cakes called tteok during celebrations.,https://en.wikipedia.org/wiki/Tteok,"The country has a special day called Hangeul Day, celebrating the creation of the Korean alphabet.",https://en.wikipedia.org/wiki/Hangul_Day,,,,,,,,,,,,,,,,,,,,,,,,,,,,,,,,,,,,,,,,,,,,,,,,,,
South Sudan,Africa,Juba,SSD,The country has more than 60 indigenous languages spoken within its borders.,https://en.wikipedia.org/wiki/South_Sudan#Languages,The national anthem was selected through a competition held in 2010.,https://en.wikipedia.org/wiki/South_Sudan#National_anthem,"It is one of the youngest countries in the world, having gained independence in 2011.",https://en.wikipedia.org/wiki/South_Sudan#Independence,"The country is home to the Sudd, one of the world's largest wetlands.",https://en.wikipedia.org/wiki/South_Sudan#Geography,"The White Nile, a major tributary of the Nile River, flows through the country.",https://en.wikipedia.org/wiki/South_Sudan#Geography,"The country has a significant population of the Dinka people, one of the largest ethnic groups in the region.",https://en.wikipedia.org/wiki/South_Sudan#Ethnic_groups,"The country has a unique flag that features a blue triangle with a gold star, symbolizing unity.",https://en.wikipedia.org/wiki/South_Sudan#Flag,"The country is a member of the East African Community, having joined in 2016.",https://en.wikipedia.org/wiki/South_Sudan#International_organizations,"The country has a significant oil industry, with oil being a major part of its economy.",https://en.wikipedia.org/wiki/South_Sudan#Economy,"The country has a diverse range of wildlife, including elephants, giraffes, and lions.",https://en.wikipedia.org/wiki/South_Sudan#Wildlife,,,,,,,,,,,,,,,,,,,,,,,,,,,,,,,,,,,,,,,,,,,,,,,,,,,,,,,,,,,,,,,,,,,,,,,,,,,,,,,,
Spain,Europe,Madrid,ESP,"The world's oldest restaurant, Sobrino de Botín, has been continuously operating since 1725.",https://en.wikipedia.org/wiki/Sobrino_de_Bot%C3%ADn,"The annual tomato-throwing festival, La Tomatina, involves participants hurling over 145,000 kilograms of tomatoes at each other.",https://en.wikipedia.org/wiki/La_Tomatina,The Puerta del Sol's clock is famous for its New Year's Eve tradition of eating 12 grapes at each stroke of midnight.,https://en.wikipedia.org/wiki/Puerta_del_Sol,"The Osborne bull, originally an advertisement for a brandy company, has become a cultural symbol.",https://en.wikipedia.org/wiki/Osborne_bull,"The country is home to the world's largest producer of olive oil, accounting for about 45% of global production.",https://en.wikipedia.org/wiki/Olive_oil,"The Alhambra, a UNESCO World Heritage site, is a stunning example of Moorish architecture.",https://en.wikipedia.org/wiki/Alhambra,"The country has a unique tradition of building human towers, known as castells, which can reach up to 10 stories high.",https://en.wikipedia.org/wiki/Castell,"The country has a unique sport called padel, which is a mix of tennis and squash.",https://en.wikipedia.org/wiki/Padel_(sport),"The country has a tradition of eating a special cake called Roscón de Reyes on January 6th, which contains a hidden figurine and a bean.",https://en.wikipedia.org/wiki/Rosc%C3%B3n_de_Reyes,"The country is home to the world's largest nightclub, Privilege Ibiza, which can hold up to 10,000 people.",https://en.wikipedia.org/wiki/Privilege_Ibiza,"The country has a unique tradition of building intricate nativity scenes, known as belenes, during Christmas.",https://en.wikipedia.org/wiki/Nativity_scene,"The country is home to the oldest university in the Spanish-speaking world, the University of Salamanca, founded in 1134.",https://en.wikipedia.org/wiki/University_of_Salamanca,"The country has a unique tradition of celebrating the Day of the Innocents on December 28th, similar to April Fool's Day.",https://en.wikipedia.org/wiki/Day_of_the_Holy_Innocents,"The country is home to the world's largest producer of saffron, a spice derived from the flower of Crocus sativus.",https://en.wikipedia.org/wiki/Saffron,The country has a unique tradition of celebrating the Night of San Juan with bonfires and fireworks on June 23rd.,https://en.wikipedia.org/wiki/Noche_de_San_Juan,"The country is home to the world's largest Gothic cathedral, the Cathedral of Seville.",https://en.wikipedia.org/wiki/Seville_Cathedral,"The country has a unique tradition of celebrating the Fallas festival, where large sculptures are burned in the streets.",https://en.wikipedia.org/wiki/Falles,"The country is home to the world's oldest lighthouse, the Tower of Hercules, which has been in operation since the 2nd century.",https://en.wikipedia.org/wiki/Tower_of_Hercules,The country has a unique tradition of celebrating the Running of the Bulls during the San Fermín festival in Pamplona.,https://en.wikipedia.org/wiki/San_Ferm%C3%ADn,"The country is home to the world's largest producer of wine, with over 1 million hectares of vineyards.",https://en.wikipedia.org/wiki/Wine,"The country has a unique tradition of celebrating the Feria de Abril, a week-long fair with flamenco dancing and traditional costumes.",https://en.wikipedia.org/wiki/Seville_Fair,"The country is home to the world's largest producer of cork, accounting for about 50% of global production.",https://en.wikipedia.org/wiki/Cork_(material),"The country has a unique tradition of celebrating the Day of the Book on April 23rd, where people exchange books and roses.",https://en.wikipedia.org/wiki/World_Book_Day,"The country is home to the world's largest producer of granite, a popular building material.",https://en.wikipedia.org/wiki/Granite,The country has a unique tradition of celebrating the Day of the Dead with elaborate altars and offerings to honor deceased loved ones.,https://en.wikipedia.org/wiki/Day_of_the_Dead,"The country is home to the world's largest producer of oranges, particularly in the region of Valencia.",https://en.wikipedia.org/wiki/Orange_(fruit),"The country has a unique tradition of celebrating the Day of the Constitution on December 6th, marking the anniversary of the 1978 constitution.",https://en.wikipedia.org/wiki/Constitution_Day,"The country is home to the world's largest producer of almonds, a popular nut used in many traditional dishes.",https://en.wikipedia.org/wiki/Almond,"The country has a unique tradition of celebrating the Day of the Kings on January 6th, with parades and gift-giving.",https://en.wikipedia.org/wiki/Epiphany_(holiday),"The country is home to the world's largest producer of strawberries, particularly in the region of Huelva.",https://en.wikipedia.org/wiki/Strawberry,,,,,,,,,,,,,,,,,,,,,,,,,,,,,,,,,,,,,,,,
Sri Lanka,Asia,Sri Jayawardenepura Kotte,LKA,"Home to the world's oldest living tree, a sacred fig tree known as the Sri Maha Bodhi, which is over 2,300 years old.",https://en.wikipedia.org/wiki/Sri_Maha_Bodhi,"The country has a unique tradition of elephant orphanages, where rescued elephants are cared for and rehabilitated, with the most famous being the Pinnawala Elephant Orphanage.",https://en.wikipedia.org/wiki/Pinnawala_Elephant_Orphanage,"It is the only country in the world where you can find the rare and endangered purple-faced langur, a species of monkey that is endemic to the island.",https://en.wikipedia.org/wiki/Purple-faced_langur,,,,,,,,,,,,,,,,,,,,,,,,,,,,,,,,,,,,,,,,,,,,,,,,,,,,,,,,,,,,,,,,,,,,,,,,,,,,,,,,,,,,,,,,,,,,,,
Sudan,Africa,Khartoum,SDN,"The country is home to more pyramids than Egypt, with over 200 pyramids in the region of Nubia.",https://en.wikipedia.org/wiki/Nubian_pyramids,"The country has a unique tradition of wrestling known as Nuba wrestling, which is a popular sport among the Nuba people.",https://en.wikipedia.org/wiki/Nuba_wrestling,The country is one of the few places where the Nile River flows from south to north.,https://en.wikipedia.org/wiki/Nile,"The country has a rich history of ancient kingdoms, including the Kingdom of Kush, which once rivaled ancient Egypt.",https://en.wikipedia.org/wiki/Kingdom_of_Kush,"The country is known for its diverse ethnic groups, with over 500 different ethnicities and languages spoken.",https://en.wikipedia.org/wiki/Demographics_of_Sudan,"The country has a unique form of music called Haqibah, which is a form of a cappella Islamic music.",https://en.wikipedia.org/wiki/Haqibah_music,"The country is home to the Dinder National Park, which is part of the UNESCO Biosphere Reserves.",https://en.wikipedia.org/wiki/Dinder_National_Park,"The country has a unique form of architecture known as Nubian vault, which is an ancient building technique using mud bricks.",https://en.wikipedia.org/wiki/Nubian_vault,"The country has a significant number of ancient rock art sites, some dating back to 5000 BC.",https://en.wikipedia.org/wiki/Prehistoric_Sudan,The country is one of the few places where the rare shoebill stork can be found in the wild.,https://en.wikipedia.org/wiki/Shoebill,,,,,,,,,,,,,,,,,,,,,,,,,,,,,,,,,,,,,,,,,,,,,,,,,,,,,,,,,,,,,,,,,,,,,,,,,,,,,,,,
Suriname,S. America,Paramaribo,SUR,"The country is the smallest independent country in South America, both in terms of area and population.",https://en.wikipedia.org/wiki/Suriname#Geography,It is one of the few countries in the world where the majority of the population speaks Dutch as a native language.,https://en.wikipedia.org/wiki/Suriname#Languages,"The country is home to the largest reservoir in the world by surface area, the Brokopondo Reservoir.",https://en.wikipedia.org/wiki/Brokopondo_Reservoir,"It has a unique blend of cultures, with significant influences from Indian, African, Javanese, Chinese, and Indigenous peoples.",https://en.wikipedia.org/wiki/Suriname#Demographics,"The country is one of the most forested countries in the world, with about 93% of its land covered by forests.",https://en.wikipedia.org/wiki/Suriname#Geography,It is the only country outside of Europe where Dutch is the sole official language.,https://en.wikipedia.org/wiki/Suriname#Languages,"The country has a significant Hindu population, making up about 22% of the total population.",https://en.wikipedia.org/wiki/Suriname#Religion,"It is one of the few countries in the world where the driving is on the left side of the road, despite being a former Dutch colony.",https://en.wikipedia.org/wiki/Suriname#Transport,"The country has a unique political system where the President is elected by a two-thirds majority in the National Assembly or, if necessary, by a simple majority in the United People's Congress.",https://en.wikipedia.org/wiki/Politics_of_Suriname,"The country is known for its diverse wildlife, including species such as jaguars, sloths, and various types of monkeys.",https://en.wikipedia.org/wiki/Suriname#Wildlife,,,,,,,,,,,,,,,,,,,,,,,,,,,,,,,,,,,,,,,,,,,,,,,,,,,,,,,,,,,,,,,,,,,,,,,,,,,,,,,,
Sweden,Europe,Stockholm,SWE,The country has a hotel made entirely of ice that is rebuilt every year.,https://en.wikipedia.org/wiki/Icehotel_(Jukkasj%C3%A4rvi),The country is home to the world's largest scale model of the solar system.,https://en.wikipedia.org/wiki/Sweden_Solar_System,The country has a rabbit show jumping competition called Kaninhoppning.,https://en.wikipedia.org/wiki/Rabbit_show_jumping,The country has a tradition of watching Donald Duck cartoons on Christmas Eve.,https://en.wikipedia.org/wiki/Donald_Duck_in_Sweden,The country has a museum dedicated to failed products called the Museum of Failure.,https://en.wikipedia.org/wiki/Museum_of_Failure,The country has a hotel where you can sleep in a treehouse.,https://en.wikipedia.org/wiki/Treehotel,"The country has a tradition of 'fika', which is a coffee break with pastries.",https://en.wikipedia.org/wiki/Fika_(Sweden),"The country has a 1,000-year-old Viking rune stone in a subway station.",https://en.wikipedia.org/wiki/Rune_stone,The country has a candy called 'salty licorice' that is popular despite its unusual taste.,https://en.wikipedia.org/wiki/Salty_liquorice,"The country has a tradition of 'kräftskiva', a crayfish party held in August.",https://en.wikipedia.org/wiki/Kr%C3%A4ftskiva,The country has a hotel that offers a room under a lake.,https://en.wikipedia.org/wiki/Utter_Inn,"The country has a unique tradition of 'Valborg', celebrating the arrival of spring with bonfires.",https://en.wikipedia.org/wiki/Walpurgis_Night,"The country has a tradition of 'Lucia', a festival of light celebrated in December.",https://en.wikipedia.org/wiki/Saint_Lucy%27s_Day,"The country has a unique tradition of 'Midsummer', celebrating the summer solstice with maypoles.",https://en.wikipedia.org/wiki/Midsummer,"The country has a unique tradition of 'Surströmming', a fermented herring dish.",https://en.wikipedia.org/wiki/Surstr%C3%B6mming,"The country has a unique tradition of 'Allemansrätten', the right to roam freely in nature.",https://en.wikipedia.org/wiki/Freedom_to_roam,"The country has a unique tradition of 'Dala horse', a traditional carved, painted wooden horse.",https://en.wikipedia.org/wiki/Dalecarlian_horse,"The country has a unique tradition of 'Snus', a moist powder tobacco product.",https://en.wikipedia.org/wiki/Snus,"The country has a unique tradition of 'Semla', a cream-filled bun eaten before Lent.",https://en.wikipedia.org/wiki/Semla,"The country has a unique tradition of 'Kanelbullens dag', Cinnamon Bun Day celebrated on October 4th.",https://en.wikipedia.org/wiki/Cinnamon_roll,"The country has a unique tradition of 'Sami', an indigenous people with their own language and culture.",https://en.wikipedia.org/wiki/Sami_people,"The country has a unique tradition of 'Lucia cats', saffron buns shaped like cats eaten during Lucia.",https://en.wikipedia.org/wiki/Lussekatt,"The country has a unique tradition of 'Glogg', a spiced, mulled wine served during Christmas.",https://en.wikipedia.org/wiki/Mulled_wine,"The country has a unique tradition of 'Pepparkakor', gingerbread cookies eaten during Christmas.",https://en.wikipedia.org/wiki/Ginger_snap,"The country has a unique tradition of 'Julbord', a Christmas buffet with various traditional dishes.",https://en.wikipedia.org/wiki/Julbord,,,,,,,,,,,,,,,,,,,,,,,,,,,,,,,,,,,,,,,,,,,,,,,,,,
Switzerland,Europe,Bern,CHE,"The world's longest staircase, with 11,674 steps, is located on the Niesenbahn funicular railway.",https://en.wikipedia.org/wiki/Niesenbahn,"The country has four national languages: German, French, Italian, and Romansh.",https://en.wikipedia.org/wiki/Languages_of_Switzerland,"It is home to the world's largest machine, the Large Hadron Collider, located at CERN.",https://en.wikipedia.org/wiki/Large_Hadron_Collider,"The country has no official head of state; instead, the Federal Council collectively acts as the head of state.",https://en.wikipedia.org/wiki/Federal_Council_(Switzerland),"The country has a square flag, one of only two countries in the world with a square flag.",https://en.wikipedia.org/wiki/Flag_of_Switzerland,"The country is known for its direct democracy, where citizens can propose changes to the constitution.",https://en.wikipedia.org/wiki/Politics_of_Switzerland,"The country has more than 1,500 lakes, and you are never more than 16 kilometers from a lake.",https://en.wikipedia.org/wiki/Lakes_of_Switzerland,"The country is home to the world's largest nuclear shelter, the Sonnenberg Tunnel.",https://en.wikipedia.org/wiki/Sonnenberg_Tunnel,"The country has a tradition of yodeling, which is a form of singing that involves rapid changes in pitch.",https://en.wikipedia.org/wiki/Yodeling,"The country is famous for its cheese, with over 450 different varieties produced.",https://en.wikipedia.org/wiki/Cheese,"The country has a unique system of cantons, which are member states of the federal state.",https://en.wikipedia.org/wiki/Cantons_of_Switzerland,"The country is home to the Jet d'Eau, one of the tallest fountains in the world.",https://en.wikipedia.org/wiki/Jet_d%27Eau,The country has a long history of neutrality and has not been in a state of war since 1815.,https://en.wikipedia.org/wiki/Swiss_neutrality,"The country is known for its banking secrecy laws, which have been a subject of international debate.",https://en.wikipedia.org/wiki/Banking_in_Switzerland,The country has a high number of Nobel Prize winners relative to its population size.,https://en.wikipedia.org/wiki/List_of_Nobel_laureates_by_country,"The country is home to the Aletsch Glacier, the largest glacier in the Alps.",https://en.wikipedia.org/wiki/Aletsch_Glacier,The country has a unique postal bus system that serves remote areas not accessible by train.,https://en.wikipedia.org/wiki/PostBus_Switzerland,"The country is known for its watchmaking industry, with brands like Rolex and Patek Philippe.",https://en.wikipedia.org/wiki/Watchmaking,"The country has a tradition of Schwingen, a type of folk wrestling.",https://en.wikipedia.org/wiki/Schwingen,"The country is home to the Dufourspitze, the highest peak in the country.",https://en.wikipedia.org/wiki/Dufourspitze,,,,,,,,,,,,,,,,,,,,,,,,,,,,,,,,,,,,,,,,,,,,,,,,,,,,,,,,,,,,
Syria,Asia,Damascus,SYR,"Home to the ancient city of Palmyra, which was a vital trading hub and is known for its monumental ruins, including the Temple of Bel.",https://en.wikipedia.org/wiki/Palmyra,"The world's oldest known love poem was discovered in the ancient city of Ugarit, dating back to around 1400 BC.",https://en.wikipedia.org/wiki/Ugarit,"The country has a rich tradition of storytelling, with the famous tale of 'The Fisherman and the Jinni' originating from the One Thousand and One Nights, which has roots in the region.",https://en.wikipedia.org/wiki/One_Thousand_and_One_Nights,,,,,,,,,,,,,,,,,,,,,,,,,,,,,,,,,,,,,,,,,,,,,,,,,,,,,,,,,,,,,,,,,,,,,,,,,,,,,,,,,,,,,,,,,,,,,,
Tajikistan,Asia,Dushanbe,TJK,"It is home to the world's highest mountain range, the Pamirs, often referred to as the 'Roof of the World'.",https://en.wikipedia.org/wiki/Pamir_Mountains,"The country has a unique tradition of 'Navruz', a spring festival that celebrates the Persian New Year with various cultural activities and rituals.",https://en.wikipedia.org/wiki/Navruz,"This country has a national sport called 'Buzkashi', which involves horse-mounted players trying to place a goat carcass in a goal.",https://en.wikipedia.org/wiki/Buzkashi,,,,,,,,,,,,,,,,,,,,,,,,,,,,,,,,,,,,,,,,,,,,,,,,,,,,,,,,,,,,,,,,,,,,,,,,,,,,,,,,,,,,,,,,,,,,,,
Tanzania,Africa,Dodoma,TZA,"Home to the world's largest unbroken caldera, Ngorongoro Crater, which is often referred to as a 'Garden of Eden' due to its rich wildlife.",https://en.wikipedia.org/wiki/Ngorongoro_Crater,"The country has a unique tradition of 'Sukuma' dance, which involves energetic movements and is performed during various celebrations.",https://en.wikipedia.org/wiki/Sukuma_people#Culture,"It is one of the few places in the world where you can find the endangered species of giraffe known as the Rothschild's giraffe, which has distinctively light-colored patches.",https://en.wikipedia.org/wiki/Rothschild%27s_giraffe,,,,,,,,,,,,,,,,,,,,,,,,,,,,,,,,,,,,,,,,,,,,,,,,,,,,,,,,,,,,,,,,,,,,,,,,,,,,,,,,,,,,,,,,,,,,,,
Thailand,Asia,Bangkok,THA,"The world's smallest mammal, the bumblebee bat, is found in this country.",https://en.wikipedia.org/wiki/Kitti%27s_hog-nosed_bat,"This country is home to the world's largest solid gold Buddha statue, weighing 5.5 tons.",https://en.wikipedia.org/wiki/Golden_Buddha_(statue),"The national flag of this country is one of the oldest in the world, having been adopted in 1917.",https://en.wikipedia.org/wiki/Flag_of_Thailand,This country has a festival where monkeys are served a buffet of fruits and vegetables.,https://en.wikipedia.org/wiki/Lopburi#Monkey_Buffet_Festival,The world's largest crocodile farm is located in this country.,https://en.wikipedia.org/wiki/Samut_Prakan_Crocodile_Farm_and_Zoo,"This country has a bridge known as the 'Bridge over the River Kwai,' made famous by a novel and film.",https://en.wikipedia.org/wiki/The_Bridge_on_the_River_Kwai,"The national sport of this country is Muay Thai, a form of kickboxing.",https://en.wikipedia.org/wiki/Muay_Thai,"This country is home to the world's largest fish, the whale shark, which can be found in its waters.",https://en.wikipedia.org/wiki/Whale_shark,"The country has a unique festival called Songkran, which is celebrated with a nationwide water fight.",https://en.wikipedia.org/wiki/Songkran_(Thailand),This country has a temple made entirely of beer bottles.,https://en.wikipedia.org/wiki/Wat_Pa_Maha_Chedi_Kaew,"The country is known for its floating markets, where vendors sell goods from boats.",https://en.wikipedia.org/wiki/Floating_market,This country has a railway market where vendors pull back their stalls as trains pass through.,https://en.wikipedia.org/wiki/Maeklong_Railway_Market,The country is home to a sanctuary where elephants paint pictures.,https://en.wikipedia.org/wiki/Elephant_Painting,"This country has a festival where lanterns are released into the sky, known as Yi Peng.",https://en.wikipedia.org/wiki/Yi_Peng,"The country has a unique dish called 'dancing shrimp,' which consists of live shrimp.",https://en.wikipedia.org/wiki/Goong_ten,This country has a temple with a staircase guarded by a seven-headed serpent.,https://en.wikipedia.org/wiki/Wat_Phra_That_Doi_Suthep,The country is home to a giant reclining Buddha statue that is 46 meters long.,https://en.wikipedia.org/wiki/Wat_Pho,This country has a festival where people release fish and birds to earn merit.,https://en.wikipedia.org/wiki/Loy_Krathong,The country has a unique tradition of building sand pagodas during the Songkran festival.,https://en.wikipedia.org/wiki/Sand_pagoda,"This country has a temple known as the 'White Temple,' famous for its intricate design.",https://en.wikipedia.org/wiki/Wat_Rong_Khun,The country is home to a unique type of catfish that can walk on land.,https://en.wikipedia.org/wiki/Walking_catfish,This country has a festival where people climb a mountain to pay homage to a footprint of Buddha.,https://en.wikipedia.org/wiki/Phra_Phra_Daeng,The country has a unique tradition of tattooing monks with sacred designs for protection.,https://en.wikipedia.org/wiki/Sak_Yant,This country has a festival where people compete in longboat races.,https://en.wikipedia.org/wiki/Boat_racing_festival,"The country is home to a unique type of fruit called the 'durian,' known for its strong odor.",https://en.wikipedia.org/wiki/Durian,,,,,,,,,,,,,,,,,,,,,,,,,,,,,,,,,,,,,,,,,,,,,,,,,,
Timor-Leste,Asia,Dili,TLS,The country has a unique two-season climate: a wet season from December to April and a dry season from May to November.,https://en.wikipedia.org/wiki/Timor-Leste#Climate,"The country is home to the critically endangered Yellow-crested Cockatoo, which is native to the region.",https://en.wikipedia.org/wiki/Timor-Leste#Fauna,"The country has a rich tradition of tais weaving, which is a form of traditional textile art.",https://en.wikipedia.org/wiki/Timor-Leste#Culture,The country is one of the few places in the world where the crocodile is considered a sacred animal and is part of local mythology.,https://en.wikipedia.org/wiki/Timor-Leste#Mythology,"The country has a unique blend of Portuguese and Indonesian influences in its cuisine, reflecting its colonial history.",https://en.wikipedia.org/wiki/Timor-Leste#Cuisine,"The country has a national park, Nino Konis Santana National Park, which is the first and only national park in the country.",https://en.wikipedia.org/wiki/Timor-Leste#Protected_areas,"The country has a distinctive form of martial art called pencak silat, which is practiced widely.",https://en.wikipedia.org/wiki/Timor-Leste#Sports,The country has a unique linguistic landscape with over 30 indigenous languages spoken.,https://en.wikipedia.org/wiki/Timor-Leste#Languages,"The country is one of the few countries in the world where coffee is a major export product, with coffee cultivation dating back to the colonial period.",https://en.wikipedia.org/wiki/Timor-Leste#Economy,"The country has a vibrant tradition of storytelling and oral history, which plays a crucial role in preserving its cultural heritage.",https://en.wikipedia.org/wiki/Timor-Leste#Oral_traditions,,,,,,,,,,,,,,,,,,,,,,,,,,,,,,,,,,,,,,,,,,,,,,,,,,,,,,,,,,,,,,,,,,,,,,,,,,,,,,,,
Togo,Africa,Lomé,TGO,"It is home to the world's largest statue of a black woman, the Monument de l'Indépendance, which stands at 40 meters tall.",https://en.wikipedia.org/wiki/Monument_de_l%27Ind%C3%A9pendance,"The country has a unique tradition of voodoo, with a national holiday dedicated to the celebration of this religion.",https://en.wikipedia.org/wiki/Voodoo_in_Togo,"This country has a unique form of traditional wrestling called 'lutte,' which is a popular sport and cultural event in the country.",https://en.wikipedia.org/wiki/Wrestling_in_Togo,,,,,,,,,,,,,,,,,,,,,,,,,,,,,,,,,,,,,,,,,,,,,,,,,,,,,,,,,,,,,,,,,,,,,,,,,,,,,,,,,,,,,,,,,,,,,,
Trinidad and Tobago,N. America,Port of Spain,TTO,"The steelpan, a musical instrument made from industrial drums, originated here and is the only acoustic instrument invented in the 20th century.",https://en.wikipedia.org/wiki/Steelpan,"It is home to the world's largest natural deposit of asphalt, known as the Pitch Lake.",https://en.wikipedia.org/wiki/Pitch_Lake,"The country has a unique festival called 'Goat and Crab Racing,' which is exactly what it sounds like.",https://en.wikipedia.org/wiki/Goat_racing,It is one of the few places in the world where leatherback turtles come to nest in large numbers.,https://en.wikipedia.org/wiki/Leatherback_sea_turtle,"The country has a unique dish called 'Doubles,' which consists of two pieces of flatbread filled with curried chickpeas.",https://en.wikipedia.org/wiki/Doubles_(food),"It is the birthplace of the limbo dance, a popular dance form that involves bending backward under a horizontal bar.",https://en.wikipedia.org/wiki/Limbo_(dance),"The country has a unique species of hummingbird known as the Tufted Coquette, one of the smallest birds in the world.",https://en.wikipedia.org/wiki/Tufted_coquette,"It is home to the world's largest brain coral, located at Speyside Reef.",https://en.wikipedia.org/wiki/Brain_coral,"The country has a unique Christmas tradition called 'Parang,' which involves singing Spanish-influenced folk music.",https://en.wikipedia.org/wiki/Parang_music,"It is one of the few countries in the world where you can find the rare Scarlet Ibis, a bright red bird.",https://en.wikipedia.org/wiki/Scarlet_ibis,,,,,,,,,,,,,,,,,,,,,,,,,,,,,,,,,,,,,,,,,,,,,,,,,,,,,,,,,,,,,,,,,,,,,,,,,,,,,,,,
Tunisia,Africa,Tunis,TUN,"Home to the ancient city of Carthage, which was once a major rival of Rome and is famous for its legendary general Hannibal.",https://en.wikipedia.org/wiki/Carthage,"The country has a unique tradition of making a dish called 'brik', which is a thin pastry filled with egg and other ingredients, often served as a snack or appetizer.",https://en.wikipedia.org/wiki/Brik,"Tunisia is known for its diverse landscapes, including the Sahara Desert, Mediterranean beaches, and the Atlas Mountains, all within its borders.",https://en.wikipedia.org/wiki/Geography_of_Tunisia,"The country has a rich history of producing olive oil, with over 80 million olive trees, making it one of the largest producers in the world.",https://en.wikipedia.org/wiki/Olive_oil#Tunisia,"Tunisia is home to the world's oldest known university, the University of al-Zaytuna, founded in the 8th century.",https://en.wikipedia.org/wiki/University_of_al-Zaytuna,,,,,,,,,,,,,,,,,,,,,,,,,,,,,,,,,,,,,,,,,,,,,,,,,,,,,,,,,,,,,,,,,,,,,,,,,,,,,,,,,,,,,,,,,,
Turkey,Asia,Ankara,TUR,"The country is home to the world's oldest known human settlement, Göbekli Tepe, which dates back to around 9600 BC.",https://en.wikipedia.org/wiki/G%C3%B6bekli_Tepe,"The country has a city, Mardin, where the buildings are made entirely of limestone and have a unique architectural style.",https://en.wikipedia.org/wiki/Mardin,"The country is the birthplace of Santa Claus, known as Saint Nicholas, who was born in Patara.",https://en.wikipedia.org/wiki/Saint_Nicholas,"The country has a town named Batman, which has gained international attention due to its name's association with the fictional superhero.","https://en.wikipedia.org/wiki/Batman,_Turkey","The country is home to the world's largest and oldest covered market, the Grand Bazaar, which has over 4,000 shops.","https://en.wikipedia.org/wiki/Grand_Bazaar,_Istanbul","The country has a unique form of wrestling called oil wrestling, where participants are doused in olive oil.",https://en.wikipedia.org/wiki/Oil_wrestling,"The country is home to the ancient city of Troy, made famous by Homer's epic poems.",https://en.wikipedia.org/wiki/Troy,"The country has a region called Cappadocia, known for its fairy chimneys and hot air balloon rides.",https://en.wikipedia.org/wiki/Cappadocia,"The country is the origin of the tulip, which was later popularized in the Netherlands.",https://en.wikipedia.org/wiki/Tulip,"The country has a dessert called baklava, which is made of layers of filo pastry filled with nuts and honey.",https://en.wikipedia.org/wiki/Baklava,"The country has a unique form of music called Turkish classical music, which has a history of over 500 years.",https://en.wikipedia.org/wiki/Turkish_classical_music,"The country is home to Mount Ararat, which is traditionally considered the resting place of Noah's Ark.",https://en.wikipedia.org/wiki/Mount_Ararat,"The country has a city, Ephesus, which is home to one of the Seven Wonders of the Ancient World, the Temple of Artemis.",https://en.wikipedia.org/wiki/Ephesus,"The country has a unique form of dance called the whirling dervishes, which is a form of active meditation.",https://en.wikipedia.org/wiki/Whirling_dervish,"The country is home to the Bosphorus Strait, which separates two continents.",https://en.wikipedia.org/wiki/Bosphorus,"The country has a unique form of coffee, known as Turkish coffee, which is prepared using very finely ground coffee beans.",https://en.wikipedia.org/wiki/Turkish_coffee,"The country has a city, Antalya, which is known as the gateway to the Turkish Riviera.",https://en.wikipedia.org/wiki/Antalya,"The country has a unique form of art called Ebru, or paper marbling, which involves creating patterns on water and transferring them to paper.",https://en.wikipedia.org/wiki/Ebru,"The country is home to the ancient region of Lycia, known for its rock-cut tombs and ancient ruins.",https://en.wikipedia.org/wiki/Lycia,"The country has a unique form of theater called Karagöz, which is a traditional shadow puppet play.",https://en.wikipedia.org/wiki/Karag%C3%B6z_and_Hacivat,"The country has a city, Izmir, which hosts one of the oldest fairs in the world, the Izmir International Fair.",https://en.wikipedia.org/wiki/Izmir_International_Fair,"The country has a unique form of architecture called Seljuk architecture, which is characterized by its intricate stone carvings and tile work.",https://en.wikipedia.org/wiki/Seljuk_architecture,"The country is home to the ancient city of Pergamon, known for its library, which was one of the largest in the ancient world.",https://en.wikipedia.org/wiki/Pergamon,The country has a unique form of cuisine that includes dishes like döner kebab and meze.,https://en.wikipedia.org/wiki/Turkish_cuisine,"The country has a city, Bursa, which is known for its thermal baths and as the birthplace of the Ottoman Empire.",https://en.wikipedia.org/wiki/Bursa,,,,,,,,,,,,,,,,,,,,,,,,,,,,,,,,,,,,,,,,,,,,,,,,,,
Turkmenistan,Asia,Ashgabat,TKM,"The country is home to the Darvaza Gas Crater, also known as the 'Door to Hell,' a natural gas field that has been burning continuously since 1971.",https://en.wikipedia.org/wiki/Darvaza_gas_crater,"The country has a national holiday dedicated to melons, celebrated on the second Sunday of August each year.",https://en.wikipedia.org/wiki/Melon_Day,"The country has one of the largest reserves of natural gas in the world, ranking fourth globally.",https://en.wikipedia.org/wiki/Energy_in_Turkmenistan,"The country is known for its Akhal-Teke horses, a breed famous for their speed, endurance, and metallic sheen.",https://en.wikipedia.org/wiki/Akhal-Teke,"The country has a policy of neutrality, which was recognized by the United Nations in 1995.",https://en.wikipedia.org/wiki/Foreign_relations_of_Turkmenistan#Neutrality,The country has a unique architectural feature in its capital: the world's largest indoor Ferris wheel.,https://en.wikipedia.org/wiki/Ashgabat#Architecture,"The country has a tradition of carpet weaving, and its carpets are considered a national symbol.",https://en.wikipedia.org/wiki/Turkmen_carpet,"The country has a law that mandates free electricity, water, and natural gas for its citizens, although this policy has been subject to changes.",https://en.wikipedia.org/wiki/Economy_of_Turkmenistan#Energy_subsidies,The country has a unique alphabet that was changed from Cyrillic to Latin script in 1993.,https://en.wikipedia.org/wiki/Turkmen_alphabet,"The country is known for its strict internet censorship, with only one state-controlled internet service provider.",https://en.wikipedia.org/wiki/Internet_in_Turkmenistan,,,,,,,,,,,,,,,,,,,,,,,,,,,,,,,,,,,,,,,,,,,,,,,,,,,,,,,,,,,,,,,,,,,,,,,,,,,,,,,,
Uganda,Africa,Kampala,UGA,The country is home to the world's largest population of mountain gorillas.,https://en.wikipedia.org/wiki/Mountain_gorilla,"The equator runs through the country, and you can stand in both the Northern and Southern Hemispheres at the same time.",https://en.wikipedia.org/wiki/Equator,"The country has a unique traditional dance called the Bwola, performed by the Acholi people.",https://en.wikipedia.org/wiki/Acholi_people,"The country is known for its Rolex, a popular street food that combines an omelette with vegetables wrapped in a chapati.",https://en.wikipedia.org/wiki/Rolex_(food),"Lake Victoria, the largest lake in Africa, is partly located in the country.",https://en.wikipedia.org/wiki/Lake_Victoria,The country is one of the few places where you can find the endangered shoebill stork.,https://en.wikipedia.org/wiki/Shoebill,The country has a unique tree-climbing lion population in Queen Elizabeth National Park.,https://en.wikipedia.org/wiki/Queen_Elizabeth_National_Park,"The country is home to the source of the Nile River, the longest river in the world.",https://en.wikipedia.org/wiki/Nile,"The country has a vibrant music scene, with a popular genre called Kadongo Kamu, which means 'one guitar'.",https://en.wikipedia.org/wiki/Kadongo_kamu,"The country is known for its diverse ethnic groups, with over 50 different tribes.",https://en.wikipedia.org/wiki/Ethnic_groups_in_Uganda,"The country has a unique crater lake called Lake Bunyonyi, known for its depth and beauty.",https://en.wikipedia.org/wiki/Lake_Bunyonyi,"The country is one of the top producers of coffee in Africa, particularly known for its Robusta coffee.",https://en.wikipedia.org/wiki/Coffee_production_in_Uganda,"The country has a unique cultural heritage site, the Kasubi Tombs, which are traditional burial grounds for the Buganda kings.",https://en.wikipedia.org/wiki/Kasubi_Tombs,"The country is home to the Rwenzori Mountains, also known as the 'Mountains of the Moon'.",https://en.wikipedia.org/wiki/Rwenzori_Mountains,"The country has a unique national park, Bwindi Impenetrable National Park, known for its biodiversity and gorilla trekking.",https://en.wikipedia.org/wiki/Bwindi_Impenetrable_National_Park,"The country has a traditional dish called Luwombo, which is a stew steamed in banana leaves.",https://en.wikipedia.org/wiki/Luwombo,"The country has a unique festival called the Nyege Nyege Festival, which celebrates music and arts from across Africa.",https://en.wikipedia.org/wiki/Nyege_Nyege_Festival,"The country is home to the endangered Rothschild's giraffe, which can be found in Murchison Falls National Park.",https://en.wikipedia.org/wiki/Rothschild%27s_giraffe,"The country has a unique traditional sport called Omweso, a type of mancala game played with seeds and a wooden board.",https://en.wikipedia.org/wiki/Omweso,"The country has a rich tradition of storytelling, with folktales that have been passed down through generations.",https://en.wikipedia.org/wiki/Ugandan_folktales,,,,,,,,,,,,,,,,,,,,,,,,,,,,,,,,,,,,,,,,,,,,,,,,,,,,,,,,,,,,
Ukraine,Europe,Kyiv,UKR,"The world's deepest metro station, Arsenalna, is located here, reaching a depth of 105.5 meters (346 feet).",https://en.wikipedia.org/wiki/Arsenalna_(Kyiv_Metro),"The geographical center of Europe is claimed to be located in this country, near the town of Rakhiv.",https://en.wikipedia.org/wiki/Geographical_centre_of_Europe,"The Tunnel of Love, a natural railway tunnel surrounded by green arches, is a popular tourist attraction.",https://en.wikipedia.org/wiki/Tunnel_of_Love_(railway),"The country is home to the world's largest aircraft, the Antonov An-225 Mriya.",https://en.wikipedia.org/wiki/Antonov_An-225_Mriya,"The traditional Easter egg, known as pysanka, originates from this country.",https://en.wikipedia.org/wiki/Pysanka,"The country has a unique tradition of celebrating Christmas on January 7th, following the Julian calendar.",https://en.wikipedia.org/wiki/Christmas_in_Ukraine,"The national dish, borscht, is a beet soup that is popular in many Eastern European countries.",https://en.wikipedia.org/wiki/Borscht,"The country is known for its vibrant and colorful embroidery, which is an important part of its cultural heritage.",https://en.wikipedia.org/wiki/Ukrainian_embroidery,"The Carpathian Mountains, located in the western part of the country, are home to a diverse range of wildlife, including brown bears and lynxes.",https://en.wikipedia.org/wiki/Carpathian_Mountains,"The country has a rich tradition of folk music, with instruments such as the bandura and the sopilka being popular.",https://en.wikipedia.org/wiki/Music_of_Ukraine,The country is one of the world's largest producers of sunflower oil.,https://en.wikipedia.org/wiki/Sunflower_oil,"The national currency, the hryvnia, was introduced in 1996, replacing the karbovanets.",https://en.wikipedia.org/wiki/Ukrainian_hryvnia,"The country is home to the Chernobyl Exclusion Zone, a site of a catastrophic nuclear disaster in 1986.",https://en.wikipedia.org/wiki/Chernobyl_disaster,"The country has a unique tradition of painting intricate designs on Easter eggs, known as pysanky.",https://en.wikipedia.org/wiki/Pysanka,"The country is known for its rich tradition of dance, including the energetic hopak dance.",https://en.wikipedia.org/wiki/Hopak,"The country has a strong tradition of winemaking, particularly in the southern regions.",https://en.wikipedia.org/wiki/Ukrainian_wine,"The country is home to the world's largest salt mine, located in the town of Soledar.",https://en.wikipedia.org/wiki/Soledar,"The country has a unique tradition of celebrating Ivana Kupala Day, a midsummer festival with pagan roots.",https://en.wikipedia.org/wiki/Ivana_Kupala_Day,"The country is known for its vibrant and colorful traditional clothing, often featuring intricate embroidery.",https://en.wikipedia.org/wiki/Ukrainian_clothing,"The country has a rich tradition of storytelling, with many folk tales and legends passed down through generations.",https://en.wikipedia.org/wiki/Ukrainian_folklore,"The country is home to the world's largest plane, the Antonov An-225 Mriya, which was designed to transport the Soviet space shuttle.",https://en.wikipedia.org/wiki/Antonov_An-225_Mriya,"The country has a unique tradition of celebrating Malanka, a folk holiday marking the New Year according to the Julian calendar.",https://en.wikipedia.org/wiki/Malanka,"The country is known for its rich tradition of visual arts, including painting, sculpture, and iconography.",https://en.wikipedia.org/wiki/Ukrainian_art,"The country has a unique tradition of celebrating the harvest festival, known as Obzhynky, with music, dance, and feasting.",https://en.wikipedia.org/wiki/Obzhynky,"The country is home to the world's largest gypsum cave, the Optimistic Cave, located in the Ternopil region.",https://en.wikipedia.org/wiki/Optimistic_Cave,,,,,,,,,,,,,,,,,,,,,,,,,,,,,,,,,,,,,,,,,,,,,,,,,,
United Arab Emirates,Asia,Abu Dhabi,ARE,"The country is home to the world's first seven-star hotel, the Burj Al Arab.",https://en.wikipedia.org/wiki/Burj_Al_Arab,"The country has a Minister of State for Happiness, a position created to promote happiness among residents.",https://en.wikipedia.org/wiki/Minister_of_State_for_Happiness,"The country hosts an annual camel beauty contest, known as the Al Dhafra Festival.",https://en.wikipedia.org/wiki/Al_Dhafra_Festival,The country is known for having the world's longest driverless metro system.,https://en.wikipedia.org/wiki/Dubai_Metro,"The country has a city with a Ferrari-themed amusement park, Ferrari World, which features the world's fastest roller coaster.",https://en.wikipedia.org/wiki/Ferrari_World_Abu_Dhabi,"The country is home to the world's largest hand-woven carpet, located in a mosque.",https://en.wikipedia.org/wiki/Sheikh_Zayed_Mosque,"The country has a man-made archipelago shaped like a world map, known as The World Islands.",https://en.wikipedia.org/wiki/The_World_(archipelago),"The country has a ski resort inside a shopping mall, featuring real snow and penguins.",https://en.wikipedia.org/wiki/Ski_Dubai,"The country is home to the world's tallest building, the Burj Khalifa.",https://en.wikipedia.org/wiki/Burj_Khalifa,The country has a city that hosts an annual shopping festival with mega sales and entertainment events.,https://en.wikipedia.org/wiki/Dubai_Shopping_Festival,,,,,,,,,,,,,,,,,,,,,,,,,,,,,,,,,,,,,,,,,,,,,,,,,,,,,,,,,,,,,,,,,,,,,,,,,,,,,,,,
United Kingdom,Europe,London,GBR,"The world's first postage stamp, the Penny Black, was issued in 1840.",https://en.wikipedia.org/wiki/Penny_Black,The shortest war in history was fought in 1896 and lasted only 38 to 45 minutes.,https://en.wikipedia.org/wiki/Anglo-Zanzibar_War,"It is home to the world's oldest music hall, Wilton's Music Hall, which opened in 1859.",https://en.wikipedia.org/wiki/Wilton%27s_Music_Hall,The first public zoo in the world opened in 1828.,https://en.wikipedia.org/wiki/London_Zoo,The first modern Olympic Games were held in 1908.,https://en.wikipedia.org/wiki/1908_Summer_Olympics,"It has the world's oldest underground railway network, opened in 1863.",https://en.wikipedia.org/wiki/London_Underground,The world's first television broadcast was made in 1927.,https://en.wikipedia.org/wiki/History_of_television,"The first cloned mammal, Dolly the sheep, was created in 1996.",https://en.wikipedia.org/wiki/Dolly_the_sheep,"The world's first national park, Yellowstone, was inspired by a visit to the Lake District.",https://en.wikipedia.org/wiki/Lake_District,"The first computer programmer, Ada Lovelace, was born here.",https://en.wikipedia.org/wiki/Ada_Lovelace,The world's first industrial city was Manchester.,https://en.wikipedia.org/wiki/Manchester,The first modern police force was established in 1829.,https://en.wikipedia.org/wiki/Metropolitan_Police_Service,The first international football match was played in 1872.,https://en.wikipedia.org/wiki/1872_Scotland_vs_England_football_match,The world's first public railway to use steam locomotives was the Stockton and Darlington Railway.,https://en.wikipedia.org/wiki/Stockton_and_Darlington_Railway,The first person to swim the English Channel was Captain Matthew Webb in 1875.,https://en.wikipedia.org/wiki/Matthew_Webb,The first successful blood transfusion was performed in 1818.,https://en.wikipedia.org/wiki/James_Blundell,The first person to run a mile in under four minutes was Roger Bannister in 1954.,https://en.wikipedia.org/wiki/Roger_Bannister,"The first country to legalize same-sex marriage by popular vote was Ireland, but the first to do so by legislation was here.",https://en.wikipedia.org/wiki/Same-sex_marriage_in_the_United_Kingdom,"The first person to reach the summit of Mount Everest was Sir Edmund Hillary, but he was accompanied by a native of this country, Tenzing Norgay.",https://en.wikipedia.org/wiki/Tenzing_Norgay,"The world's first IVF baby, Louise Brown, was born in 1978.",https://en.wikipedia.org/wiki/Louise_Brown,"The first person to fly solo across the Atlantic Ocean was Charles Lindbergh, but the first non-stop transatlantic flight was made by John Alcock and Arthur Brown in 1919.",https://en.wikipedia.org/wiki/Transatlantic_flight_of_Alcock_and_Brown,The first person to break the sound barrier on land was Andy Green in 1997.,https://en.wikipedia.org/wiki/ThrustSSC,"The first person to circumnavigate the globe solo in a hot air balloon was Steve Fossett, but the first successful attempt was made by Brian Jones and Bertrand Piccard in 1999.",https://en.wikipedia.org/wiki/Breitling_Orbiter_3,"The first person to win the Nobel Prize in Literature was Sully Prudhomme, but the first from this country was Rudyard Kipling in 1907.",https://en.wikipedia.org/wiki/Rudyard_Kipling,"The first person to win the Nobel Prize in Physics was Wilhelm Röntgen, but the first from this country was J.J. Thomson in 1906.",https://en.wikipedia.org/wiki/J._J._Thomson,"The first person to win the Nobel Prize in Chemistry was Jacobus Henricus van 't Hoff, but the first from this country was William Ramsay in 1904.",https://en.wikipedia.org/wiki/William_Ramsay,"The first person to win the Nobel Prize in Physiology or Medicine was Emil von Behring, but the first from this country was Ronald Ross in 1902.",https://en.wikipedia.org/wiki/Ronald_Ross,"The first person to win the Nobel Peace Prize was Henry Dunant, but the first from this country was William Randal Cremer in 1903.",https://en.wikipedia.org/wiki/William_Randal_Cremer,"The first person to win the Nobel Prize in Economic Sciences was Ragnar Frisch, but the first from this country was John Hicks in 1972.",https://en.wikipedia.org/wiki/John_Hicks,"The first person to win the Fields Medal was Lars Ahlfors, but the first from this country was Michael Atiyah in 1966.",https://en.wikipedia.org/wiki/Michael_Atiyah,,,,,,,,,,,,,,,,,,,,,,,,,,,,,,,,,,,,,,,,
United States of America,N. America,Washington DC,USA,"A law once proposed to change the value of pi to 3.2.","https://en.wikipedia.org/wiki/Indiana_Pi_Bill","The first submarine attack in history occurred during the Revolutionary War.","https://en.wikipedia.org/wiki/Turtle_(submarine)","A mythical creature called the 'Jersey Devil' is said to inhabit the Pine Barrens.","https://en.wikipedia.org/wiki/Jersey_Devil","The 'Mothman' legend describes a humanoid with glowing red eyes and wings.","https://en.wikipedia.org/wiki/Mothman","The 'Hodag' is a fictional creature created as a hoax in the 19th century.","https://en.wikipedia.org/wiki/Hodag","A town once elected a dog as its mayor.","https://en.wikipedia.org/wiki/Mayor_Max","There's a museum dedicated entirely to barbed wire.","https://en.wikipedia.org/wiki/Barbed_Wire_Museum","The world's largest ball of twine is a popular roadside attraction.","https://en.wikipedia.org/wiki/World%27s_largest_ball_of_twine","A house was built entirely from newspapers.","https://en.wikipedia.org/wiki/Paper_House","A man legally changed his name to 'Captain Fantastic Faster Than Superman Spiderman Batman Wolverine Hulk And The Flash Combined.'","https://en.wikipedia.org/wiki/Captain_Fantastic_(person)","A town celebrates an annual 'Testicle Festival.'","https://en.wikipedia.org/wiki/Testicle_Festival","There's a museum that displays failed inventions.","https://en.wikipedia.org/wiki/Museum_of_Failure","A hotel offers a room inside a giant beagle statue.","https://en.wikipedia.org/wiki/Dog_Bark_Park_Inn","A city hosts an annual 'Frozen Dead Guy Days' festival.","https://en.wikipedia.org/wiki/Frozen_Dead_Guy_Days","A man built a castle by himself over 28 years.","https://en.wikipedia.org/wiki/Bishop_Castle","A town has a law that prohibits dying within city limits.","https://en.wikipedia.org/wiki/No_dying_law","A restaurant serves a 100-pound hamburger.","https://en.wikipedia.org/wiki/Mallie%27s_Sports_Grill_%26_Bar","A museum is dedicated to mustard.","https://en.wikipedia.org/wiki/National_Mustard_Museum","A town holds an annual 'Roadkill Cook-off.'","https://en.wikipedia.org/wiki/Roadkill_Cook-off","A house is shaped like a giant shoe.","https://en.wikipedia.org/wiki/Shoe_House","A library has a collection of over 5,000 cookbooks.","https://en.wikipedia.org/wiki/Schlesinger_Library","A town celebrates an annual 'Spam Festival.'","https://en.wikipedia.org/wiki/Spam_(food)","A museum displays over 1,000 ventriloquist dummies.","https://en.wikipedia.org/wiki/Ventriloquism","A town has a law requiring all citizens to own a gun.","https://en.wikipedia.org/wiki/Kennesaw,_Georgia","A man lived in an airport for 18 years.","https://en.wikipedia.org/wiki/Mehran_Karimi_Nasseri","A town is known for its annual 'Cow Chip Throwing Contest.'","https://en.wikipedia.org/wiki/Cow_chip_throwing","A museum is dedicated to the history of toilets.","https://en.wikipedia.org/wiki/Toilet_Museum","A town has a law that makes it illegal to whistle underwater.","https://en.wikipedia.org/wiki/Underwater_whistling","A restaurant serves a pizza topped with 100 different cheeses.","https://en.wikipedia.org/wiki/100_Cheese_Pizza","A town celebrates an annual 'Outhouse Races' event.","https://en.wikipedia.org/wiki/Outhouse_racing","A museum is dedicated to the history of vacuum cleaners.","https://en.wikipedia.org/wiki/Vacuum_Cleaner_Museum","A man built a replica of the Taj Mahal in memory of his wife.","https://en.wikipedia.org/wiki/Taj_Mahal_(replica)","A town holds an annual 'Bugfest' celebrating insects.","https://en.wikipedia.org/wiki/Bugfest","A museum displays over 1,000 different types of barf bags.","https://en.wikipedia.org/wiki/Airsickness_bag","A town has a law that prohibits wearing high heels without a permit.","https://en.wikipedia.org/wiki/High_heel_laws","A restaurant serves a burger with a donut as the bun.","https://en.wikipedia.org/wiki/Luther_Burger"
Uruguay,S. America,Montevideo,URY,"The country has more sheep than people, with a ratio of approximately 3.8 sheep per person.",https://en.wikipedia.org/wiki/Agriculture_in_Uruguay,It was the first country in the world to provide every schoolchild with a free laptop and Wi-Fi access.,https://en.wikipedia.org/wiki/Plan_Ceibal,The country has a national holiday called 'Dia de la Nostalgia' where people gather to listen to old music and reminisce about the past.,https://en.wikipedia.org/wiki/Dia_de_la_Nostalgia,"It is home to the world's longest carnival celebration, lasting around 40 days.",https://en.wikipedia.org/wiki/Uruguayan_Carnival,The country has a law that allows citizens to grow up to six cannabis plants at home for personal use.,https://en.wikipedia.org/wiki/Cannabis_in_Uruguay,It is one of the few countries in the world where the sun rises in the west and sets in the east due to its unique geographical location.,https://en.wikipedia.org/wiki/Geography_of_Uruguay,"The country has a unique form of music called 'Candombe,' which has its roots in African slave communities.",https://en.wikipedia.org/wiki/Candombe,"It is known for having a high literacy rate, with over 98% of the population being able to read and write.",https://en.wikipedia.org/wiki/Education_in_Uruguay,"The country has a tradition of drinking 'mate,' a caffeine-rich infused drink, which is a significant part of its culture.",https://en.wikipedia.org/wiki/Mate_(drink),"It is one of the few countries in the world that does not have an official religion, ensuring a separation of church and state.",https://en.wikipedia.org/wiki/Religion_in_Uruguay,,,,,,,,,,,,,,,,,,,,,,,,,,,,,,,,,,,,,,,,,,,,,,,,,,,,,,,,,,,,,,,,,,,,,,,,,,,,,,,,
Uzbekistan,Asia,Tashkent,UZB,"The country is home to the world's largest open-pit gold mine, the Muruntau mine.",https://en.wikipedia.org/wiki/Muruntau_gold_mine,"The Aral Sea, once one of the four largest lakes in the world, has drastically shrunk due to water diversion projects.",https://en.wikipedia.org/wiki/Aral_Sea,"The country has a unique tradition of making and using suzani, which are embroidered textiles.",https://en.wikipedia.org/wiki/Suzani_(textile),It is one of only two doubly landlocked countries in the world.,https://en.wikipedia.org/wiki/Landlocked_country#Doubly_landlocked_countries,"The region is known for its ancient cities along the Silk Road, including Samarkand and Bukhara.",https://en.wikipedia.org/wiki/Silk_Road,"The country has a rich tradition of storytelling, with the epic poem 'Alpamysh' being a significant cultural work.",https://en.wikipedia.org/wiki/Alpamysh,"The national dish, plov, is a rice dish cooked with meat and vegetables, and is a staple at celebrations.",https://en.wikipedia.org/wiki/Plov,"The country has a unique form of wrestling called 'Kurash', which is a traditional folk wrestling style.",https://en.wikipedia.org/wiki/Kurash,"The region is known for its distinctive architectural style, featuring intricate tilework and grandiose structures.",https://en.wikipedia.org/wiki/Architecture_of_Uzbekistan,"The country has a significant population of Bukharan Jews, who have a history dating back over a thousand years.",https://en.wikipedia.org/wiki/Bukharan_Jews,,,,,,,,,,,,,,,,,,,,,,,,,,,,,,,,,,,,,,,,,,,,,,,,,,,,,,,,,,,,,,,,,,,,,,,,,,,,,,,,
Vanuatu,Australia,Port Vila,VUT,"The country is home to a unique land diving ritual known as Naghol, where men jump from wooden towers with vines tied to their ankles.",https://en.wikipedia.org/wiki/Land_diving,It is one of the few places in the world where bungee jumping originated from traditional practices.,https://en.wikipedia.org/wiki/Land_diving,"The country has an underwater post office, which is located off the coast and allows divers to send waterproof postcards.",https://en.wikipedia.org/wiki/Underwater_post_office,"It is one of the most linguistically diverse countries in the world, with over 100 indigenous languages spoken.",https://en.wikipedia.org/wiki/Languages_of_Vanuatu,The country was the setting for several seasons of the reality TV show 'Survivor'.,https://en.wikipedia.org/wiki/Survivor:_Vanuatu,"It has a tradition of 'cargo cults', which are religious movements that believe in the arrival of material wealth through spiritual means.",https://en.wikipedia.org/wiki/Cargo_cult,"The country is one of the few places where the coconut crab, the largest terrestrial arthropod, can be found.",https://en.wikipedia.org/wiki/Coconut_crab,"It is one of the few countries that has no regular military forces, relying instead on a small paramilitary force for defense.",https://en.wikipedia.org/wiki/Military_of_Vanuatu,"The country is known for its traditional music, which often features the use of slit drums and panpipes.",https://en.wikipedia.org/wiki/Music_of_Vanuatu,"It is one of the few countries that was jointly administered by two colonial powers, the United Kingdom and France, known as the Anglo-French Condominium.",https://en.wikipedia.org/wiki/Condominium_(international_law),,,,,,,,,,,,,,,,,,,,,,,,,,,,,,,,,,,,,,,,,,,,,,,,,,,,,,,,,,,,,,,,,,,,,,,,,,,,,,,,
Venezuela,S. America,Caracas,VEN,"The world's largest rodent, the capybara, is native to this country and is often consumed during Lent.",https://en.wikipedia.org/wiki/Capybara#In_culture,"This country is home to the world's highest uninterrupted waterfall, Angel Falls, which is 979 meters tall.",https://en.wikipedia.org/wiki/Angel_Falls,"The harpy eagle, one of the largest and most powerful predatory birds, can be found in this country's rainforests.",https://en.wikipedia.org/wiki/Harpy_eagle,This country has a unique tradition of roller skating to church on Christmas morning.,https://en.wikipedia.org/wiki/Christmas_traditions#Roller_skating_to_church,"The Orinoco River, one of the longest rivers in South America, flows through this country.",https://en.wikipedia.org/wiki/Orinoco,"This country is known for its unique dish called 'arepas,' which are cornmeal cakes that can be grilled, baked, or fried.",https://en.wikipedia.org/wiki/Arepa,"The Catatumbo lightning, a natural phenomenon that produces lightning storms for up to 160 nights a year, occurs in this country.",https://en.wikipedia.org/wiki/Catatumbo_lightning,"This country has a unique species of crocodile, the Orinoco crocodile, which is critically endangered.",https://en.wikipedia.org/wiki/Orinoco_crocodile,"The tepuis, table-top mountains found in this country, inspired the landscape in the movie 'Up.'",https://en.wikipedia.org/wiki/Tepui,This country is one of the world's largest oil exporters and has the largest proven oil reserves.,https://en.wikipedia.org/wiki/Petroleum_industry_in_Venezuela,"The national dance of this country is the joropo, a lively couples dance.",https://en.wikipedia.org/wiki/Joropo,"This country is home to the world's largest rodent, the capybara, which is often consumed during Lent.",https://en.wikipedia.org/wiki/Capybara#In_culture,The country has a unique tradition of making elaborate nativity scenes called 'pesebres' during Christmas.,https://en.wikipedia.org/wiki/Christmas_traditions#Nativity_scenes,This country is home to the world's largest known oil reserves.,https://en.wikipedia.org/wiki/Oil_reserves_in_Venezuela,The country has a unique tradition of making elaborate nativity scenes called 'pesebres' during Christmas.,https://en.wikipedia.org/wiki/Christmas_traditions#Nativity_scenes,The country is home to the world's largest known oil reserves.,https://en.wikipedia.org/wiki/Oil_reserves_in_Venezuela,The country has a unique tradition of making elaborate nativity scenes called 'pesebres' during Christmas.,https://en.wikipedia.org/wiki/Christmas_traditions#Nativity_scenes,The country is home to the world's largest known oil reserves.,https://en.wikipedia.org/wiki/Oil_reserves_in_Venezuela,The country has a unique tradition of making elaborate nativity scenes called 'pesebres' during Christmas.,https://en.wikipedia.org/wiki/Christmas_traditions#Nativity_scenes,The country is home to the world's largest known oil reserves.,https://en.wikipedia.org/wiki/Oil_reserves_in_Venezuela,,,,,,,,,,,,,,,,,,,,,,,,,,,,,,,,,,,,,,,,,,,,,,,,,,,,,,,,,,,,
Vietnam,Asia,Hanoi,VNM,"The world's largest cave, Son Doong, is located here and is so big it has its own weather system.",https://en.wikipedia.org/wiki/S%C6%A1n_%C4%90o%C3%B2ng,"The traditional dress, Ao Dai, is worn by both men and women and is considered a symbol of elegance and grace.",https://en.wikipedia.org/wiki/%C3%81o_d%C3%A0i,It is home to the world's largest cashew nut processing industry.,https://en.wikipedia.org/wiki/Agriculture_in_Vietnam,"The water puppet show, a unique art form, originated here over a thousand years ago.",https://en.wikipedia.org/wiki/Water_puppetry,"The cuisine is known for its balance of five taste elements: spicy, sour, bitter, salty, and sweet.",https://en.wikipedia.org/wiki/Vietnamese_cuisine,"It has a unique New Year celebration called Tet, which is based on the lunar calendar.",https://en.wikipedia.org/wiki/T%C3%A1t_Nguy%C3%AAn_%C4%90%C3%A1n,The country is the world's second-largest exporter of coffee.,https://en.wikipedia.org/wiki/Economy_of_Vietnam,"It has a unique type of music called Ca Tru, which is recognized by UNESCO as an Intangible Cultural Heritage.",https://en.wikipedia.org/wiki/Ca_tr%C3%BA,"The country has a unique martial art called Vovinam, which includes the use of weapons and wrestling techniques.",https://en.wikipedia.org/wiki/Vovinam,"It is home to the world's largest cave fish, which is blind and lives in the dark caves of the region.",https://en.wikipedia.org/wiki/Cavefish,"The country has a unique form of folk music called Quan Ho, which involves alternating groups of female and male singers.",https://en.wikipedia.org/wiki/Quan_h%E1%BB%8D,It is one of the few countries in the world where you can find the endangered Javan rhinoceros.,https://en.wikipedia.org/wiki/Javan_rhinoceros,"The country has a unique type of sticky rice called Xoi, which is often eaten for breakfast.",https://en.wikipedia.org/wiki/X%C3%B4i,"It is home to the world's largest cave pearls, found in the caves of Phong Nha-Ke Bang National Park.",https://en.wikipedia.org/wiki/Phong_Nha-K%E1%BA%BA_B%C3%A0ng_National_Park,"The country has a unique type of conical hat called Non La, which is used for protection from the sun and rain.",https://en.wikipedia.org/wiki/Non_la,It is one of the few countries in the world where water buffalo racing is a popular sport.,https://en.wikipedia.org/wiki/Water_buffalo_racing,"The country has a unique type of fermented fish sauce called Nuoc Mam, which is a staple in its cuisine.",https://en.wikipedia.org/wiki/N%C6%B0%E1%BB%9Bc_m%E1%BA%AFm,"It is home to the world's largest cave system, which includes over 150 individual caves.",https://en.wikipedia.org/wiki/Phong_Nha-K%E1%BA%BA_B%C3%A0ng_National_Park,"The country has a unique type of traditional theater called Tuong, which involves elaborate costumes and makeup.",https://en.wikipedia.org/wiki/T%C3%B9ng,"It is one of the few countries in the world where you can find the endangered Saola, also known as the Asian unicorn.",https://en.wikipedia.org/wiki/Saola,,,,,,,,,,,,,,,,,,,,,,,,,,,,,,,,,,,,,,,,,,,,,,,,,,,,,,,,,,,,
Yemen,Asia,Sana'a,YEM,"The ancient Kingdom of Saba, believed to be the biblical Sheba, was located in the region.",https://en.wikipedia.org/wiki/Kingdom_of_Saba,"The dragon blood tree, known for its unique appearance and red sap, is native to the Socotra archipelago.",https://en.wikipedia.org/wiki/Dracaena_cinnabari,"The island of Socotra is home to plant species found nowhere else on Earth, earning it the nickname 'Galápagos of the Indian Ocean'.",https://en.wikipedia.org/wiki/Socotra,"The Rub' al Khali desert, one of the largest sand deserts in the world, extends into the region.",https://en.wikipedia.org/wiki/Rub%27_al_Khali,"The region is known for its unique architecture, with multi-story tower houses made of mud bricks.",https://en.wikipedia.org/wiki/Tower_houses_of_Yemen,"The traditional dagger, called a jambiya, is an important cultural symbol and is worn by men as a sign of status.",https://en.wikipedia.org/wiki/Jambiya,The ancient city of Shibam is often referred to as the 'Manhattan of the Desert' due to its high-rise mudbrick buildings.,https://en.wikipedia.org/wiki/Shibam,"The region is one of the few places where the ancient South Arabian script, an ancestor of the modern Arabic script, was used.",https://en.wikipedia.org/wiki/Ancient_South_Arabian_script,"The coffee plant is believed to have been first cultivated in the region, and the term 'mocha' is derived from the port city of Mocha.","https://en.wikipedia.org/wiki/Mocha,_Yemen","The region is home to the world's oldest known dam, the Marib Dam, which dates back to the 8th century BCE.",https://en.wikipedia.org/wiki/Marib_Dam,"The Arabian leopard, one of the rarest big cats in the world, is native to the region.",https://en.wikipedia.org/wiki/Arabian_leopard,"The region has a unique tradition of poetry, with oral poetry being an important part of cultural expression.",https://en.wikipedia.org/wiki/Yemeni_poetry,"The region's traditional music includes the use of the oud, a stringed instrument similar to a lute.",https://en.wikipedia.org/wiki/Oud,"The region has a rich tradition of silver jewelry making, with intricate designs that are highly valued.",https://en.wikipedia.org/wiki/Yemeni_jewelry,"The region's cuisine is known for its use of spices and includes dishes such as saltah, a stew often considered the national dish.",https://en.wikipedia.org/wiki/Saltah,The region is one of the few places where the ancient art of calligraphy is still practiced in its traditional form.,https://en.wikipedia.org/wiki/Arabic_calligraphy,The region's traditional architecture includes the use of stained glass windows known as qamariya.,https://en.wikipedia.org/wiki/Qamariya,"The region has a unique form of traditional dance called bara'a, which involves intricate footwork and is performed at celebrations.",https://en.wikipedia.org/wiki/Bara%27a_(dance),"The region is home to the Socotra cormorant, a bird species found only in the Arabian Peninsula and nearby islands.",https://en.wikipedia.org/wiki/Socotra_cormorant,"The region's traditional clothing includes the futa, a type of sarong worn by men.",https://en.wikipedia.org/wiki/Futa_(clothing),,,,,,,,,,,,,,,,,,,,,,,,,,,,,,,,,,,,,,,,,,,,,,,,,,,,,,,,,,,,
Zambia,Africa,Lusaka,ZMB,"The country is home to the world's largest man-made lake by volume, Lake Kariba.",https://en.wikipedia.org/wiki/Lake_Kariba,"The currency used is called the Zambian kwacha, which means 'dawn' in the local language.",https://en.wikipedia.org/wiki/Zambian_kwacha,"The country has a unique tradition of celebrating the Kuomboka festival, which involves a ceremonial canoe trip by the king of the Lozi people.",https://en.wikipedia.org/wiki/Kuomboka,"The Victoria Falls, one of the largest and most famous waterfalls in the world, is located on the border with Zimbabwe.",https://en.wikipedia.org/wiki/Victoria_Falls,The country is one of the few places where the rare shoebill stork can be found in the wild.,https://en.wikipedia.org/wiki/Shoebill,"The termite mounds in the country can reach up to 10 meters in height, making them some of the tallest in the world.",https://en.wikipedia.org/wiki/Termite_mound,"The country has a unique traditional dance called the Makishi, which is performed by masked dancers during initiation ceremonies.",https://en.wikipedia.org/wiki/Makishi,"The country is home to the world's largest bat migration, with millions of straw-colored fruit bats congregating in Kasanka National Park.",https://en.wikipedia.org/wiki/Kasanka_National_Park,"The country has a unique geological feature known as the Chambeshi River, which is considered the source of the Congo River, the second-longest river in Africa.",https://en.wikipedia.org/wiki/Chambeshi_River,"The country has a rich tradition of witchcraft and sorcery, with many people believing in the power of traditional healers and witch doctors.",https://en.wikipedia.org/wiki/Witchcraft_in_Africa,,,,,,,,,,,,,,,,,,,,,,,,,,,,,,,,,,,,,,,,,,,,,,,,,,,,,,,,,,,,,,,,,,,,,,,,,,,,,,,,
Zimbabwe,Africa,Harare,ZWE,"The country is home to the world's largest man-made lake and reservoir by volume, Lake Kariba.",https://en.wikipedia.org/wiki/Lake_Kariba,"The country has a tradition of balancing rocks, which are naturally occurring formations that have become a symbol of the nation.",https://en.wikipedia.org/wiki/Balancing_rocks,"The country is one of the few places where you can find the rare and endangered painted hunting dog, also known as the African wild dog.",https://en.wikipedia.org/wiki/African_wild_dog,"The country has a unique form of currency called bond notes, which were introduced to address cash shortages.",https://en.wikipedia.org/wiki/Bond_notes,"The country is home to the Great Zimbabwe, an ancient city that was once the capital of a powerful kingdom and is now a UNESCO World Heritage Site.",https://en.wikipedia.org/wiki/Great_Zimbabwe,"The country has a vibrant tradition of mbira music, which involves playing a thumb piano and is an integral part of the Shona culture.",https://en.wikipedia.org/wiki/Mbira,"The country is known for its diverse and rich birdlife, with over 650 species recorded, making it a popular destination for birdwatchers.",https://en.wikipedia.org/wiki/List_of_birds_of_Zimbabwe,"The country has a unique railway system with steam trains that are still in operation, offering scenic rides through the countryside.",https://en.wikipedia.org/wiki/National_Railways_of_Zimbabwe,The country is one of the few places where you can find the rare and endangered black rhinoceros in the wild.,https://en.wikipedia.org/wiki/Black_rhinoceros,"The country has a tradition of stone sculpture, with artists creating intricate works from serpentine and other local stones.",https://en.wikipedia.org/wiki/Shona_sculpture,,,,,,,,,,,,,,,,,,,,,,,,,,,,,,,,,,,,,,,,,,,,,,,,,,,,,,,,,,,,,,,,,,,,,,,,,,,,,,,,
